,PUtaxi,subwaystation,time
0,12,116,3068
1,12,117,2837
2,12,118,2645.0
3,12,119,2754.0
4,12,120,2400.0
5,12,121,2574
6,12,122,2273
7,12,123,2295
8,12,124,2337
9,12,125,2042.0
10,12,126,2056.0
11,12,127,1926.0
12,12,128,1581
13,12,129,1546
14,12,130,1460.0
15,12,131,1438.0
16,12,132,1310.0
17,12,133,1305
18,12,134,1278.0
19,12,135,1068
20,12,136,866
21,12,137,724
22,12,138,845.0
23,12,139,826.0
24,12,140,583.0
25,12,142,552.0
26,12,224,3601.0
27,12,225,3329.0
28,12,226,3088
29,12,227,3034.0
30,12,228,824.5
31,12,229,558
32,12,230,667.0
33,12,231,1596
34,12,232,1471
35,12,233,1608
36,12,234,1675.0
37,12,235,1771
38,12,236,1947
39,12,237,2209
40,12,238,2386
41,12,239,2444.0
42,12,241,2866.0
43,12,242,2907.0
44,12,248,2878.0
45,12,418,649.0
46,12,419,718.0
47,12,420,500.0
48,12,423,1505.0
49,12,621,3582.0
50,12,622,3310.0
51,12,623,3257
52,12,624,3095
53,12,625,3096
54,12,627,2660
55,12,629,2435
56,12,633,2008.0
57,12,725,1955.0
58,12,902,1962.0
59,12,A24,2047.0
60,12,A25,2211.0
61,12,A33,1483.0
62,12,A34,1067.0
63,12,A36,874.5
64,12,A38,659.0
65,12,A41,1625.0
66,12,A42,1594.0
67,12,B08,2458.0
68,12,D16,1978.0
69,12,D17,1682.0
70,12,D18,1640.0
71,12,D26,2770.0
72,12,E01,737.5
73,12,113,4768.0
74,12,114,4033.0
75,12,220,5691.0
76,12,221,5023.0
77,12,222,4824.0
78,12,243,3414.0
79,12,244,3917.0
80,12,245,4410.0
81,12,249,3356.0
82,12,250,3891.0
83,12,251,4591.0
84,12,252,5149.0
85,12,301,4590.0
86,12,302,4207.0
87,12,414,5396.0
88,12,415,4786.0
89,12,416,4344.0
90,12,616,5787.0
91,12,617,5218.0
92,12,618,4859.0
93,12,619,4364.0
94,12,710,5287.0
95,12,711,5100.0
96,12,712,4924.0
97,12,713,4269.0
98,12,714,3879.0
99,12,A49,3500.0
100,12,A50,4019.0
101,12,A51,4484.0
102,12,B13,4430.0
103,12,D11,5404.0
104,12,D13,4129.0
105,12,D27,3237.0
106,12,D28,3748.0
107,12,D29,4409.0
108,12,D30,4603.0
109,12,F24,2433.0
110,12,F25,2660.0
111,12,F26,4063.0
112,12,F27,4296.0
113,12,G14,5322.0
114,12,G15,4774.0
115,12,G16,4213.0
116,12,J27,4536.0
117,12,J28,4275.0
118,12,J29,3973.0
119,12,J30,3182.0
120,12,J31,2661.0
121,12,L01,1339.0
122,12,L20,4607.0
123,12,L21,4593.0
124,12,L22,4648.0
125,12,M08,3625.0
126,12,M09,3186.0
127,12,M20,1121.0
128,12,M22,676.0
129,12,M23,715.0
130,12,Q01,1071.0
131,12,R11,2503.0
132,12,R15,2257.0
133,12,R16,1839.0
134,12,R17,1667.0
135,12,R18,1759.0
136,12,R19,1703.0
137,12,R20,1877.0
138,12,R23,950.0
139,12,R24,844.0
140,12,R25,716.0
141,12,R26,783.0
142,12,R27,500.0
143,12,R28,1553.0
144,12,R29,1713.0
145,12,R30,1619.0
146,12,R31,1759.0
147,12,S04,2551.0
148,12,112,5340.0
149,12,219,6126.0
150,12,246,4859.0
151,12,247,5317.0
152,12,253,5514.0
153,12,254,5804.0
154,12,413,5961.0
155,12,614,6546.0
156,12,615,5962.0
157,12,708,6232.0
158,12,709,5780.0
159,12,A09,5372.0
160,12,A52,5286.0
161,12,B14,4837.0
162,12,B15,5269.0
163,12,D10,6106.0
164,12,D31,5103.0
165,12,D32,5590.0
166,12,F29,4967.0
167,12,G13,6035.0
168,12,J23,5440.0
169,12,J24,4974.0
170,12,L19,4260.0
171,12,L24,4903.0
172,12,L25,5397.0
173,12,L26,5846.0
174,12,M04,4985.0
175,12,M05,4362.0
176,12,N02,5040.0
177,12,101,10405.0
178,12,103,9982.0
179,12,104,9435.0
180,12,106,9013.0
181,12,107,8339.0
182,12,108,7902.0
183,12,109,7608.0
184,12,110,6745.0
185,12,111,6233.0
186,12,209,11218.0
187,12,210,10738.0
188,12,211,10096.0
189,12,212,9651.0
190,12,213,8807.0
191,12,214,8340.0
192,12,215,7731.0
193,12,216,7312.0
194,12,217,6819.0
195,12,218,6558.0
196,12,255,6102.0
197,12,256,6443.0
198,12,257,6789.0
199,12,402,10318.0
200,12,405,9730.0
201,12,406,8984.0
202,12,407,8519.0
203,12,408,8113.0
204,12,409,7680.0
205,12,410,7197.0
206,12,411,6800.0
207,12,412,6388.0
208,12,504,10938.0
209,12,505,10488.0
210,12,603,11109.0
211,12,604,10534.0
212,12,606,10150.0
213,12,607,9793.0
214,12,608,9228.0
215,12,609,8680.0
216,12,610,8211.0
217,12,611,7896.0
218,12,612,7394.0
219,12,613,6940.0
220,12,701,9364.0
221,12,702,8303.0
222,12,705,7629.0
223,12,706,7135.0
224,12,707,6686.0
225,12,A02,8240.0
226,12,A03,7802.0
227,12,A05,6996.0
228,12,A06,6346.0
229,12,A07,5918.0
230,12,A53,5906.0
231,12,A54,6499.0
232,12,A55,7073.0
233,12,A57,7401.0
234,12,A59,7752.0
235,12,A60,8212.0
236,12,A61,8762.0
237,12,A63,9130.0
238,12,A64,9541.0
239,12,A65,9970.0
240,12,B16,5729.0
241,12,B17,6334.0
242,12,B18,6911.0
243,12,B19,7396.0
244,12,B20,7798.0
245,12,B21,8192.0
246,12,B22,8531.0
247,12,B23,9230.0
248,12,D01,10579.0
249,12,D03,9885.0
250,12,D04,9222.0
251,12,D05,8765.0
252,12,D06,8283.0
253,12,D07,7734.0
254,12,D08,7233.0
255,12,D09,6757.0
256,12,D33,6021.0
257,12,D34,6636.0
258,12,D35,7329.0
259,12,D37,8148.0
260,12,D38,8499.0
261,12,D39,9170.0
262,12,D40,10082.0
263,12,D41,10199.0
264,12,D42,10102.0
265,12,D43,10182.0
266,12,F05,9917.0
267,12,F06,10258.0
268,12,F07,9667.0
269,12,F30,5492.0
270,12,F31,5891.0
271,12,F32,6288.0
272,12,F33,6751.0
273,12,F34,7263.0
274,12,F35,7756.0
275,12,F36,8363.0
276,12,F38,8911.0
277,12,F39,9648.0
278,12,G08,9127.0
279,12,G09,8449.0
280,12,G10,7859.0
281,12,G11,7310.0
282,12,G12,6611.0
283,12,H01,9670.0
284,12,H02,9670.0
285,12,H03,10325.0
286,12,J12,9035.0
287,12,J13,8684.0
288,12,J14,8381.0
289,12,J15,8006.0
290,12,J16,7429.0
291,12,J17,6964.0
292,12,J19,6616.0
293,12,J20,6657.0
294,12,J21,6232.0
295,12,J22,5919.0
296,12,L27,6300.0
297,12,L28,7266.0
298,12,L29,6829.0
299,12,N03,5638.0
300,12,N04,5899.0
301,12,N05,6453.0
302,12,N06,6737.0
303,12,N07,7160.0
304,12,N08,7835.0
305,12,N09,8373.0
306,12,N10,8815.0
307,12,N12,10182.0
308,12,R42,4925.0
309,12,R43,5399.0
310,12,R44,6023.0
311,12,R45,6531.0
312,12,S29,3321.0
313,12,S30,2497.0
314,12,S31,2177.0
315,12,201,13757.0
316,12,204,13287.0
317,12,205,12792.0
318,12,206,12349.0
319,12,207,11989.0
320,12,208,11521.0
321,12,401,10920.0
322,12,501,13895.0
323,12,502,13210.0
324,12,503,12126.0
325,12,601,12011.0
326,12,602,11430.0
327,12,F01,12097.0
328,12,F02,11412.0
329,12,F03,10755.0
330,12,F04,10245.0
331,12,G05,10860.0
332,12,G06,10498.0
333,12,G07,9811.0
334,12,H04,14348.0
335,12,H12,16363.0
336,12,H13,16565.0
337,12,H14,16295.0
338,12,H15,15753.0
339,12,H19,14351.0
340,12,S25,7271.0
341,12,S26,6612.0
342,12,S27,5863.0
343,12,H06,17487.0
344,12,H07,17988.0
345,12,H08,18750.0
346,12,H09,19291.0
347,12,H10,19839.0
348,12,H11,20322.0
349,12,S19,12746.0
350,12,S20,10966.0
351,12,S21,9860.0
352,12,S14,18587.0
353,12,S15,16711.0
354,12,S16,15153.0
355,12,S17,14116.0
356,12,S09,19846.0
357,12,S10,19397.0
358,12,S11,19105.0
359,12,S12,18842.0
360,12,S13,18020.0
361,13,119,2403.0
362,13,127,1575.0
363,13,139,571.0
364,13,140,640.0
365,13,142,560.0
366,13,231,1227.0
367,13,242,2556.0
368,13,420,478.5
369,13,633,1657.0
370,13,725,1604.0
371,13,902,1611.0
372,13,A14,3272.0
373,13,A25,1971.0
374,13,A33,1027.5
375,13,A48,2596.0
376,13,B04,2848.0
377,13,D16,1627.0
378,13,113,4417.0
379,13,114,3682.0
380,13,115,3259.0
381,13,220,5340.0
382,13,221,4672.0
383,13,243,3063.0
384,13,244,3566.0
385,13,245,4059.0
386,13,249,3005.0
387,13,250,3540.0
388,13,251,4220.0
389,13,252,4778.0
390,13,301,4239.0
391,13,415,4435.0
392,13,416,3993.0
393,13,616,5436.0
394,13,617,4867.0
395,13,618,4508.0
396,13,619,4013.0
397,13,710,5181.0
398,13,711,4994.0
399,13,712,4818.0
400,13,713,4245.0
401,13,714,3821.0
402,13,A10,4658.0
403,13,A11,4174.0
404,13,A12,3778.0
405,13,A49,3129.0
406,13,A50,3648.0
407,13,A51,4113.0
408,13,B12,3670.0
409,13,B13,4079.0
410,13,D11,5053.0
411,13,D12,4476.0
412,13,D13,3778.0
413,13,D27,2886.0
414,13,D28,3397.0
415,13,D29,4058.0
416,13,D30,4252.0
417,13,F23,1809.0
418,13,F24,2082.0
419,13,F26,3836.0
420,13,F27,4090.0
421,13,G14,5216.0
422,13,G15,4668.0
423,13,G16,4107.0
424,13,G21,2741.0
425,13,G30,2108
426,13,J27,4165.0
427,13,J28,3904.0
428,13,J29,3867.0
429,13,J30,3401.0
430,13,J31,2880.0
431,13,L16,3593.5
432,13,L17,3925.0
433,13,L20,4602.0
434,13,L21,4222.0
435,13,L22,4277.0
436,13,M06,4257.0
437,13,M08,3844.0
438,13,M09,3405.0
439,13,M18,1267.0
440,13,M23,550.0
441,13,Q01,720.0
442,13,Q03,2352.0
443,13,R08,2948.0
444,13,R09,2622.0
445,13,R15,1921.0
446,13,R16,1488.0
447,13,R18,1408.0
448,13,R19,1352.0
449,13,R20,1468.0
450,13,R26,604.0
451,13,R27,559.0
452,13,R33,1724.0
453,13,R34,2061.0
454,13,R35,2640.0
455,13,R36,2817.0
456,13,R39,3117.0
457,13,112,4989.0
458,13,219,5775.0
459,13,246,4508.0
460,13,247,4966.0
461,13,253,5143.0
462,13,254,5433.0
463,13,413,5610.0
464,13,614,6195.0
465,13,615,5611.0
466,13,708,6126.0
467,13,709,5674.0
468,13,A09,5039.0
469,13,A52,4915.0
470,13,B14,4486.0
471,13,B15,4918.0
472,13,D10,5755.0
473,13,D31,4752.0
474,13,D32,5239.0
475,13,F29,4761.0
476,13,G13,5929.0
477,13,J23,5069.0
478,13,J24,4603.0
479,13,L19,4479.0
480,13,L24,4532.0
481,13,L25,5026.0
482,13,L26,5475.0
483,13,M04,5204.0
484,13,M05,4581.0
485,13,N02,4689.0
486,13,R40,3525.0
487,13,R41,3905.0
488,13,101,10054.0
489,13,103,9631.0
490,13,104,9084.0
491,13,106,8662.0
492,13,107,7988.0
493,13,108,7551.0
494,13,109,7257.0
495,13,110,6394.0
496,13,111,5882.0
497,13,209,10867.0
498,13,210,10387.0
499,13,211,9745.0
500,13,212,9300.0
501,13,213,8456.0
502,13,214,7989.0
503,13,215,7380.0
504,13,216,6961.0
505,13,217,6468.0
506,13,218,6207.0
507,13,255,5731.0
508,13,256,6072.0
509,13,257,6418.0
510,13,402,9967.0
511,13,405,9379.0
512,13,406,8633.0
513,13,407,8168.0
514,13,408,7762.0
515,13,409,7329.0
516,13,410,6846.0
517,13,411,6449.0
518,13,412,6037.0
519,13,504,10587.0
520,13,505,10137.0
521,13,603,10758.0
522,13,604,10183.0
523,13,606,9799.0
524,13,607,9442.0
525,13,608,8877.0
526,13,609,8329.0
527,13,610,7860.0
528,13,611,7545.0
529,13,612,7043.0
530,13,613,6589.0
531,13,701,9258.0
532,13,702,8197.0
533,13,705,7523.0
534,13,706,7029.0
535,13,707,6580.0
536,13,A02,7889.0
537,13,A03,7451.0
538,13,A05,6645.0
539,13,A06,5995.0
540,13,A07,5567.0
541,13,A53,5535.0
542,13,A54,6128.0
543,13,A55,6702.0
544,13,A57,7030.0
545,13,A59,7381.0
546,13,A60,7841.0
547,13,A61,8391.0
548,13,A63,8759.0
549,13,A64,9170.0
550,13,A65,9599.0
551,13,B16,5378.0
552,13,B17,5983.0
553,13,B18,6560.0
554,13,B19,7045.0
555,13,B20,7447.0
556,13,B21,7841.0
557,13,B22,8325.0
558,13,B23,9024.0
559,13,D01,10228.0
560,13,D03,9534.0
561,13,D04,8871.0
562,13,D05,8414.0
563,13,D06,7932.0
564,13,D07,7383.0
565,13,D08,6882.0
566,13,D09,6406.0
567,13,D33,5670.0
568,13,D34,6285.0
569,13,D35,6978.0
570,13,D37,7797.0
571,13,D38,8148.0
572,13,D39,8819.0
573,13,D40,9853.0
574,13,D41,10074.0
575,13,D42,9896.0
576,13,D43,9976.0
577,13,F05,10136.0
578,13,F06,10152.0
579,13,F07,9561.0
580,13,F30,5286.0
581,13,F31,5685.0
582,13,F32,6082.0
583,13,F33,6545.0
584,13,F34,7057.0
585,13,F35,7550.0
586,13,F36,8157.0
587,13,F38,8705.0
588,13,F39,9442.0
589,13,G08,9021.0
590,13,G09,8343.0
591,13,G10,7753.0
592,13,G11,7204.0
593,13,G12,6505.0
594,13,H01,9299.0
595,13,H02,9299.0
596,13,H03,9954.0
597,13,J12,9254.0
598,13,J13,8903.0
599,13,J14,8457.0
600,13,J15,7995.0
601,13,J16,7418.0
602,13,J17,6953.0
603,13,J19,6605.0
604,13,J20,6286.0
605,13,J21,5861.0
606,13,J22,5548.0
607,13,L27,5929.0
608,13,L28,6895.0
609,13,L29,6458.0
610,13,M01,5222.0
611,13,N03,5287.0
612,13,N04,5548.0
613,13,N05,6102.0
614,13,N06,6531.0
615,13,N07,6954.0
616,13,N08,7629.0
617,13,N09,8167.0
618,13,N10,8609.0
619,13,N12,9976.0
620,13,R42,4574.0
621,13,R43,5048.0
622,13,R44,5672.0
623,13,R45,6180.0
624,13,S29,3415.5
625,13,S30,2591.5
626,13,S31,2271.5
627,13,201,13406.0
628,13,204,12936.0
629,13,205,12441.0
630,13,206,11998.0
631,13,207,11638.0
632,13,208,11170.0
633,13,401,10569.0
634,13,501,13544.0
635,13,502,12859.0
636,13,503,11775.0
637,13,601,11660.0
638,13,602,11079.0
639,13,F01,12235.0
640,13,F02,11550.0
641,13,F03,10893.0
642,13,F04,10383.0
643,13,G05,11079.0
644,13,G06,10717.0
645,13,G07,10030.0
646,13,H04,13977.0
647,13,H12,15992.0
648,13,H13,16194.0
649,13,H14,15944.0
650,13,H15,15402.0
651,13,H19,13980.0
652,13,S22,10890.0
653,13,S23,9423.0
654,13,S25,7365.5
655,13,S26,6706.5
656,13,S27,5957.5
657,13,H06,17116.0
658,13,H07,17617.0
659,13,H08,18379.0
660,13,H09,18920.0
661,13,H10,19468.0
662,13,H11,19951.0
663,13,S18,15057.0
664,13,S19,13112.0
665,13,S20,11060.5
666,13,S21,9954.5
667,13,S14,18481.0
668,13,S15,17077.0
669,13,S16,15247.5
670,13,S17,14210.5
671,13,S09,19940.5
672,13,S10,19491.5
673,13,S11,19199.5
674,13,S12,18936.5
675,13,S13,18114.5
676,17,134,2489.0
677,17,242,1483.0
678,17,248,1443.0
679,17,638,1929.0
680,17,A48,819.0
681,17,D26,1397.0
682,17,E01,1879.0
683,17,243,1990.0
684,17,244,2493.0
685,17,245,2986.0
686,17,249,1375.5
687,17,250,1661.5
688,17,251,2443.0
689,17,252,3001.0
690,17,301,5855.0
691,17,302,5463.0
692,17,414,6537.0
693,17,415,5835.0
694,17,416,5393.0
695,17,616,6472.0
696,17,617,5855.0
697,17,618,5496.0
698,17,619,5254.0
699,17,714,3158.0
700,17,715,2906.0
701,17,A11,6176.0
702,17,A12,5780.0
703,17,A49,1352.0
704,17,A50,1871.0
705,17,A51,2336.0
706,17,B13,3792.0
707,17,D11,6547.0
708,17,D12,6425.0
709,17,D13,5780.0
710,17,D27,1864.0
711,17,D28,2375.0
712,17,D29,3036.0
713,17,D30,3230.0
714,17,F24,1672.0
715,17,F26,3047.0
716,17,G15,3988.0
717,17,G16,3427.0
718,17,J27,2388.0
719,17,J28,2075.5
720,17,J29,1851.0
721,17,J30,1625.0
722,17,J31,1257.0
723,17,L17,2330.5
724,17,L20,2825.0
725,17,L21,2445.0
726,17,L22,2500.0
727,17,M08,2249.5
728,17,M09,1810.5
729,17,M23,
730,17,R20,2109.0
731,17,R22,2155.0
732,17,R27,2379.0
733,17,R29,1186.0
734,17,R34,2025.0
735,17,R35,2583.0
736,17,R36,2469.0
737,17,R39,2830.0
738,17,112,6991
739,17,219,6968.0
740,17,246,3435.0
741,17,247,3893.0
742,17,253,3366.0
743,17,254,3656.0
744,17,413,7190.0
745,17,614,7365.0
746,17,615,6756.0
747,17,708,5446.0
748,17,709,4994.0
749,17,A09,7023.0
750,17,A52,3138.0
751,17,B14,4199.0
752,17,B15,4631.0
753,17,D10,7233.0
754,17,D31,3730.0
755,17,D32,4217.0
756,17,F29,4030.0
757,17,G13,5249.0
758,17,J23,3292.0
759,17,J24,2826.0
760,17,L19,2884.5
761,17,L24,2755.0
762,17,L25,3249.0
763,17,L26,3698.0
764,17,M04,3609.5
765,17,M05,2986.5
766,17,N02,4402.0
767,17,R40,3238.0
768,17,R41,3618.0
769,17,101,12056.0
770,17,103,11633.0
771,17,104,11086.0
772,17,106,10664.0
773,17,107,9990.0
774,17,108,9553.0
775,17,109,9259.0
776,17,110,8396.0
777,17,111,7884.0
778,17,209,12108.0
779,17,210,11628.0
780,17,211,10986.0
781,17,212,10541.0
782,17,213,9697.0
783,17,214,9230.0
784,17,215,8621.0
785,17,216,8199.0
786,17,217,7661.0
787,17,218,7400.0
788,17,255,3954.0
789,17,256,4295.0
790,17,257,4641.0
791,17,402,11580.0
792,17,405,10992.0
793,17,406,10246.0
794,17,407,9781.0
795,17,408,9375.0
796,17,409,8942.0
797,17,410,8459.0
798,17,411,8062.0
799,17,412,7642.0
800,17,504,11828.0
801,17,505,11378.0
802,17,603,11951.0
803,17,604,11376.0
804,17,606,10992.0
805,17,607,10635.0
806,17,608,10070.0
807,17,609,9522.0
808,17,610,9053.0
809,17,611,8738.0
810,17,612,8236.0
811,17,613,7782.0
812,17,701,8578.0
813,17,702,7517.0
814,17,705,6843.0
815,17,706,6349.0
816,17,707,5900.0
817,17,A02,9891.0
818,17,A03,9453.0
819,17,A05,8647.0
820,17,A06,7997.0
821,17,A07,7569.0
822,17,A53,3758.0
823,17,A54,4351.0
824,17,A55,4925.0
825,17,A57,5253.0
826,17,A59,5604.0
827,17,A60,6064.0
828,17,A61,6614.0
829,17,A63,6982.0
830,17,A64,7393.0
831,17,A65,7822.0
832,17,B16,5091.0
833,17,B17,5696.0
834,17,B18,6273.0
835,17,B19,6758.0
836,17,B20,7160.0
837,17,B21,7347.0
838,17,B22,7594.0
839,17,B23,8293.0
840,17,D01,11554.0
841,17,D03,11076.0
842,17,D04,10355.0
843,17,D05,9846.0
844,17,D06,9379.0
845,17,D07,8866.0
846,17,D08,8408.0
847,17,D09,7783.0
848,17,D33,4648.0
849,17,D34,5263.0
850,17,D35,5956.0
851,17,D37,6775.0
852,17,D38,7126.0
853,17,D39,7797.0
854,17,D40,8831.0
855,17,D41,9052.0
856,17,D42,9165.0
857,17,D43,9245.0
858,17,F05,8541.5
859,17,F06,9472.0
860,17,F07,8881.0
861,17,F30,4555.0
862,17,F31,4954.0
863,17,F32,5351.0
864,17,F33,5814.0
865,17,F34,6326.0
866,17,F35,6819.0
867,17,F36,7426.0
868,17,F38,7974.0
869,17,F39,8711.0
870,17,G08,8341.0
871,17,G09,7663.0
872,17,G10,7073.0
873,17,G11,6524.0
874,17,G12,5825.0
875,17,H01,7522.0
876,17,H02,7522.0
877,17,H03,8177.0
878,17,J12,7659.5
879,17,J13,7235.0
880,17,J14,6680.0
881,17,J15,6218.0
882,17,J16,5641.0
883,17,J17,5176.0
884,17,J19,4828.0
885,17,J20,4509.0
886,17,J21,4084.0
887,17,J22,3771.0
888,17,L27,4152.0
889,17,L28,5118.0
890,17,L29,4681.0
891,17,M01,4204.0
892,17,N03,5000.0
893,17,N04,5261.0
894,17,N05,5701.0
895,17,N06,5800.0
896,17,N07,6223.0
897,17,N08,6898.0
898,17,N09,7436.0
899,17,N10,7878.0
900,17,N12,9245.0
901,17,R42,4287.0
902,17,R43,4761.0
903,17,R44,5385.0
904,17,R45,5893.0
905,17,S29,4991.0
906,17,S30,4167.0
907,17,S31,3847.0
908,17,201,14647.0
909,17,204,14177.0
910,17,205,13682.0
911,17,206,13239.0
912,17,207,12879.0
913,17,208,12411.0
914,17,401,12182.0
915,17,501,14785.0
916,17,502,14100.0
917,17,503,13016.0
918,17,601,12853.0
919,17,602,12272.0
920,17,F01,10721.5
921,17,F02,10036.5
922,17,F03,9379.5
923,17,F04,8869.5
924,17,G05,9484.5
925,17,G06,9117.0
926,17,G07,8435.5
927,17,H04,12200.0
928,17,H12,14215.0
929,17,H13,14417.0
930,17,H14,14871.0
931,17,H15,14329.0
932,17,H19,12203.0
933,17,S25,8941.0
934,17,S26,8282.0
935,17,S27,7533.0
936,17,H06,15339.0
937,17,H07,15840.0
938,17,H08,16602.0
939,17,H09,17143.0
940,17,H10,17691.0
941,17,H11,18174.0
942,17,S20,12636.0
943,17,S21,11530.0
944,17,S16,16823.0
945,17,S17,15786.0
946,17,S09,21516.0
947,17,S10,21067.0
948,17,S11,20775.0
949,17,S12,20512.0
950,17,S13,19690.0
951,11,242,6656.0
952,11,243,7163.0
953,11,244,7666.0
954,11,245,8159.0
955,11,249,7239.0
956,11,250,8094.0
957,11,251,8633.0
958,11,252,9324.0
959,11,A10,11877.0
960,11,A11,11421.0
961,11,A12,11025.0
962,11,A49,7675.0
963,11,A50,8194.0
964,11,A51,8659.0
965,11,B13,6928.0
966,11,D13,11025.0
967,11,D27,7053.0
968,11,D28,7564.0
969,11,D29,8225.0
970,11,D30,8419.0
971,11,F23,5958.0
972,11,F24,6098.0
973,11,F26,7663.5
974,11,J27,8711.0
975,11,J28,8450.0
976,11,J29,8391.0
977,11,J30,8165.0
978,11,L20,9148.0
979,11,L21,8768.0
980,11,L22,8823.0
981,11,M08,8836.0
982,11,M09,8397.0
983,11,R29,6298.0
984,11,R33,5873.0
985,11,R34,6032.5
986,11,R35,6071.0
987,11,R36,5536.0
988,11,R39,5963.0
989,11,112,12236.0
990,11,246,8608.0
991,11,247,9045.0
992,11,253,9663.0
993,11,254,9979.0
994,11,A09,12268.0
995,11,A52,9461.0
996,11,B14,7335.0
997,11,B15,7767.0
998,11,D31,8919.0
999,11,D32,9406.0
1000,11,F29,7784.0
1001,11,G13,11617.0
1002,11,J23,9615.0
1003,11,J24,9149.0
1004,11,L19,9471.0
1005,11,L24,9078.0
1006,11,L25,9572.0
1007,11,L26,10021.0
1008,11,M04,10196.0
1009,11,N02,7531.0
1010,11,R40,6366.0
1011,11,R41,6747.0
1012,11,101,17301.0
1013,11,103,16878.0
1014,11,104,16331.0
1015,11,106,15909.0
1016,11,107,15235.0
1017,11,108,14798.0
1018,11,109,14504.0
1019,11,110,13641.0
1020,11,111,13129.0
1021,11,211,16594.0
1022,11,212,16149.0
1023,11,213,15305.0
1024,11,214,14838.0
1025,11,215,14229.0
1026,11,216,13807.0
1027,11,217,13269.0
1028,11,218,13008.0
1029,11,255,10277.0
1030,11,256,10618.0
1031,11,257,10964.0
1032,11,406,15854.0
1033,11,407,15389.0
1034,11,408,14983.0
1035,11,409,14550.0
1036,11,410,14067.0
1037,11,411,13670.0
1038,11,412,13250.0
1039,11,504,17436.0
1040,11,505,16986.0
1041,11,603,17559.0
1042,11,604,16984.0
1043,11,606,16600.0
1044,11,607,16243.0
1045,11,608,15678.0
1046,11,609,15130.0
1047,11,610,14661.0
1048,11,611,14346.0
1049,11,612,13844.0
1050,11,613,13390.0
1051,11,706,12717.0
1052,11,707,12268.0
1053,11,A02,15136.0
1054,11,A03,14698.0
1055,11,A05,13892.0
1056,11,A06,13242.0
1057,11,A07,12814.0
1058,11,A53,10081.0
1059,11,A54,10674.0
1060,11,A55,11248.0
1061,11,A57,11576.0
1062,11,A59,11927.0
1063,11,A60,12387.0
1064,11,A61,12937.0
1065,11,A63,13305.0
1066,11,A64,13716.0
1067,11,A65,14145.0
1068,11,B16,8227.0
1069,11,B17,8832.0
1070,11,B18,9409.0
1071,11,B19,9894.0
1072,11,B20,10296.0
1073,11,B21,10690.0
1074,11,B22,11180.0
1075,11,B23,11885.0
1076,11,D01,17162.0
1077,11,D03,16684.0
1078,11,D04,15963.0
1079,11,D05,15454.0
1080,11,D06,14987.0
1081,11,D07,14474.0
1082,11,D08,14016.0
1083,11,D33,9837.0
1084,11,D34,10452.0
1085,11,D35,11145.0
1086,11,D37,11964.0
1087,11,D38,12315.0
1088,11,D39,12973.0
1089,11,D40,13685.0
1090,11,D41,13060.0
1091,11,D42,12937.0
1092,11,D43,12837.0
1093,11,F05,15128.0
1094,11,F06,15840.0
1095,11,F07,15249.0
1096,11,F30,8309.0
1097,11,F31,8708.0
1098,11,F32,9123.0
1099,11,F33,9586.0
1100,11,F34,10100.0
1101,11,F35,10593.0
1102,11,F36,11198.0
1103,11,F38,11746.0
1104,11,F39,12483.0
1105,11,G08,14709.0
1106,11,G09,14031.0
1107,11,G10,13441.0
1108,11,G11,12892.0
1109,11,G12,12193.0
1110,11,H01,13845.0
1111,11,H02,13845.0
1112,11,H03,14500.0
1113,11,J12,14135.0
1114,11,J13,13558.0
1115,11,J14,13003.0
1116,11,J15,12541.0
1117,11,J16,11964.0
1118,11,J17,11499.0
1119,11,J19,11151.0
1120,11,J20,10832.0
1121,11,J21,10407.0
1122,11,J22,10094.0
1123,11,L27,10475.0
1124,11,L28,11250.0
1125,11,L29,10645.0
1126,11,M01,10839.0
1127,11,N03,8129.0
1128,11,N04,8397.0
1129,11,N05,8951.0
1130,11,N06,9416.0
1131,11,N07,9975.0
1132,11,N08,10650.0
1133,11,N09,11188.0
1134,11,N10,11616.0
1135,11,N12,12837.0
1136,11,R42,7423.0
1137,11,R43,7897.0
1138,11,R44,8521.0
1139,11,R45,9029.0
1140,11,201,20255.0
1141,11,204,19785.0
1142,11,205,19290.0
1143,11,206,18847.0
1144,11,207,18487.0
1145,11,208,18019.0
1146,11,401,17790.0
1147,11,501,20393.0
1148,11,502,19708.0
1149,11,503,18624.0
1150,11,601,18461.0
1151,11,602,17880.0
1152,11,F01,17308.0
1153,11,F02,16623.0
1154,11,F03,15966.0
1155,11,F04,15456.0
1156,11,G05,15847.0
1157,11,G06,15440.0
1158,11,G07,14913.0
1159,11,H04,18523.0
1160,11,H12,20538.0
1161,11,H13,20496.0
1162,11,H14,20023.0
1163,11,H15,19481.0
1164,11,H19,18526.0
1165,11,S24,14823.0
1166,11,S27,12902.0
1167,11,H06,21662.0
1168,11,H07,22163.0
1169,11,H08,22925.0
1170,11,H09,23466.0
1171,11,H10,24014.0
1172,11,H11,24497.0
1173,11,S20,18005.0
1174,11,S21,16899.0
1175,11,S16,22192.0
1176,11,S17,21155.0
1177,11,S09,26885.0
1178,11,S10,26436.0
1179,11,S11,26144.0
1180,11,S12,25881.0
1181,11,S13,25059.0
1182,14,134,5836.0
1183,14,135,5472
1184,14,138,5465.0
1185,14,231,4501.0
1186,14,242,4930.0
1187,14,248,4930.0
1188,14,419,5384.0
1189,14,627,7039.0
1190,14,D26,4860.0
1191,14,243,5437.0
1192,14,244,5940.0
1193,14,245,6433.0
1194,14,301,9351.0
1195,14,302,8968.0
1196,14,B12,4270.0
1197,14,B13,4793.0
1198,14,D11,10020.0
1199,14,D12,9588.0
1200,14,D13,8890.0
1201,14,D27,5327.0
1202,14,D28,5838.0
1203,14,D29,6127.0
1204,14,D30,6386.0
1205,14,F18,4572.0
1206,14,F23,3823.0
1207,14,F24,4179.5
1208,14,F25,4128.0
1209,14,F26,5531.0
1210,14,F27,5764.0
1211,14,G16,7756.0
1212,14,J29,6256.0
1213,14,J30,6030.0
1214,14,J31,5754.5
1215,14,L20,7013.0
1216,14,L21,6633.0
1217,14,L22,6688.0
1218,14,M06,7197.0
1219,14,M08,6784.0
1220,14,M09,6345.0
1221,14,M10,5810.0
1222,14,M13,5239.0
1223,14,M23,5492.0
1224,14,R15,6706.0
1225,14,R26,5564.0
1226,14,R33,3738.0
1227,14,R34,3897.5
1228,14,R35,3936.0
1229,14,R36,3401.0
1230,14,R39,3828.0
1231,14,112,10101.0
1232,14,246,6882.0
1233,14,247,7319.0
1234,14,254,7844.0
1235,14,413,10663.0
1236,14,709,9323.0
1237,14,A09,10133.0
1238,14,A52,7326.0
1239,14,B14,5200.0
1240,14,B15,5632.0
1241,14,D10,10706.0
1242,14,D31,6927.0
1243,14,D32,7415.0
1244,14,F29,5649.0
1245,14,G13,9578.0
1246,14,J23,7480.0
1247,14,J24,7014.0
1248,14,L19,7419.0
1249,14,L24,6943.0
1250,14,L25,7437.0
1251,14,L26,7886.0
1252,14,M04,8144.0
1253,14,N02,5396.0
1254,14,R40,4231.0
1255,14,R41,4612.0
1256,14,101,15166.0
1257,14,103,14743.0
1258,14,104,14196.0
1259,14,106,13774.0
1260,14,107,13100.0
1261,14,108,12663.0
1262,14,109,12369.0
1263,14,110,11506.0
1264,14,111,10994.0
1265,14,209,15581.0
1266,14,210,15101.0
1267,14,211,14459.0
1268,14,212,14014.0
1269,14,213,13170.0
1270,14,214,12703.0
1271,14,215,12094.0
1272,14,217,11134.0
1273,14,218,10873.0
1274,14,255,8142.0
1275,14,256,8483.0
1276,14,257,8829.0
1277,14,402,15053.0
1278,14,405,14465.0
1279,14,406,13719.0
1280,14,407,13254.0
1281,14,408,12848.0
1282,14,409,12415.0
1283,14,410,11932.0
1284,14,411,11535.0
1285,14,412,11115.0
1286,14,504,15301.0
1287,14,505,14851.0
1288,14,603,15424.0
1289,14,604,14849.0
1290,14,606,14465.0
1291,14,607,14108.0
1292,14,608,13543.0
1293,14,609,12995.0
1294,14,610,12526.0
1295,14,611,12211.0
1296,14,612,11709.0
1297,14,613,11255.0
1298,14,707,10229.0
1299,14,A02,13001.0
1300,14,A03,12563.0
1301,14,A05,11757.0
1302,14,A06,11107.0
1303,14,A07,10679.0
1304,14,A53,7946.0
1305,14,A54,8539.0
1306,14,A55,9113.0
1307,14,A57,9441.0
1308,14,A59,9792.0
1309,14,A60,10252.0
1310,14,A61,10802.0
1311,14,A63,11170.0
1312,14,A64,11581.0
1313,14,A65,12010.0
1314,14,B16,6092.0
1315,14,B17,6697.0
1316,14,B18,7274.0
1317,14,B19,7759.0
1318,14,B20,8161.0
1319,14,B21,8555.0
1320,14,B22,9045.0
1321,14,B23,9750.0
1322,14,D01,15027.0
1323,14,D03,14549.0
1324,14,D04,13828.0
1325,14,D05,13319.0
1326,14,D06,12852.0
1327,14,D07,12339.0
1328,14,D08,11881.0
1329,14,D09,11256.0
1330,14,D33,7729.0
1331,14,D34,8393.0
1332,14,D35,9113.0
1333,14,D37,9937.0
1334,14,D38,10279.0
1335,14,D39,10838.0
1336,14,D40,11550.0
1337,14,D41,10925.0
1338,14,D42,10802.0
1339,14,D43,10702.0
1340,14,F05,13076.0
1341,14,F06,13801.0
1342,14,F07,13210.0
1343,14,F30,6174.0
1344,14,F31,6573.0
1345,14,F32,6988.0
1346,14,F33,7451.0
1347,14,F34,7965.0
1348,14,F35,8458.0
1349,14,F36,9063.0
1350,14,F38,9611.0
1351,14,F39,10348.0
1352,14,G08,12670.0
1353,14,G09,11992.0
1354,14,G10,11402.0
1355,14,G11,10853.0
1356,14,G12,10154.0
1357,14,H01,11710.0
1358,14,H02,11710.0
1359,14,H03,12365.0
1360,14,J12,12000.0
1361,14,J13,11423.0
1362,14,J14,10868.0
1363,14,J15,10406.0
1364,14,J16,9829.0
1365,14,J17,9364.0
1366,14,J19,9016.0
1367,14,J20,8697.0
1368,14,J21,8272.0
1369,14,J22,7959.0
1370,14,L27,8340.0
1371,14,L28,9306.0
1372,14,L29,8869.0
1373,14,N03,5994.0
1374,14,N04,6262.0
1375,14,N05,6816.0
1376,14,N06,7281.0
1377,14,N07,7840.0
1378,14,N08,8515.0
1379,14,N09,9053.0
1380,14,N10,9481.0
1381,14,N12,10702.0
1382,14,R42,5288.0
1383,14,R43,5762.0
1384,14,R44,6386.0
1385,14,R45,6894.0
1386,14,S29,8225.0
1387,14,S30,7401.0
1388,14,S31,7081.0
1389,14,201,18120.0
1390,14,204,17650.0
1391,14,205,17155.0
1392,14,206,16712.0
1393,14,207,16352.0
1394,14,208,15884.0
1395,14,401,15655.0
1396,14,501,18258.0
1397,14,502,17573.0
1398,14,503,16489.0
1399,14,601,16326.0
1400,14,602,15745.0
1401,14,F01,15222.0
1402,14,F02,14529.0
1403,14,F03,13850.0
1404,14,F04,13362.0
1405,14,G05,13712.0
1406,14,G06,13305.0
1407,14,G07,12778.0
1408,14,H04,16388.0
1409,14,H12,18403.0
1410,14,H13,18605.0
1411,14,H14,18297.0
1412,14,H15,17755.0
1413,14,H19,16391.0
1414,14,S25,12175.0
1415,14,S26,11516.0
1416,14,S27,10767.0
1417,14,H06,19527.0
1418,14,H07,20028.0
1419,14,H08,20790.0
1420,14,H09,21331.0
1421,14,H10,21879.0
1422,14,H11,22362.0
1423,14,S19,16919.0
1424,14,S20,15870.0
1425,14,S21,14764.0
1426,14,S15,20884.0
1427,14,S16,20057.0
1428,14,S17,19020.0
1429,14,S09,24750.0
1430,14,S10,24301.0
1431,14,S11,24009.0
1432,14,S12,23746.0
1433,14,S13,22924.0
1434,18,119,7632.0
1435,18,127,8706.0
1436,18,242,11626.0
1437,18,725,8733.0
1438,18,902,8722.0
1439,18,A14,7497.0
1440,18,A25,8469.0
1441,18,B04,8832.0
1442,18,D16,8788.0
1443,18,113,8959.0
1444,18,114,8224.0
1445,18,115,7801.0
1446,18,220,8855.0
1447,18,221,8187.0
1448,18,243,12133.0
1449,18,244,12636.0
1450,18,245,13129.0
1451,18,251,12930.0
1452,18,301,8182.0
1453,18,616,8951.0
1454,18,617,8382.0
1455,18,618,8023.0
1456,18,710,11165.0
1457,18,711,10978.0
1458,18,712,10802.0
1459,18,713,10420.0
1460,18,714,9996.0
1461,18,A10,9036.0
1462,18,A11,8552.0
1463,18,A12,8069.0
1464,18,A49,11839.0
1465,18,A50,12358.0
1466,18,A51,12823.0
1467,18,D12,8690.0
1468,18,D13,8069.0
1469,18,D27,11956.0
1470,18,D28,12467.0
1471,18,D29,13128.0
1472,18,D30,13322.0
1473,18,F24,11152.0
1474,18,F26,12753.0
1475,18,F27,12986.0
1476,18,G14,11200.0
1477,18,G15,10652.0
1478,18,G16,10091.0
1479,18,J27,12875.0
1480,18,J28,12614.0
1481,18,J29,12312.0
1482,18,J30,11847.0
1483,18,L20,13312.0
1484,18,L21,12932.0
1485,18,L22,12987.0
1486,18,M09,11960.0
1487,18,M23,9899.0
1488,18,R15,8540.0
1489,18,R16,8681.0
1490,18,R19,9041.0
1491,18,R20,9162.0
1492,18,R26,9935.0
1493,18,112,9441.0
1494,18,219,9290.0
1495,18,246,13578.0
1496,18,247,14036.0
1497,18,253,13853.0
1498,18,254,14143.0
1499,18,413,9517.0
1500,18,614,9710.0
1501,18,615,9126.0
1502,18,708,12110.0
1503,18,709,11658.0
1504,18,A09,9429.0
1505,18,A52,13625.0
1506,18,B14,13556.0
1507,18,B15,13988.0
1508,18,D31,13822.0
1509,18,D32,14309.0
1510,18,F29,13657.0
1511,18,G13,11913.0
1512,18,J23,13779.0
1513,18,J24,13313.0
1514,18,L19,13034.0
1515,18,L24,13242.0
1516,18,L25,13736.0
1517,18,L26,14185.0
1518,18,M04,13759.0
1519,18,N02,13759.0
1520,18,R40,12595.0
1521,18,R41,12975.0
1522,18,101,14353.0
1523,18,103,13930.0
1524,18,104,13383.0
1525,18,106,12961.0
1526,18,107,12287.0
1527,18,108,11850.0
1528,18,109,11668.0
1529,18,110,10807.0
1530,18,111,10295.0
1531,18,209,14382.0
1532,18,210,13902.0
1533,18,211,13260.0
1534,18,212,12815.0
1535,18,213,11971.0
1536,18,214,11504.0
1537,18,215,10895.0
1538,18,216,10476.0
1539,18,217,9983.0
1540,18,218,9722.0
1541,18,255,14441.0
1542,18,256,14782.0
1543,18,257,15128.0
1544,18,402,13907.0
1545,18,405,13319.0
1546,18,406,12573.0
1547,18,407,12108.0
1548,18,408,11702.0
1549,18,409,11269.0
1550,18,410,10786.0
1551,18,411,10389.0
1552,18,412,9969.0
1553,18,504,14102.0
1554,18,505,13652.0
1555,18,603,14273.0
1556,18,604,13698.0
1557,18,606,13314.0
1558,18,607,12957.0
1559,18,608,12392.0
1560,18,609,11844.0
1561,18,610,11375.0
1562,18,611,11060.0
1563,18,612,10558.0
1564,18,613,10104.0
1565,18,701,15242.0
1566,18,702,14181.0
1567,18,705,13507.0
1568,18,706,13013.0
1569,18,707,12564.0
1570,18,A02,12188.0
1571,18,A03,11889.0
1572,18,A05,11142.0
1573,18,A06,10496.0
1574,18,A07,10068.0
1575,18,A53,14245.0
1576,18,A54,14838.0
1577,18,A55,15412.0
1578,18,A57,15740.0
1579,18,A59,16091.0
1580,18,A60,16551.0
1581,18,A61,17101.0
1582,18,A63,17469.0
1583,18,A64,17880.0
1584,18,A65,18309.0
1585,18,B16,14448.0
1586,18,B17,15053.0
1587,18,B18,15630.0
1588,18,B19,16115.0
1589,18,B20,16517.0
1590,18,B21,16911.0
1591,18,B22,17221.0
1592,18,B23,17920.0
1593,18,D01,13828.0
1594,18,D03,13350.0
1595,18,D04,12629.0
1596,18,D05,12120.0
1597,18,D06,11653.0
1598,18,D07,11140.0
1599,18,D08,10682.0
1600,18,D09,10057.0
1601,18,D33,14740.0
1602,18,D34,15355.0
1603,18,D35,16048.0
1604,18,D37,16867.0
1605,18,D38,17218.0
1606,18,D39,17889.0
1607,18,D40,18772.0
1608,18,D41,18889.0
1609,18,D42,18792.0
1610,18,D43,18872.0
1611,18,F05,17027.0
1612,18,F06,16136.0
1613,18,F07,15545.0
1614,18,F30,14182.0
1615,18,F31,14581.0
1616,18,F32,14978.0
1617,18,F33,15441.0
1618,18,F34,15953.0
1619,18,F35,16446.0
1620,18,F36,17053.0
1621,18,F38,17601.0
1622,18,F39,18338.0
1623,18,G08,15005.0
1624,18,G09,14327.0
1625,18,G10,13737.0
1626,18,G11,13188.0
1627,18,G12,12489.0
1628,18,H01,18009.0
1629,18,H02,18009.0
1630,18,H03,18664.0
1631,18,J12,17809.0
1632,18,J13,17458.0
1633,18,J14,17155.0
1634,18,J15,16705.0
1635,18,J16,16128.0
1636,18,J17,15663.0
1637,18,J19,15315.0
1638,18,J20,14996.0
1639,18,J21,14571.0
1640,18,J22,14258.0
1641,18,L27,14639.0
1642,18,L28,15605.0
1643,18,L29,15168.0
1644,18,M01,13248
1645,18,N03,14357.0
1646,18,N04,14618.0
1647,18,N05,15172.0
1648,18,N06,15427.0
1649,18,N07,15850.0
1650,18,N08,16525.0
1651,18,N09,17063.0
1652,18,N10,17505.0
1653,18,N12,18872.0
1654,18,R42,13644.0
1655,18,R43,14118.0
1656,18,R44,14742.0
1657,18,R45,15250.0
1658,18,S29,12431.0
1659,18,S30,11607.0
1660,18,S31,11287.0
1661,18,201,16921.0
1662,18,204,16451.0
1663,18,205,15956.0
1664,18,206,15513.0
1665,18,207,15153.0
1666,18,208,14685.0
1667,18,401,14509.0
1668,18,501,17059.0
1669,18,502,16374.0
1670,18,503,15290.0
1671,18,601,15175.0
1672,18,602,14594.0
1673,18,F01,20261.0
1674,18,F02,19576.0
1675,18,F03,18919.0
1676,18,F04,18409.0
1677,18,G05,19634.0
1678,18,G06,19272.0
1679,18,G07,18585.0
1680,18,H04,22687.0
1681,18,H12,24702.0
1682,18,H13,24904.0
1683,18,H14,25014.0
1684,18,H15,24472.0
1685,18,H19,22690.0
1686,18,S25,16381.0
1687,18,S26,15722.0
1688,18,S27,14973.0
1689,18,H06,25826.0
1690,18,H07,26327.0
1691,18,H08,27089.0
1692,18,H09,27630.0
1693,18,H10,28178.0
1694,18,H11,28661.0
1695,18,S20,20076.0
1696,18,S21,18970.0
1697,18,S16,24263.0
1698,18,S17,23226.0
1699,18,S09,28956.0
1700,18,S10,28507.0
1701,18,S11,28215.0
1702,18,S12,27952.0
1703,18,S13,27130.0
1704,20,119,6582.0
1705,20,124,7111.0
1706,20,127,7531.0
1707,20,621,5584.0
1708,20,725,7558.0
1709,20,902,7547.0
1710,20,A14,6342.0
1711,20,A15,5848.0
1712,20,A25,7504.0
1713,20,A48,10131.0
1714,20,D16,7613.0
1715,20,D17,7663.0
1716,20,113,7883.0
1717,20,114,7168.0
1718,20,115,6745.0
1719,20,220,7680.0
1720,20,221,7012.0
1721,20,250,11083.0
1722,20,251,11755.0
1723,20,252,12313.0
1724,20,301,7007.0
1725,20,302,6615.0
1726,20,414,7689.0
1727,20,415,6941.0
1728,20,416,6514.0
1729,20,616,7776.0
1730,20,617,7207.0
1731,20,618,6848.0
1732,20,619,6353.0
1733,20,712,9627.0
1734,20,713,9245.0
1735,20,714,8821.0
1736,20,A10,7881.0
1737,20,A11,7397.0
1738,20,A12,6914.0
1739,20,A49,10664.0
1740,20,A50,11183.0
1741,20,A51,11648.0
1742,20,B13,11974.0
1743,20,D11,7699.0
1744,20,D12,7535.0
1745,20,D13,6914.0
1746,20,D28,11292.0
1747,20,D29,11953.0
1748,20,D30,12147.0
1749,20,F24,9977.0
1750,20,F26,11578.0
1751,20,G14,10025.0
1752,20,G15,9477.0
1753,20,G16,8916.0
1754,20,J27,11700.0
1755,20,J28,11439.0
1756,20,J29,11137.0
1757,20,L03,7913.0
1758,20,L21,11757.0
1759,20,L22,11812.0
1760,20,M23,8837.0
1761,20,R15,7434.0
1762,20,R16,7506.0
1763,20,R17,7677.0
1764,20,R18,7742.0
1765,20,R19,7914.0
1766,20,R20,7987.0
1767,20,R26,8873.0
1768,20,R39,11012.0
1769,20,112,8286.0
1770,20,219,8115.0
1771,20,246,12403.0
1772,20,247,12861.0
1773,20,253,12678.0
1774,20,254,12968.0
1775,20,413,8342.0
1776,20,614,8535.0
1777,20,615,7951.0
1778,20,708,10935.0
1779,20,709,10483.0
1780,20,A09,8274.0
1781,20,A52,12450.0
1782,20,B14,12381.0
1783,20,B15,12813.0
1784,20,D10,8385.0
1785,20,D31,12647.0
1786,20,D32,13134.0
1787,20,F29,12482.0
1788,20,G13,10738.0
1789,20,J23,12604.0
1790,20,J24,12138.0
1791,20,L24,12067.0
1792,20,L25,12561.0
1793,20,L26,13010.0
1794,20,N02,12584.0
1795,20,R40,11420.0
1796,20,R41,11800.0
1797,20,101,13198.0
1798,20,103,12775.0
1799,20,104,12228.0
1800,20,106,11806.0
1801,20,107,11132.0
1802,20,108,10695.0
1803,20,109,10513.0
1804,20,110,9652.0
1805,20,111,9140.0
1806,20,209,13207.0
1807,20,210,12727.0
1808,20,211,12085.0
1809,20,212,11640.0
1810,20,213,10796.0
1811,20,214,10329.0
1812,20,215,9720.0
1813,20,216,9301.0
1814,20,217,8808.0
1815,20,218,8547.0
1816,20,255,13266.0
1817,20,256,13607.0
1818,20,257,13953.0
1819,20,402,12732.0
1820,20,405,12144.0
1821,20,406,11398.0
1822,20,407,10933.0
1823,20,408,10527.0
1824,20,409,10094.0
1825,20,410,9611.0
1826,20,411,9214.0
1827,20,412,8794.0
1828,20,504,12927.0
1829,20,505,12477.0
1830,20,603,13098.0
1831,20,604,12523.0
1832,20,606,12139.0
1833,20,607,11782.0
1834,20,608,11217.0
1835,20,609,10669.0
1836,20,610,10200.0
1837,20,611,9885.0
1838,20,612,9383.0
1839,20,613,8929.0
1840,20,701,14067.0
1841,20,702,13006.0
1842,20,705,12332.0
1843,20,706,11838.0
1844,20,707,11389.0
1845,20,A02,11033.0
1846,20,A03,10734.0
1847,20,A05,9987.0
1848,20,A06,9341.0
1849,20,A07,8913.0
1850,20,A53,13070.0
1851,20,A54,13663.0
1852,20,A55,14237.0
1853,20,A57,14565.0
1854,20,A59,14916.0
1855,20,A60,15376.0
1856,20,A61,15926.0
1857,20,A63,16294.0
1858,20,A64,16705.0
1859,20,A65,17134.0
1860,20,B16,13273.0
1861,20,B17,13878.0
1862,20,B18,14455.0
1863,20,B19,14940.0
1864,20,B20,15342.0
1865,20,B21,15736.0
1866,20,B22,16046.0
1867,20,B23,16745.0
1868,20,D01,12653.0
1869,20,D03,12175.0
1870,20,D04,11454.0
1871,20,D05,10945.0
1872,20,D06,10478.0
1873,20,D07,9965.0
1874,20,D08,9507.0
1875,20,D09,8882.0
1876,20,D33,13565.0
1877,20,D34,14180.0
1878,20,D35,14873.0
1879,20,D37,15692.0
1880,20,D38,16043.0
1881,20,D39,16714.0
1882,20,D40,17597.0
1883,20,D41,17714.0
1884,20,D42,17617.0
1885,20,D43,17697.0
1886,20,F05,15852.0
1887,20,F06,14961.0
1888,20,F07,14370.0
1889,20,F30,13007.0
1890,20,F31,13406.0
1891,20,F32,13803.0
1892,20,F33,14266.0
1893,20,F34,14778.0
1894,20,F35,15271.0
1895,20,F36,15878.0
1896,20,F38,16426.0
1897,20,F39,17163.0
1898,20,G08,13830.0
1899,20,G09,13152.0
1900,20,G10,12562.0
1901,20,G11,12013.0
1902,20,G12,11314.0
1903,20,H01,16834.0
1904,20,H02,16834.0
1905,20,H03,17489.0
1906,20,J14,15980.0
1907,20,J15,15530.0
1908,20,J16,14953.0
1909,20,J17,14488.0
1910,20,J19,14140.0
1911,20,J20,13821.0
1912,20,J21,13396.0
1913,20,J22,13083.0
1914,20,L27,13464.0
1915,20,L28,14430.0
1916,20,L29,13993.0
1917,20,N03,13182.0
1918,20,N04,13443.0
1919,20,N05,13997.0
1920,20,N06,14252.0
1921,20,N07,14675.0
1922,20,N08,15350.0
1923,20,N09,15888.0
1924,20,N10,16330.0
1925,20,N12,17697.0
1926,20,R42,12469.0
1927,20,R43,12943.0
1928,20,R44,13567.0
1929,20,R45,14075.0
1930,20,S31,10225.0
1931,20,201,15746.0
1932,20,204,15276.0
1933,20,205,14781.0
1934,20,206,14338.0
1935,20,207,13978.0
1936,20,208,13510.0
1937,20,401,13334.0
1938,20,501,15884.0
1939,20,502,15199.0
1940,20,503,14115.0
1941,20,601,14000.0
1942,20,602,13419.0
1943,20,F04,17234.0
1944,20,G06,18097.0
1945,20,G07,17410.0
1946,20,H04,21512.0
1947,20,H12,23527.0
1948,20,H13,23729.0
1949,20,H14,23839.0
1950,20,H15,23297.0
1951,20,H19,21515.0
1952,20,S25,15319.0
1953,20,S26,14660.0
1954,20,S27,13911.0
1955,20,H06,24651.0
1956,20,H07,25152.0
1957,20,H08,25914.0
1958,20,H09,26455.0
1959,20,H10,27003.0
1960,20,H11,27486.0
1961,20,S20,19014.0
1962,20,S21,17908.0
1963,20,S15,24925.0
1964,20,S16,23201.0
1965,20,S17,22164.0
1966,20,S09,27894.0
1967,20,S10,27445.0
1968,20,S11,27153.0
1969,20,S12,26890.0
1970,20,S13,26068.0
1971,15,119,13721.0
1972,15,127,12949.0
1973,15,140,13965.0
1974,15,142,
1975,15,242,14678.0
1976,15,248,14649.0
1977,15,621,13468.0
1978,15,639,13510.0
1979,15,725,12976.0
1980,15,902,12965.0
1981,15,A14,14371.0
1982,15,A25,12920.0
1983,15,A33,13466.0
1984,15,A48,14029.0
1985,15,B04,11743.0
1986,15,D16,12881.0
1987,15,D26,14592.0
1988,15,113,15840.0
1989,15,114,15105.0
1990,15,115,14682.0
1991,15,220,15690.0
1992,15,221,15052.0
1993,15,222,15026.0
1994,15,243,15185.0
1995,15,244,15688.0
1996,15,245,16181.0
1997,15,249,14601.0
1998,15,250,14981.0
1999,15,251,15653.0
2000,15,252,16211.0
2001,15,301,14994.0
2002,15,302,14602.0
2003,15,414,15676.0
2004,15,415,14974.0
2005,15,416,14532.0
2006,15,616,15629.0
2007,15,617,15012.0
2008,15,618,14653.0
2009,15,619,14393.0
2010,15,710,12793.0
2011,15,711,12619.0
2012,15,712,12450.0
2013,15,713,12363.0
2014,15,714,12442.0
2015,15,A10,15910.0
2016,15,A11,15426.0
2017,15,A12,14943.0
2018,15,A49,14562.0
2019,15,A50,15081.0
2020,15,A51,15546.0
2021,15,B13,16641.0
2022,15,D11,15686.0
2023,15,D12,15564.0
2024,15,D13,14943.0
2025,15,D27,15059.0
2026,15,D28,15570.0
2027,15,D29,16231.0
2028,15,D30,16425.0
2029,15,F24,14521.0
2030,15,F25,14472.0
2031,15,F26,15875.0
2032,15,F27,16108.0
2033,15,G14,12828.0
2034,15,G15,12293.0
2035,15,G16,11732.0
2036,15,J27,15598.0
2037,15,J28,15337.0
2038,15,J29,14990.0
2039,15,J30,14525.0
2040,15,J31,14020.0
2041,15,L11,12602.0
2042,15,L16,
2043,15,L17,
2044,15,L20,16035.0
2045,15,L21,15655.0
2046,15,L22,15710.0
2047,15,M06,
2048,15,M08,
2049,15,M09,
2050,15,M18,13556
2051,15,M23,14158.0
2052,15,R08,11481.0
2053,15,R15,12846.0
2054,15,R16,12924.0
2055,15,R18,13019.0
2056,15,R19,13050.0
2057,15,R20,13123.0
2058,15,R26,
2059,15,R27,14040.0
2060,15,R35,15302.0
2061,15,R36,15374.0
2062,15,R39,15679.0
2063,15,112,16315.0
2064,15,219,16125.0
2065,15,246,16630.0
2066,15,247,17088.0
2067,15,253,16576.0
2068,15,254,16866.0
2069,15,413,16329.0
2070,15,614,16522.0
2071,15,615,15913.0
2072,15,708,13738.0
2073,15,709,13286.0
2074,15,A09,16303.0
2075,15,A52,16348.0
2076,15,B14,17048.0
2077,15,B15,17480.0
2078,15,D10,16372.0
2079,15,D31,16925.0
2080,15,D32,17412.0
2081,15,F29,16779.0
2082,15,G13,13541.0
2083,15,J23,16502.0
2084,15,J24,16036.0
2085,15,L19,
2086,15,L24,15965.0
2087,15,L25,16459.0
2088,15,L26,16908.0
2089,15,M04,
2090,15,M05,
2091,15,N02,17251.0
2092,15,R40,16087.0
2093,15,R41,16467.0
2094,15,101,21227.0
2095,15,103,20804.0
2096,15,104,20257.0
2097,15,106,19835.0
2098,15,107,19161.0
2099,15,108,18724.0
2100,15,109,18542.0
2101,15,110,17681.0
2102,15,111,17169.0
2103,15,209,21247.0
2104,15,210,20767.0
2105,15,211,20125.0
2106,15,212,19680.0
2107,15,213,18836.0
2108,15,214,18369.0
2109,15,215,17760.0
2110,15,216,17341.0
2111,15,217,16818.0
2112,15,218,16557.0
2113,15,255,17164.0
2114,15,256,17505.0
2115,15,257,17851.0
2116,15,402,20719.0
2117,15,405,20131.0
2118,15,406,19385.0
2119,15,407,18920.0
2120,15,408,18514.0
2121,15,409,18081.0
2122,15,410,17598.0
2123,15,411,17201.0
2124,15,412,16781.0
2125,15,504,20967.0
2126,15,505,20517.0
2127,15,603,21108.0
2128,15,604,20533.0
2129,15,606,20149.0
2130,15,607,19792.0
2131,15,608,19227.0
2132,15,609,18679.0
2133,15,610,18210.0
2134,15,611,17895.0
2135,15,612,17393.0
2136,15,613,16939.0
2137,15,701,16466.0
2138,15,702,15404.0
2139,15,705,14815.0
2140,15,706,14562.0
2141,15,707,14183.0
2142,15,A02,19062.0
2143,15,A03,18763.0
2144,15,A05,18016.0
2145,15,A06,17370.0
2146,15,A07,16942.0
2147,15,A53,16968.0
2148,15,A54,17561.0
2149,15,A55,18135.0
2150,15,A57,18463.0
2151,15,A59,18814.0
2152,15,A60,19274.0
2153,15,A61,19824.0
2154,15,A63,20192.0
2155,15,A64,20603.0
2156,15,A65,21032.0
2157,15,B16,17940.0
2158,15,B17,18545.0
2159,15,B18,19122.0
2160,15,B19,19607.0
2161,15,B20,19925.0
2162,15,B21,20096.0
2163,15,B22,20343.0
2164,15,B23,21042.0
2165,15,D01,20693.0
2166,15,D03,20215.0
2167,15,D04,19494.0
2168,15,D05,18985.0
2169,15,D06,18518.0
2170,15,D07,18005.0
2171,15,D08,17547.0
2172,15,D09,16922.0
2173,15,D33,17843.0
2174,15,D34,18458.0
2175,15,D35,19151.0
2176,15,D37,19970.0
2177,15,D38,20321.0
2178,15,D39,20992.0
2179,15,D40,21894.0
2180,15,D41,22011.0
2181,15,D42,21914.0
2182,15,D43,21994.0
2183,15,F05,18655.0
2184,15,F06,17764.0
2185,15,F07,17173.0
2186,15,F30,17304.0
2187,15,F31,17703.0
2188,15,F32,18100.0
2189,15,F33,18563.0
2190,15,F34,19075.0
2191,15,F35,19568.0
2192,15,F36,20175.0
2193,15,F38,20723.0
2194,15,F39,21460.0
2195,15,G08,16633.0
2196,15,G09,15955.0
2197,15,G10,15365.0
2198,15,G11,14816.0
2199,15,G12,14117.0
2200,15,H01,20732.0
2201,15,H02,20732.0
2202,15,H03,21387.0
2203,15,J12,20463.0
2204,15,J13,20112.0
2205,15,J14,19809.0
2206,15,J15,19428.0
2207,15,J16,18851.0
2208,15,J17,18386.0
2209,15,J19,18038.0
2210,15,J20,17719.0
2211,15,J21,17294.0
2212,15,J22,16981.0
2213,15,L27,17362.0
2214,15,L28,18328.0
2215,15,L29,17891.0
2216,15,M01,15952.0
2217,15,N03,17849.0
2218,15,N04,18110.0
2219,15,N05,18450.0
2220,15,N06,18549.0
2221,15,N07,18972.0
2222,15,N08,19647.0
2223,15,N09,20185.0
2224,15,N10,20627.0
2225,15,N12,21994.0
2226,15,R42,17136.0
2227,15,R43,17610.0
2228,15,R44,18234.0
2229,15,R45,18742.0
2230,15,S29,16652.0
2231,15,S30,15828.0
2232,15,S31,15508.0
2233,15,201,23786.0
2234,15,204,23316.0
2235,15,205,22821.0
2236,15,206,22378.0
2237,15,207,22018.0
2238,15,208,21550.0
2239,15,401,21321.0
2240,15,501,23924.0
2241,15,502,23239.0
2242,15,503,22155.0
2243,15,601,22010.0
2244,15,602,21429.0
2245,15,F01,
2246,15,F02,
2247,15,F03,
2248,15,F04,
2249,15,G05,22288.0
2250,15,G06,21926.0
2251,15,G07,21239.0
2252,15,H04,25410.0
2253,15,H12,27425.0
2254,15,H13,27627.0
2255,15,H14,28066.0
2256,15,H15,27524.0
2257,15,H19,25413.0
2258,15,S25,20602.0
2259,15,S26,19943.0
2260,15,S27,19194.0
2261,15,H06,28549.0
2262,15,H07,29050.0
2263,15,H08,29812.0
2264,15,H09,30353.0
2265,15,H10,30901.0
2266,15,H11,31384.0
2267,15,S18,28667.0
2268,15,S19,26229.0
2269,15,S20,24297.0
2270,15,S21,23191.0
2271,15,S14,32091.0
2272,15,S15,30194.0
2273,15,S16,28484.0
2274,15,S17,27447.0
2275,15,S09,33177.0
2276,15,S10,32728.0
2277,15,S11,32436.0
2278,15,S12,32173.0
2279,15,S13,31351.0
2280,16,119,13296.0
2281,16,124,12739.0
2282,16,127,12524.0
2283,16,137,13469
2284,16,139,13966.0
2285,16,140,13540.0
2286,16,142,
2287,16,224,13571.0
2288,16,225,13275.0
2289,16,229,13379.0
2290,16,230,
2291,16,241,14185.0
2292,16,242,14226.0
2293,16,248,14197.0
2294,16,420,
2295,16,633,12503.0
2296,16,638,12918.0
2297,16,716,11580.0
2298,16,718,11299.0
2299,16,725,12551.0
2300,16,901,12337.0
2301,16,902,12540.0
2302,16,A14,13946.0
2303,16,A16,13263
2304,16,A18,13136
2305,16,A24,12506.0
2306,16,A25,12495.0
2307,16,A27,12575.0
2308,16,A33,13041.0
2309,16,A36,
2310,16,A42,13481
2311,16,A48,13577.0
2312,16,B04,11286.0
2313,16,D15,12453.0
2314,16,D16,12456.0
2315,16,D17,12617.0
2316,16,D26,14140.0
2317,16,E01,13452.0
2318,16,F09,11343.0
2319,16,113,15415.0
2320,16,114,14680.0
2321,16,115,14257.0
2322,16,220,15265.0
2323,16,221,14627.0
2324,16,222,14601.0
2325,16,243,14733.0
2326,16,244,15236.0
2327,16,245,15729.0
2328,16,249,14149.0
2329,16,250,14529.0
2330,16,251,15201.0
2331,16,252,15759.0
2332,16,301,14569.0
2333,16,302,14177.0
2334,16,414,15251.0
2335,16,415,14549.0
2336,16,416,14107.0
2337,16,616,15204.0
2338,16,617,14587.0
2339,16,618,14228.0
2340,16,619,13968.0
2341,16,710,12389.0
2342,16,711,12202.0
2343,16,712,12026.0
2344,16,713,11961.0
2345,16,714,11915.0
2346,16,715,11895
2347,16,A10,15485.0
2348,16,A11,15001.0
2349,16,A12,14518.0
2350,16,A49,14110.0
2351,16,A50,14629.0
2352,16,A51,15094.0
2353,16,B13,16189.0
2354,16,D11,15261.0
2355,16,D12,15139.0
2356,16,D13,14518.0
2357,16,D27,14607.0
2358,16,D28,15118.0
2359,16,D29,15779.0
2360,16,D30,15973.0
2361,16,F15,13062
2362,16,F23,14036.0
2363,16,F24,14069.0
2364,16,F25,14020.0
2365,16,F26,15423.0
2366,16,F27,15656.0
2367,16,G14,12424.0
2368,16,G15,11876.0
2369,16,G16,11315.0
2370,16,G21,11324.0
2371,16,J27,15146.0
2372,16,J28,14885.0
2373,16,J29,14538.0
2374,16,J30,14073.0
2375,16,J31,13568.0
2376,16,L14,13130
2377,16,L16,
2378,16,L17,
2379,16,L20,15583.0
2380,16,L21,15203.0
2381,16,L22,15258.0
2382,16,M06,
2383,16,M08,
2384,16,M09,
2385,16,M18,13098.0
2386,16,M22,13464.0
2387,16,M23,13733.0
2388,16,R08,11056.0
2389,16,R09,11299.0
2390,16,R14,12371.0
2391,16,R15,12421.0
2392,16,R16,12499.0
2393,16,R17,12631.0
2394,16,R18,12594.0
2395,16,R19,12625.0
2396,16,R20,12698.0
2397,16,R25,13588.0
2398,16,R26,
2399,16,R27,13615.0
2400,16,R29,13344.0
2401,16,R33,13951.0
2402,16,R34,14302.0
2403,16,R35,14850.0
2404,16,R36,14922.0
2405,16,R39,15227.0
2406,16,112,15890.0
2407,16,219,15700.0
2408,16,246,16178.0
2409,16,247,16636.0
2410,16,253,16124.0
2411,16,254,16414.0
2412,16,413,15904.0
2413,16,614,16097.0
2414,16,615,15488.0
2415,16,708,13334.0
2416,16,709,12882.0
2417,16,A09,15878.0
2418,16,A52,15896.0
2419,16,B14,16596.0
2420,16,B15,17028.0
2421,16,D10,15947.0
2422,16,D31,16473.0
2423,16,D32,16960.0
2424,16,F29,16327.0
2425,16,G13,13137.0
2426,16,J23,16050.0
2427,16,J24,15584.0
2428,16,L19,
2429,16,L24,15513.0
2430,16,L25,16007.0
2431,16,L26,16456.0
2432,16,M04,
2433,16,M05,
2434,16,N02,16799.0
2435,16,R40,15635.0
2436,16,R41,16015.0
2437,16,101,20802.0
2438,16,103,20379.0
2439,16,104,19832.0
2440,16,106,19410.0
2441,16,107,18736.0
2442,16,108,18299.0
2443,16,109,18117.0
2444,16,110,17256.0
2445,16,111,16744.0
2446,16,209,20822.0
2447,16,210,20342.0
2448,16,211,19700.0
2449,16,212,19255.0
2450,16,213,18411.0
2451,16,214,17944.0
2452,16,215,17335.0
2453,16,216,16916.0
2454,16,217,16393.0
2455,16,218,16132.0
2456,16,255,16712.0
2457,16,256,17053.0
2458,16,257,17399.0
2459,16,402,20294.0
2460,16,405,19706.0
2461,16,406,18960.0
2462,16,407,18495.0
2463,16,408,18089.0
2464,16,409,17656.0
2465,16,410,17173.0
2466,16,411,16776.0
2467,16,412,16356.0
2468,16,504,20542.0
2469,16,505,20092.0
2470,16,603,20683.0
2471,16,604,20108.0
2472,16,606,19724.0
2473,16,607,19367.0
2474,16,608,18802.0
2475,16,609,18254.0
2476,16,610,17785.0
2477,16,611,17470.0
2478,16,612,16968.0
2479,16,613,16514.0
2480,16,701,16140.0
2481,16,702,15078.0
2482,16,705,14489.0
2483,16,706,14236.0
2484,16,707,13788.0
2485,16,A02,18637.0
2486,16,A03,18338.0
2487,16,A05,17591.0
2488,16,A06,16945.0
2489,16,A07,16517.0
2490,16,A53,16516.0
2491,16,A54,17109.0
2492,16,A55,17683.0
2493,16,A57,18011.0
2494,16,A59,18362.0
2495,16,A60,18822.0
2496,16,A61,19372.0
2497,16,A63,19740.0
2498,16,A64,20151.0
2499,16,A65,20580.0
2500,16,B16,17488.0
2501,16,B17,18093.0
2502,16,B18,18670.0
2503,16,B19,19155.0
2504,16,B20,19473.0
2505,16,B21,19644.0
2506,16,B22,19891.0
2507,16,B23,20590.0
2508,16,D01,20268.0
2509,16,D03,19790.0
2510,16,D04,19069.0
2511,16,D05,18560.0
2512,16,D06,18093.0
2513,16,D07,17580.0
2514,16,D08,17122.0
2515,16,D09,16497.0
2516,16,D33,17391.0
2517,16,D34,18006.0
2518,16,D35,18699.0
2519,16,D37,19518.0
2520,16,D38,19869.0
2521,16,D39,20540.0
2522,16,D40,21442.0
2523,16,D41,21559.0
2524,16,D42,21462.0
2525,16,D43,21542.0
2526,16,F05,18251.0
2527,16,F06,17360.0
2528,16,F07,16769.0
2529,16,F30,16852.0
2530,16,F31,17251.0
2531,16,F32,17648.0
2532,16,F33,18111.0
2533,16,F34,18623.0
2534,16,F35,19116.0
2535,16,F36,19723.0
2536,16,F38,20271.0
2537,16,F39,21008.0
2538,16,G08,16229.0
2539,16,G09,15551.0
2540,16,G10,14961.0
2541,16,G11,14412.0
2542,16,G12,13713.0
2543,16,H01,20280.0
2544,16,H02,20280.0
2545,16,H03,20935.0
2546,16,J12,20011.0
2547,16,J13,19660.0
2548,16,J14,19357.0
2549,16,J15,18976.0
2550,16,J16,18399.0
2551,16,J17,17934.0
2552,16,J19,17586.0
2553,16,J20,17267.0
2554,16,J21,16842.0
2555,16,J22,16529.0
2556,16,L27,16910.0
2557,16,L28,17876.0
2558,16,L29,17439.0
2559,16,M01,15505.0
2560,16,N03,17397.0
2561,16,N04,17658.0
2562,16,N05,17998.0
2563,16,N06,18097.0
2564,16,N07,18520.0
2565,16,N08,19195.0
2566,16,N09,19733.0
2567,16,N10,20175.0
2568,16,N12,21542.0
2569,16,R42,16684.0
2570,16,R43,17158.0
2571,16,R44,17782.0
2572,16,R45,18290.0
2573,16,S29,16227.0
2574,16,S30,15403.0
2575,16,S31,15083.0
2576,16,201,23361.0
2577,16,204,22891.0
2578,16,205,22396.0
2579,16,206,21953.0
2580,16,207,21593.0
2581,16,208,21125.0
2582,16,401,20896.0
2583,16,501,23499.0
2584,16,502,22814.0
2585,16,503,21730.0
2586,16,601,21585.0
2587,16,602,21004.0
2588,16,F01,
2589,16,F02,
2590,16,F03,
2591,16,F04,
2592,16,G05,21836.0
2593,16,G06,21474.0
2594,16,G07,20787.0
2595,16,H04,24958.0
2596,16,H12,26973.0
2597,16,H13,27175.0
2598,16,H14,27614.0
2599,16,H15,27072.0
2600,16,H19,24961.0
2601,16,S25,20177.0
2602,16,S26,19518.0
2603,16,S27,18769.0
2604,16,H06,28097.0
2605,16,H07,28598.0
2606,16,H08,29360.0
2607,16,H09,29901.0
2608,16,H10,30449.0
2609,16,H11,30932.0
2610,16,S20,23872.0
2611,16,S21,22766.0
2612,16,S16,28059.0
2613,16,S17,27022.0
2614,16,S09,32752.0
2615,16,S10,32303.0
2616,16,S11,32011.0
2617,16,S12,31748.0
2618,16,S13,30926.0
2619,19,119,17508.0
2620,19,124,16951.0
2621,19,125,16714.0
2622,19,126,16566.0
2623,19,127,16736.0
2624,19,132,17035.0
2625,19,133,17195.0
2626,19,134,17423.0
2627,19,137,17681.0
2628,19,138,17840.0
2629,19,139,18178.0
2630,19,140,17752.0
2631,19,142,
2632,19,224,17783.0
2633,19,225,17487.0
2634,19,228,17751.0
2635,19,229,17591.0
2636,19,230,
2637,19,231,17720.0
2638,19,239,17941.0
2639,19,241,18397.0
2640,19,242,18438.0
2641,19,248,18409.0
2642,19,418,17733.0
2643,19,419,17984.0
2644,19,420,
2645,19,423,17803.0
2646,19,621,17255.0
2647,19,631,16491.0
2648,19,632,16615.0
2649,19,633,16715.0
2650,19,635,16915.0
2651,19,638,17130.0
2652,19,639,17297.0
2653,19,716,15792.0
2654,19,718,15511.0
2655,19,719,15679.0
2656,19,723,16510.0
2657,19,724,16586.0
2658,19,725,16763.0
2659,19,901,16549.0
2660,19,902,16752.0
2661,19,A14,18158.0
2662,19,A16,17475.0
2663,19,A17,17445.0
2664,19,A18,17348.0
2665,19,A24,16718.0
2666,19,A25,16707.0
2667,19,A27,16787.0
2668,19,A31,17109.0
2669,19,A33,17253.0
2670,19,A36,
2671,19,A38,17655.0
2672,19,A41,17612.0
2673,19,A42,17693.0
2674,19,A48,17789.0
2675,19,B04,15498.0
2676,19,B08,16187.0
2677,19,D14,16579.0
2678,19,D15,16665.0
2679,19,D16,16668.0
2680,19,D17,16829.0
2681,19,D26,18352.0
2682,19,E01,17664.0
2683,19,F09,15555.0
2684,19,113,19627.0
2685,19,114,18892.0
2686,19,115,18469.0
2687,19,220,19477.0
2688,19,221,18839.0
2689,19,222,18813.0
2690,19,243,18945.0
2691,19,244,19448.0
2692,19,245,19941.0
2693,19,249,18361.0
2694,19,250,18741.0
2695,19,251,19413.0
2696,19,252,19971.0
2697,19,301,18781.0
2698,19,302,18389.0
2699,19,414,19463.0
2700,19,415,18761.0
2701,19,416,18319.0
2702,19,616,19416.0
2703,19,617,18799.0
2704,19,618,18440.0
2705,19,619,18180.0
2706,19,710,16601.0
2707,19,711,16414.0
2708,19,712,16238.0
2709,19,713,16173.0
2710,19,714,16127.0
2711,19,715,16107.0
2712,19,A10,19697.0
2713,19,A11,19213.0
2714,19,A12,18730.0
2715,19,A49,18322.0
2716,19,A50,18841.0
2717,19,A51,19306.0
2718,19,B12,19992.0
2719,19,B13,20401.0
2720,19,D11,19473.0
2721,19,D12,19351.0
2722,19,D13,18730.0
2723,19,D27,18819.0
2724,19,D28,19330.0
2725,19,D29,19991.0
2726,19,D30,20185.0
2727,19,F15,17274.0
2728,19,F16,17318.0
2729,19,F23,18248.0
2730,19,F24,18281.0
2731,19,F25,18232.0
2732,19,F26,19635.0
2733,19,F27,19868.0
2734,19,G14,16636.0
2735,19,G15,16088.0
2736,19,G16,15527.0
2737,19,G18,14946.0
2738,19,G19,14933.0
2739,19,G21,15536.0
2740,19,G22,15604.0
2741,19,G29,16677.0
2742,19,G30,16783.0
2743,19,J27,19358.0
2744,19,J28,19097.0
2745,19,J29,18750.0
2746,19,J30,18285.0
2747,19,J31,17780.0
2748,19,L01,17227.0
2749,19,L11,16367.0
2750,19,L14,17342.0
2751,19,L15,18078.0
2752,19,L16,
2753,19,L17,
2754,19,L20,19795.0
2755,19,L21,19415.0
2756,19,L22,19470.0
2757,19,M06,
2758,19,M08,
2759,19,M09,
2760,19,M10,
2761,19,M11,
2762,19,M13,16790.0
2763,19,M14,16865.0
2764,19,M16,16955.0
2765,19,M18,17310.0
2766,19,M22,17676.0
2767,19,M23,17945.0
2768,19,Q01,17334.0
2769,19,R08,15268.0
2770,19,R09,15511.0
2771,19,R11,16205.0
2772,19,R14,16583.0
2773,19,R15,16633.0
2774,19,R16,16711.0
2775,19,R17,16843.0
2776,19,R18,16806.0
2777,19,R19,16837.0
2778,19,R20,16910.0
2779,19,R21,17054.0
2780,19,R22,
2781,19,R24,17633.0
2782,19,R25,17800.0
2783,19,R26,
2784,19,R27,17827.0
2785,19,R28,17715.0
2786,19,R29,17556.0
2787,19,R33,18163.0
2788,19,R34,18514.0
2789,19,R35,19062.0
2790,19,R36,19134.0
2791,19,R39,19439.0
2792,19,S01,17632.0
2793,19,112,20102.0
2794,19,219,19912.0
2795,19,246,20390.0
2796,19,247,20848.0
2797,19,253,20336.0
2798,19,254,20626.0
2799,19,413,20116.0
2800,19,614,20309.0
2801,19,615,19700.0
2802,19,708,17546.0
2803,19,709,17094.0
2804,19,A09,20090.0
2805,19,A52,20108.0
2806,19,B14,20808.0
2807,19,B15,21240.0
2808,19,D10,20159.0
2809,19,D31,20685.0
2810,19,D32,21172.0
2811,19,F29,20539.0
2812,19,G13,17349.0
2813,19,J23,20262.0
2814,19,J24,19796.0
2815,19,L19,
2816,19,L24,19725.0
2817,19,L25,20219.0
2818,19,L26,20668.0
2819,19,M04,
2820,19,M05,
2821,19,N02,21011.0
2822,19,R40,19847.0
2823,19,R41,20227.0
2824,19,101,25014.0
2825,19,103,24591.0
2826,19,104,24044.0
2827,19,106,23622.0
2828,19,107,22948.0
2829,19,108,22511.0
2830,19,109,22329.0
2831,19,110,21468.0
2832,19,111,20956.0
2833,19,209,25034.0
2834,19,210,24554.0
2835,19,211,23912.0
2836,19,212,23467.0
2837,19,213,22623.0
2838,19,214,22156.0
2839,19,215,21547.0
2840,19,216,21128.0
2841,19,217,20605.0
2842,19,218,20344.0
2843,19,255,20924.0
2844,19,256,21265.0
2845,19,257,21611.0
2846,19,402,24506.0
2847,19,405,23918.0
2848,19,406,23172.0
2849,19,407,22707.0
2850,19,408,22301.0
2851,19,409,21868.0
2852,19,410,21385.0
2853,19,411,20988.0
2854,19,412,20568.0
2855,19,504,24754.0
2856,19,505,24304.0
2857,19,603,24895.0
2858,19,604,24320.0
2859,19,606,23936.0
2860,19,607,23579.0
2861,19,608,23014.0
2862,19,609,22466.0
2863,19,610,21997.0
2864,19,611,21682.0
2865,19,612,21180.0
2866,19,613,20726.0
2867,19,701,20496.0
2868,19,702,19434.0
2869,19,705,18845.0
2870,19,706,18449.0
2871,19,707,18000.0
2872,19,A02,22849.0
2873,19,A03,22550.0
2874,19,A05,21803.0
2875,19,A06,21157.0
2876,19,A07,20729.0
2877,19,A53,20728.0
2878,19,A54,21321.0
2879,19,A55,21895.0
2880,19,A57,22223.0
2881,19,A59,22574.0
2882,19,A60,23034.0
2883,19,A61,23584.0
2884,19,A63,23952.0
2885,19,A64,24363.0
2886,19,A65,24792.0
2887,19,B16,21700.0
2888,19,B17,22305.0
2889,19,B18,22882.0
2890,19,B19,23367.0
2891,19,B20,23685.0
2892,19,B21,23856.0
2893,19,B22,24103.0
2894,19,B23,24802.0
2895,19,D01,24480.0
2896,19,D03,24002.0
2897,19,D04,23281.0
2898,19,D05,22772.0
2899,19,D06,22305.0
2900,19,D07,21792.0
2901,19,D08,21334.0
2902,19,D09,20709.0
2903,19,D33,21603.0
2904,19,D34,22218.0
2905,19,D35,22911.0
2906,19,D37,23730.0
2907,19,D38,24081.0
2908,19,D39,24752.0
2909,19,D40,25654.0
2910,19,D41,25771.0
2911,19,D42,25674.0
2912,19,D43,25754.0
2913,19,F05,22463.0
2914,19,F06,21572.0
2915,19,F07,20981.0
2916,19,F30,21064.0
2917,19,F31,21463.0
2918,19,F32,21860.0
2919,19,F33,22323.0
2920,19,F34,22835.0
2921,19,F35,23328.0
2922,19,F36,23935.0
2923,19,F38,24483.0
2924,19,F39,25220.0
2925,19,G08,20441.0
2926,19,G09,19763.0
2927,19,G10,19173.0
2928,19,G11,18624.0
2929,19,G12,17925.0
2930,19,H01,24492.0
2931,19,H02,24492.0
2932,19,H03,25147.0
2933,19,J12,24223.0
2934,19,J13,23872.0
2935,19,J14,23569.0
2936,19,J15,23188.0
2937,19,J16,22611.0
2938,19,J17,22146.0
2939,19,J19,21798.0
2940,19,J20,21479.0
2941,19,J21,21054.0
2942,19,J22,20741.0
2943,19,L27,21122.0
2944,19,L28,22088.0
2945,19,L29,21651.0
2946,19,M01,19717.0
2947,19,N03,21609.0
2948,19,N04,21870.0
2949,19,N05,22210.0
2950,19,N06,22309.0
2951,19,N07,22732.0
2952,19,N08,23407.0
2953,19,N09,23945.0
2954,19,N10,24387.0
2955,19,N12,25754.0
2956,19,R42,20896.0
2957,19,R43,21370.0
2958,19,R44,21994.0
2959,19,R45,22502.0
2960,19,S28,21872
2961,19,S29,20439.0
2962,19,S30,19615.0
2963,19,S31,19295.0
2964,19,201,27573.0
2965,19,204,27103.0
2966,19,205,26608.0
2967,19,206,26165.0
2968,19,207,25805.0
2969,19,208,25337.0
2970,19,401,25108.0
2971,19,501,27711.0
2972,19,502,27026.0
2973,19,503,25942.0
2974,19,601,25797.0
2975,19,602,25216.0
2976,19,F01,
2977,19,F02,
2978,19,F03,
2979,19,F04,
2980,19,G05,26048.0
2981,19,G06,25686.0
2982,19,G07,24999.0
2983,19,H04,29170.0
2984,19,H12,31185.0
2985,19,H13,31387.0
2986,19,H14,31826.0
2987,19,H15,31284.0
2988,19,H19,29173.0
2989,19,S23,26327.0
2990,19,S24,25785.0
2991,19,S25,24389.0
2992,19,S26,23730.0
2993,19,S27,22981.0
2994,19,H06,32309.0
2995,19,H07,32810.0
2996,19,H08,33572.0
2997,19,H09,34113.0
2998,19,H10,34661.0
2999,19,H11,35144.0
3000,19,S18,32454.0
3001,19,S19,30016.0
3002,19,S20,28084.0
3003,19,S21,26978.0
3004,19,S14,35878.0
3005,19,S15,33981.0
3006,19,S16,32271.0
3007,19,S17,31234.0
3008,19,S09,36964.0
3009,19,S10,36515.0
3010,19,S11,36223.0
3011,19,S12,35960.0
3012,19,S13,35138.0
