route_id,start_id,end_id,time
M9,405396,402048,0:00:28
M9,402048,402049,0:00:38
M9,402049,401832,0:01:46
M9,401832,405390,0:00:36
M9,405390,404264,0:01:11
M9,404264,402054,0:00:54
M9,402054,402055,0:00:33
M9,402055,402056,0:00:32
M9,402056,402057,0:00:22
M9,402057,401589,0:01:47
M9,401589,403307,0:01:09
M9,403307,403306,0:00:59
M9,403306,403305,0:01:00
M9,403305,403304,0:01:33
M9,403304,403303,0:00:48
M9,403303,402067,0:01:27
M9,402067,401202,0:02:17
M9,401202,403319,0:01:33
M9,403319,403318,0:01:27
M9,403318,401206,0:01:00
M9,401206,404287,0:01:40
M9,404287,401208,0:01:01
M9,401208,401209,0:01:09
M9,401209,401210,0:01:10
M9,401210,402870,0:00:36
M9,402870,903146,0:03:24
M9,903146,803106,0:01:47
M9,803106,803107,0:00:25
M9,803107,403397,0:03:56
M9,403397,803108,0:00:52
M9,403399,803104,0:00:40
M9,803104,803147,0:03:01
M9,803147,803105,0:01:11
M9,803105,903145,0:02:08
M9,903145,404857,0:03:00
M9,404857,405006,0:00:47
M9,405006,401168,0:01:53
M9,401168,401169,0:00:48
M9,401169,405165,0:02:27
M9,405165,403317,0:01:05
M9,403317,403732,0:01:40
M9,403732,402033,0:03:20
M9,402033,402034,0:00:43
M9,402034,404100,0:01:11
M9,404100,402036,0:01:05
M9,402036,402037,0:00:58
M9,402037,402038,0:01:03
M9,402038,402039,0:01:58
M9,402039,401630,0:01:05
M9,401630,402041,0:00:57
M9,402041,402042,0:00:55
M9,402042,402043,0:00:45
M9,402043,405367,0:01:25
M9,405367,404099,0:01:22
M9,404099,903125,0:02:13
M9,903125,903080,0:01:20
M42,803055,401812,0:00:14
M42,401812,401813,0:01:20
M42,401813,401814,0:01:13
M42,401814,403238,0:01:22
M42,403238,403239,0:00:51
M42,403239,403240,0:00:57
M42,403240,403241,0:01:03
M42,403241,403242,0:00:42
M42,403242,403465,0:01:11
M42,403465,404160,0:00:46
M42,404160,403459,0:00:38
M42,403459,403245,0:00:43
M42,403245,403246,0:00:20
M42,403246,403247,0:00:30
M42,403247,403248,0:00:30
M42,403248,903046,0:00:40
M42,403249,403251,0:00:53
M42,403251,403252,0:00:52
M42,403252,403253,0:00:48
M42,403253,403254,0:00:27
M42,403254,403804,0:00:42
M42,403804,403805,0:01:10
M42,403805,403257,0:00:42
M42,403257,403830,0:01:33
M42,403830,403354,0:00:53
M42,403354,403259,0:00:37
M42,403259,401851,0:01:23
M42,401851,401852,0:00:51
M42,401852,401853,0:00:57
M42,401853,403486,0:00:44
M42,403486,903082,0:01:28
M50,404196,402160,0:00:13
M50,402160,402161,0:00:33
M50,402161,402162,0:00:23
M50,402162,402163,0:00:23
M50,402163,402164,0:00:28
M50,402164,402165,0:00:59
M50,402165,402166,0:00:52
M50,402166,402167,0:01:09
M50,402167,403760,0:01:19
M50,403760,402169,0:01:54
M50,402169,402171,0:01:47
M50,402171,402172,0:00:49
M50,402172,402173,0:01:36
M50,402173,402174,0:00:47
M50,402174,402175,0:00:48
M50,402175,803151,0:01:00
M50,402183,405193,0:01:00
M50,405193,402185,0:00:57
M50,402185,402186,0:00:47
M50,402186,402188,0:01:27
M50,402188,402189,0:00:49
M50,402189,402191,0:01:33
M50,402191,404035,0:01:27
M50,404035,404948,0:01:26
M50,404948,402194,0:01:12
M50,402194,402195,0:01:11
M50,402195,403954,0:01:39
M50,403954,403955,0:00:48
M50,403955,403956,0:01:10
M50,403956,903084,0:01:34
M60+,503875,503848,0:00:34
M60+,503848,804121,0:00:30
M60+,804121,804143,0:00:04
M60+,804143,804002,0:01:32
M60+,804002,804169,0:01:43
M60+,804169,551596,0:01:18
M60+,551596,904202,0:01:14
M60+,904202,503853,0:00:53
M60+,503853,503855,0:01:37
M60+,503855,504517,0:00:52
M60+,504517,503870,0:03:08
M60+,503870,504007,0:01:28
M60+,504007,403676,0:10:22
M60+,403676,402503,0:00:45
M60+,402503,402504,0:00:42
M60+,402504,402507,0:02:36
M60+,402507,402509,0:02:17
M60+,402509,405079,0:02:30
M60+,405079,803161,0:01:46
M60+,803161,405234,0:01:25
M60+,405234,403147,0:01:16
M60+,403147,402018,0:03:28
M60+,403117,403122,0:02:46
M60+,403122,404262,0:01:10
M60+,404262,401442,0:01:11
M60+,401442,403292,0:01:29
M60+,403292,402656,0:02:02
M60+,402656,402659,0:02:33
M60+,402659,402661,0:01:40
M60+,402661,403671,0:01:09
M60+,403671,403673,0:00:24
M60+,403673,803215,0:10:14
M60+,803215,503357,0:07:06
M60+,503357,505254,0:00:45
M60+,505254,504423,0:02:06
M60+,504423,504417,0:00:29
M60+,504417,503876,0:00:32
M60+,503876,504023,0:00:42
M60+,504023,804145,0:01:42
M60+,804145,804109,0:00:32
M60+,804109,904046,0:00:33
M60+,904046,904200,0:00:40
M60+,904200,904199,0:00:15
M14D,405453,450222,0:00:19
M14D,450222,401507,0:00:18
M14D,401507,404286,0:00:23
M14D,404286,401575,0:01:54
M14D,401575,401294,0:02:06
M14D,401294,401577,0:01:55
M14D,401577,401578,0:02:07
M14D,401578,401579,0:01:07
M14D,401579,403556,0:01:51
M14D,403556,401191,0:01:18
M14D,401191,401192,0:01:18
M14D,401192,401193,0:01:25
M14D,401193,401194,0:00:59
M14D,401194,401195,0:01:02
M14D,401195,401587,0:01:03
M14D,401587,401589,0:00:55
M14D,401589,401591,0:01:42
M14D,401591,401594,0:00:56
M14D,401594,401595,0:00:43
M14D,401595,401596,0:00:44
M14D,401596,403808,0:00:55
M14D,403808,401598,0:00:24
M14D,401598,401599,0:00:19
M14D,401599,401600,0:00:47
M14D,401600,403557,0:00:32
M14D,403557,903088,0:00:58
M14A,404329,401507,0:00:33
M14A,401507,404286,0:00:27
M14A,404286,401575,0:01:54
M14A,401575,401294,0:02:06
M14A,401294,401577,0:00:49
M14A,401577,401578,0:00:55
M14A,401578,401579,0:00:29
M14A,401579,403556,0:00:47
M14A,403556,401191,0:01:15
M14A,401191,401192,0:01:15
M14A,401192,401193,0:01:22
M14A,401193,803193,0:01:08
M14A,803193,401610,0:01:21
M14A,401610,401611,0:00:46
M14A,401611,401612,0:01:10
M14A,401612,401613,0:01:12
M14A,401613,401202,0:01:31
M14A,401202,403319,0:00:41
M14A,403319,403318,0:00:38
M14A,403318,403475,0:00:52
M14A,403475,401139,0:00:52
M14A,401139,401140,0:00:43
M14A,401140,401141,0:00:44
M14A,401141,401142,0:00:39
M14A,401142,903025,0:00:51
M14A,402100,402102,0:01:51
M14A,402102,402103,0:00:47
M14A,402103,401147,0:00:49
M14A,401147,401148,0:00:45
M14A,401148,401149,0:00:43
M14A,401149,401150,0:01:11
M14A,401150,403317,0:01:11
M14A,403317,403732,0:01:22
M14A,403732,403320,0:02:21
M14A,403320,401656,0:01:09
M14A,401656,401657,0:01:06
M14A,401657,404094,0:01:32
M14A,404094,401659,0:01:38
M14A,401659,401183,0:01:35
M14A,401183,404029,0:01:08
M14A,404029,403870,0:02:32
M14A,403870,403871,0:01:44
M14A,403871,403906,0:01:36
M14A,403906,403893,0:01:39
M14A,403893,403894,0:01:14
M14A,403894,403895,0:02:18
M14A,403895,403896,0:01:49
M14A,403896,403897,0:01:41
M14A,403897,405133,0:01:19
M14A,405133,401387,0:00:37
M14A,401387,401388,0:00:23
M14A,401608,401575,0:01:09
M14A,403897,405265,0:01:24
M14A,405265,405152,0:00:26
M14A,405152,903232,0:00:37
M14A,903232,405157,0:00:12
M14A,405157,903086,0:00:45
M14D,403380,401624,0:00:49
M14D,401624,401625,0:01:11
M14D,401625,401626,0:00:52
M14D,401626,401627,0:00:32
M14D,401627,401628,0:00:20
M14D,401628,403443,0:00:25
M14D,403443,402039,0:00:51
M14D,402039,401630,0:00:33
M14D,401630,401633,0:00:39
M14D,401633,401182,0:00:46
M14D,401182,401183,0:01:02
M14D,401183,404029,0:00:49
M14D,404029,403870,0:01:48
M14D,403870,403871,0:01:14
M14D,403871,403906,0:01:09
M14D,403906,403893,0:00:57
M14D,403893,403894,0:00:42
M14D,403894,403895,0:01:19
M14D,403895,403896,0:01:02
M14D,403896,403897,0:01:36
M14D,403897,405265,0:01:24
M14D,405265,405152,0:00:33
M14D,405152,903232,0:00:48
M14D,903232,405157,0:00:14
M14D,405157,903237,0:00:25
M86+,403560,401930,0:00:16
M86+,401930,401897,0:00:22
M86+,401897,401898,0:00:48
M86+,401898,401899,0:00:48
M86+,401899,401900,0:00:30
M86+,401900,401901,0:02:16
M86+,401901,401903,0:01:15
M86+,401903,401905,0:01:32
M86+,401905,401906,0:00:41
M86+,401906,404681,0:00:53
M86+,404681,401908,0:00:51
M86+,401908,401909,0:01:09
M86+,401909,401910,0:00:38
M86+,401910,403367,0:01:00
M86+,403367,403383,0:01:01
M86+,405003,401916,0:00:31
M86+,401916,404859,0:01:25
M86+,404859,401919,0:00:49
M86+,401919,401920,0:01:08
M86+,401920,401921,0:00:47
M86+,401921,401922,0:00:51
M86+,401922,401924,0:00:51
M86+,401924,401925,0:00:38
M86+,401925,401926,0:00:41
M86+,401926,401927,0:02:36
M86+,401927,404308,0:00:42
M86+,404308,401929,0:00:41
M86+,401929,803166,0:00:25
M86+,803166,803043,0:00:55
M57,400745,402233,0:01:17
M57,402233,403986,0:01:04
M57,403986,404121,0:00:59
M57,404121,405353,0:01:05
M57,405353,405153,0:00:34
M57,405153,403076,0:01:01
M57,403076,403608,0:00:32
M57,403608,405086,0:00:24
M57,405086,400853,0:00:31
M57,400853,400854,0:00:33
M57,400751,403036,0:00:43
M57,403036,403037,0:00:47
M57,403037,403038,0:00:30
M57,403038,404826,0:01:04
M57,404826,404036,0:00:59
M57,404036,403626,0:01:01
M57,403626,402205,0:00:55
M57,402205,403992,0:01:22
M57,403992,403984,0:01:22
M57,403984,403562,0:01:17
M57,403562,403736,0:01:12
M57,403736,403621,0:01:48
M57,403621,803095,0:01:13
M57,803095,403620,0:01:11
M57,403620,402214,0:01:36
M57,402214,402215,0:00:58
M57,402215,402216,0:00:59
M57,402216,401704,0:01:19
M57,401704,405138,0:00:36
M57,405138,903094,0:01:08
M57,404938,404266,0:00:57
M57,404266,404037,0:00:58
M57,404037,402221,0:00:59
M57,402221,402222,0:01:02
M57,402222,402223,0:01:04
M57,402223,402224,0:01:40
M57,402224,403617,0:01:11
M57,403617,803117,0:02:09
M57,803117,402228,0:01:45
M57,402228,402229,0:03:01
M57,402229,400744,0:02:32
M57,400744,400745,0:01:42
M72,405308,404865,0:01:43
M72,404865,405086,0:00:41
M72,405086,400853,0:00:46
M72,400853,405237,0:00:50
M72,405237,403606,0:01:03
M72,403606,402269,0:00:57
M72,402269,401344,0:00:38
M72,401344,401345,0:00:31
M72,401345,403494,0:03:21
M72,403494,400027,0:00:30
M72,400027,405489,0:00:21
M72,405489,400029,0:00:23
M72,400029,402290,0:00:37
M72,402290,402292,0:00:39
M72,402292,402293,0:00:27
M72,402293,405365,0:00:30
M72,405365,402295,0:00:37
M72,402295,803058,0:00:26
M72,402296,402298,0:02:00
M72,402298,402299,0:01:30
M72,402299,402300,0:01:26
M72,402300,402301,0:01:00
M72,402301,402303,0:01:43
M72,402303,400124,0:01:21
M72,400124,405491,0:00:39
M72,405491,404122,0:00:39
M72,404122,401245,0:03:08
M72,401245,403981,0:00:45
M72,403981,403610,0:00:49
M72,403610,403611,0:01:24
M72,403611,403612,0:01:06
M72,403612,400751,0:00:30
M72,400751,403036,0:00:57
M72,403036,405071,0:00:41
M72,405071,405112,0:01:05
M72,405112,803056,0:01:17
M20,401348,400860,0:00:48
M20,400860,903233,0:00:51
M20,903233,400861,0:00:14
M20,400861,403781,0:00:38
M20,403781,400948,0:01:25
M20,400948,405293,0:01:25
M20,405293,400951,0:00:45
M20,400951,403797,0:01:16
M20,403797,405297,0:02:20
M20,405297,404153,0:01:09
M20,404153,401358,0:01:04
M20,401358,401359,0:00:48
M20,401359,401360,0:01:17
M20,401360,401361,0:00:52
M20,401361,401363,0:00:54
M20,401363,401364,0:00:55
M20,401364,404244,0:00:40
M20,404244,401366,0:00:53
M20,401366,405298,0:00:49
M20,405298,405150,0:00:57
M20,405150,401371,0:01:49
M20,401371,401372,0:00:37
M20,401372,401373,0:00:52
M20,401373,401374,0:01:10
M20,401374,401375,0:00:33
M20,401375,401377,0:01:20
M20,401377,401379,0:01:39
M20,401379,401380,0:02:26
M20,401380,401381,0:02:11
M20,401381,402120,0:00:41
M20,402120,404973,0:01:02
M20,404973,402080,0:00:40
M20,402080,405062,0:00:51
M20,405062,403878,0:01:29
M20,403878,405124,0:02:40
M20,405124,405125,0:00:55
M20,405125,404979,0:00:26
M20,404979,404980,0:00:26
M20,404980,803164,0:00:59
M20,803164,403953,0:00:45
M20,403953,803185,0:00:29
M20,803184,400903,0:00:58
M20,400903,450335,0:00:40
M20,450335,404983,0:00:33
M20,404983,404986,0:01:08
M20,404986,403397,0:00:22
M20,403397,403399,0:01:19
M20,403399,405063,0:03:50
M20,405063,405056,0:01:05
M20,405056,405065,0:01:05
M20,405065,404864,0:00:55
M20,404864,404863,0:01:08
M20,404863,403444,0:00:46
M20,403444,404832,0:03:11
M20,404832,401301,0:00:47
M20,401301,401302,0:01:10
M20,401302,404133,0:01:46
M20,404133,401453,0:01:11
M20,401453,401220,0:01:24
M20,401220,401608,0:01:34
M20,401608,401609,0:01:04
M20,401609,401223,0:01:04
M20,401223,401224,0:01:47
M20,401224,401225,0:01:32
M20,401225,401226,0:01:44
M20,401226,401227,0:01:07
M20,401227,401229,0:01:37
M20,401229,404847,0:01:08
M20,404847,401231,0:02:05
M20,401231,401232,0:02:24
M20,401232,403552,0:01:48
M20,403552,401850,0:01:48
M20,401850,404919,0:01:25
M20,404919,404872,0:01:17
M20,404872,404846,0:02:13
M20,404846,401239,0:01:42
M20,401239,405393,0:02:14
M20,405393,903209,0:02:03
M20,903209,404871,0:00:30
M20,404871,404049,0:01:47
M20,404049,403510,0:01:49
M20,403510,403779,0:01:13
M20,403779,400858,0:01:47
M20,401375,401380,0:09:02
M55,803080,400518,0:01:49
M55,400518,400519,0:00:51
M55,400519,400323,0:00:39
M55,400323,400324,0:00:53
M55,400324,400325,0:00:33
M55,400325,400326,0:00:32
M55,400326,400327,0:00:51
M55,400327,400329,0:00:52
M55,400329,400330,0:00:43
M55,400330,400331,0:00:41
M55,400331,402857,0:00:47
M55,402857,400333,0:00:29
M55,400333,400334,0:00:30
M55,400334,400335,0:00:31
M55,400335,400336,0:00:25
M55,400336,400337,0:00:30
M55,400337,400153,0:00:38
M55,400153,400154,0:00:46
M55,400154,400155,0:00:32
M55,400155,403311,0:00:28
M55,403311,404916,0:00:32
M55,404916,400157,0:00:32
M55,400157,400159,0:01:01
M55,400159,400161,0:00:55
M55,400161,405377,0:00:29
M55,405377,400163,0:00:34
M55,400163,405219,0:00:45
M55,405219,400166,0:00:24
M55,400166,404225,0:00:17
M55,404225,400168,0:00:42
M55,400168,400170,0:00:52
M55,400170,400171,0:00:41
M55,400171,403953,0:00:45
M55,403953,803185,0:00:31
M55,803184,400903,0:00:39
M55,400903,400069,0:00:35
M55,400069,400070,0:00:36
M55,400070,400071,0:00:35
M55,400071,404108,0:00:35
M55,404108,404107,0:00:51
M55,404107,400910,0:00:19
M55,400910,405024,0:00:44
M55,405024,400913,0:01:01
M55,400913,403847,0:00:34
M55,403847,400915,0:00:31
M55,400915,400916,0:00:36
M55,400916,803160,0:00:20
M55,803160,404132,0:00:32
M55,404132,400919,0:00:32
M55,400919,400722,0:00:54
M55,400722,400723,0:00:56
M55,400723,400724,0:00:48
M55,400724,400725,0:00:34
M55,400725,400726,0:00:48
M55,400726,404991,0:00:48
M55,404991,403914,0:00:47
M55,403914,400929,0:00:55
M55,400929,400731,0:01:09
M55,400731,400732,0:00:37
M55,400732,403769,0:00:44
M55,403769,400933,0:00:41
M55,400933,404039,0:00:49
M55,404039,404040,0:00:35
M55,404040,400936,0:00:30
M55,400936,803081,0:00:25
M34+,803131,403191,0:00:59
M34+,403191,403192,0:01:26
M34+,403192,401818,0:01:22
M34+,401818,401819,0:01:12
M34+,401819,404820,0:01:01
M34+,404820,401821,0:01:38
M34+,401821,401822,0:01:36
M34+,401822,401824,0:01:32
M34+,401824,401826,0:01:29
M34+,401826,401827,0:00:45
M34+,401827,404950,0:00:35
M34+,404950,903028,0:00:25
M34+,401857,401858,0:00:31
M34+,401858,403359,0:02:29
M34+,403359,403216,0:01:14
M34+,403216,401840,0:01:14
M34+,401840,401842,0:01:32
M34+,401842,401844,0:01:47
M34+,401844,400716,0:01:39
M34+,400716,401847,0:01:34
M34+,401847,401848,0:00:38
M34+,401848,403528,0:00:36
M34+,403528,403519,0:00:25
M34+,403519,803079,0:00:46
M34+,803079,403816,0:00:18
M34+,403816,803130,0:01:17
M34+,401827,405336,0:02:13
M34+,405336,401832,0:02:02
M34+,401832,401833,0:01:00
M34+,401833,402052,0:01:16
M34+,402052,903027,0:01:29
M34A+,401857,401858,0:00:31
M34A+,401858,403359,0:02:29
M34A+,403359,403216,0:01:14
M34A+,403216,401840,0:01:14
M34A+,401840,401842,0:01:32
M34A+,401842,401844,0:01:47
M34A+,401844,400716,0:01:39
M34A+,400716,401847,0:01:34
M34A+,401847,803098,0:00:53
M34A+,803098,401232,0:00:44
M34A+,401232,401850,0:01:05
M34A+,401850,404116,0:00:59
M34A+,404116,903078,0:00:19
M34+,404951,403359,0:01:00
M34A+,803099,405026,0:00:56
M34A+,405026,401818,0:02:06
M34A+,401818,401819,0:01:04
M34A+,401819,404820,0:00:54
M34A+,404820,401821,0:01:38
M34A+,401821,401822,0:01:36
M34A+,401822,401824,0:01:32
M34A+,401824,401826,0:01:29
M34A+,401826,401827,0:00:45
M34A+,401827,405336,0:01:56
M34A+,405336,401832,0:01:47
M34A+,401832,401833,0:00:53
M34A+,401833,402052,0:01:06
M34A+,402052,903027,0:01:18
M34A+,803099,401818,0:03:39
M12,903184,403897,0:01:29
M12,403897,405265,0:01:26
M12,405265,405152,0:00:54
M12,405152,405157,0:01:31
M12,405157,903162,0:01:40
M12,903162,404926,0:03:00
M12,404926,903161,0:01:18
M12,903161,903200,0:01:25
M12,903200,903199,0:00:52
M12,903199,903198,0:02:25
M12,903198,402160,0:00:57
M12,402160,402161,0:00:52
M12,402161,402162,0:00:36
M12,402162,903214,0:01:10
M12,903214,903195,0:00:35
M12,903195,903206,0:00:50
M12,903206,402205,0:01:16
M12,402205,403992,0:01:07
M12,403992,403846,0:02:07
M12,403846,803007,0:00:30
M12,803008,400745,0:00:37
M12,400745,402233,0:01:30
M12,402233,403986,0:01:14
M12,403986,803013,0:01:39
M12,803013,903076,0:00:38
M12,903076,903087,0:01:35
M12,903087,903106,0:01:20
M12,903106,903107,0:01:31
M12,903107,903207,0:00:56
M12,903207,903110,0:01:39
M12,903110,405285,0:01:36
M12,405285,903133,0:01:51
M12,903133,903134,0:01:13
M12,903134,803150,0:01:41
M12,803150,450222,0:02:13
M12,450222,401507,0:01:03
M12,401507,401386,0:01:29
M12,401386,401387,0:00:36
M12,401387,401608,0:01:16
M12,401608,903063,0:00:23
M66,403997,403503,0:01:07
M66,403503,403504,0:01:06
M66,403504,403505,0:00:47
M66,403505,403506,0:01:00
M66,403506,403508,0:01:41
M66,403508,404122,0:01:19
M66,404122,403510,0:02:50
M66,403510,403779,0:00:38
M66,403779,403512,0:00:23
M66,403512,403513,0:00:35
M66,403513,803057,0:00:34
M66,403487,403488,0:00:26
M66,403488,403489,0:00:52
M66,403489,403491,0:00:27
M66,403491,403573,0:00:15
M66,403573,403492,0:00:43
M66,403492,403494,0:02:49
M66,403494,400027,0:00:28
M66,400027,403495,0:00:53
M66,403495,403497,0:01:07
M66,403497,403993,0:00:25
M66,403993,403994,0:00:24
M66,403994,403995,0:00:44
M66,403995,403996,0:00:27
M23+,402054,404099,0:01:27
M23+,404099,402142,0:00:50
M23+,402142,903226,0:00:21
M23+,903226,402143,0:01:16
M23+,402143,402144,0:01:03
M23+,402144,402145,0:00:46
M23+,402145,404833,0:01:31
M23+,404833,405231,0:00:57
M23+,405231,402152,0:01:49
M23+,402152,402153,0:00:51
M23+,402153,402154,0:00:44
M23+,402154,402155,0:00:45
M23+,402155,403547,0:00:47
M23+,403547,402157,0:00:37
M23+,402157,404926,0:00:32
M23+,404926,404085,0:00:44
M23+,404137,404927,0:00:51
M23+,404927,404834,0:00:44
M23+,404834,402124,0:00:51
M23+,402124,402125,0:00:50
M23+,402125,402126,0:00:50
M23+,402126,402127,0:00:47
M23+,402127,402128,0:01:07
M23+,402128,402130,0:01:40
M23+,402130,402132,0:01:37
M23+,402132,402134,0:01:49
M23+,402134,401832,0:01:15
M23+,401832,401833,0:01:18
M23+,401833,404264,0:01:54
M23+,404264,903002,0:01:27
M22,402100,402102,0:01:34
M22,402102,402103,0:00:39
M22,402103,402104,0:00:17
M22,402104,402105,0:01:10
M22,402105,402106,0:00:28
M22,402106,402107,0:00:43
M22,402107,402108,0:00:34
M22,402108,402109,0:00:35
M22,402109,402110,0:00:39
M22,402110,401209,0:01:41
M22,401209,401210,0:00:59
M22,401210,403350,0:00:41
M22,403350,401806,0:02:03
M22,401806,401808,0:01:57
M22,401808,402118,0:00:53
M22,402118,402119,0:00:38
M22,402119,402120,0:00:39
M22,402120,402080,0:01:14
M22,402080,405062,0:00:48
M22,405062,405053,0:00:56
M22,405053,803094,0:01:52
M22,405054,405056,0:01:33
M22,405056,404969,0:01:38
M22,404969,404976,0:00:39
M22,404976,404977,0:00:35
M22,404977,405052,0:00:47
M22,405052,402082,0:01:48
M22,402082,404101,0:00:42
M22,404101,402085,0:01:16
M22,402085,401670,0:00:32
M22,401670,402088,0:01:30
M22,402088,402090,0:00:55
M22,402090,402091,0:00:30
M22,402091,402092,0:00:35
M22,402092,402093,0:00:12
M22,402093,402094,0:00:21
M22,402094,402095,0:00:19
M22,402095,402096,0:00:11
M22,402096,402097,0:00:19
M22,402097,404922,0:00:14
M22,404922,903025,0:00:24
M21,405372,405352,0:00:58
M21,405352,823252,0:00:47
M21,823252,403380,0:00:51
M21,403380,401624,0:00:53
M21,401624,405350,0:01:02
M21,405350,403303,0:01:29
M21,403303,402067,0:01:26
M21,402067,402068,0:01:29
M21,402068,402069,0:01:05
M21,402069,403731,0:01:52
M21,403731,402071,0:01:02
M21,402071,404155,0:01:05
M21,404155,405361,0:01:01
M21,405361,400890,0:00:56
M21,400890,403323,0:00:36
M21,403323,400719,0:00:59
M21,400719,400720,0:00:29
M21,400720,404940,0:02:03
M21,404940,403853,0:01:18
M21,403853,403854,0:01:39
M21,404990,403851,0:00:31
M21,403851,400917,0:01:08
M21,400917,404132,0:00:39
M21,404132,402022,0:00:42
M21,402022,402023,0:00:45
M21,402023,402024,0:00:51
M21,402024,405172,0:00:32
M21,405172,402026,0:00:52
M21,402026,402028,0:01:35
M21,402028,402030,0:01:05
M21,402030,401787,0:01:20
M21,401787,402032,0:01:46
M21,402032,402033,0:00:43
M21,402033,402034,0:00:34
M21,402034,404100,0:00:57
M21,404100,403808,0:01:05
M21,403808,401598,0:00:31
M21,401598,401599,0:00:24
M21,401599,401600,0:01:00
M21,401600,803115,0:01:00
M8,401528,401529,0:00:23
M8,401529,403313,0:00:16
M8,403313,403312,0:00:21
M8,403312,401531,0:00:37
M8,401531,401532,0:00:38
M8,401532,401533,0:00:36
M8,401533,401535,0:00:42
M8,401535,401536,0:00:27
M8,401536,401538,0:01:01
M8,401538,400336,0:00:46
M8,400336,400337,0:00:38
M8,400337,404010,0:00:35
M8,404010,401542,0:00:41
M8,401542,401543,0:00:38
M8,401543,401544,0:01:06
M8,401544,401545,0:00:35
M8,401545,401547,0:00:36
M8,401547,401548,0:00:39
M8,401548,401549,0:00:40
M8,401549,401591,0:00:31
M8,401591,803177,0:00:34
M8,403443,401552,0:00:54
M8,401552,401553,0:00:54
M8,401553,401554,0:00:43
M8,401554,401555,0:00:29
M8,401555,401556,0:01:12
M8,401556,401557,0:01:20
M8,401557,401558,0:00:53
M8,401558,401559,0:00:35
M8,401559,400176,0:00:58
M8,400176,401561,0:01:02
M8,401561,401562,0:00:49
M8,401562,401563,0:01:11
M8,401563,401564,0:00:25
M8,401564,401565,0:00:56
M8,401565,401566,0:00:29
M8,401566,401567,0:00:33
M8,401567,401568,0:00:37
M8,401568,401569,0:00:25
M8,401569,401570,0:00:17
M8,401570,903030,0:00:18
M79+,401880,401881,0:00:46
M79+,401881,401882,0:00:30
M79+,401882,401883,0:01:00
M79+,401883,401884,0:00:46
M79+,401884,404860,0:00:29
M79+,404860,401887,0:00:55
M79+,401887,403989,0:00:34
M79+,403989,401889,0:01:42
M79+,401889,401890,0:01:43
M79+,401890,404838,0:00:59
M79+,404838,403733,0:01:08
M79+,403733,401893,0:00:44
M79+,401893,403477,0:00:44
M79+,403522,403523,0:00:57
M79+,403523,401024,0:00:59
M79+,401024,401867,0:02:10
M79+,401867,401868,0:01:03
M79+,401868,401869,0:02:29
M79+,401869,401870,0:02:22
M79+,401870,404858,0:00:45
M79+,404858,405169,0:01:07
M79+,405169,405369,0:00:45
M79+,405369,401875,0:01:11
M79+,401875,401876,0:01:05
M79+,401876,401877,0:00:53
M79+,401877,401878,0:01:14
M14D,401608,401609,0:00:50
M14D,401609,401575,0:00:53
M104,403942,403139,0:00:58
M104,403139,403604,0:01:02
M104,403604,403763,0:00:46
M104,403763,403142,0:00:52
M104,403142,403144,0:00:41
M104,403144,403145,0:01:05
M104,403145,403454,0:01:04
M104,403454,403147,0:00:57
M104,403147,403148,0:00:42
M104,403148,403149,0:00:41
M104,403149,403150,0:00:41
M104,403150,403151,0:00:30
M104,403151,403152,0:01:01
M104,403152,403153,0:00:37
M104,403153,403154,0:00:42
M104,403154,403155,0:00:41
M104,403155,405249,0:01:00
M104,405249,403158,0:01:05
M104,403158,403159,0:00:39
M104,403159,403160,0:00:38
M104,403160,403161,0:00:38
M104,403161,403162,0:00:42
M104,403162,403163,0:00:39
M104,403163,403164,0:00:38
M104,403164,403165,0:01:01
M104,403165,403166,0:01:00
M104,403166,403167,0:00:44
M104,403167,403168,0:00:44
M104,403168,403169,0:00:54
M104,403169,400856,0:00:39
M104,400856,400857,0:00:54
M104,400857,404138,0:01:05
M104,404138,400860,0:00:41
M104,400860,903233,0:00:33
M104,903233,400861,0:00:09
M104,400861,903169,0:01:07
M104,903169,400948,0:00:12
M104,400948,404050,0:00:30
M104,404050,400950,0:00:32
M104,400950,400951,0:00:23
M104,400951,403797,0:00:49
M104,403797,400953,0:00:43
M104,400953,405297,0:00:48
M104,405297,404153,0:00:45
M104,404153,803144,0:00:48
M104,405374,404919,0:00:55
M104,404919,404872,0:00:49
M104,404872,404846,0:01:26
M104,404846,401239,0:01:05
M104,401239,405393,0:01:26
M104,405393,903209,0:01:19
M104,903209,401016,0:00:49
M104,401016,400747,0:01:11
M104,400747,403271,0:01:19
M104,403271,400750,0:01:18
M104,400750,403103,0:01:47
M104,403103,403104,0:00:57
M104,403104,403106,0:01:39
M104,403106,403107,0:01:22
M104,403107,403108,0:00:54
M104,403108,403109,0:00:59
M104,403109,403110,0:00:55
M104,403110,403111,0:01:20
M104,403111,403112,0:00:55
M104,403112,405248,0:01:35
M104,405248,403114,0:01:26
M104,403114,403115,0:01:20
M104,403115,403116,0:01:02
M104,403116,405394,0:01:12
M104,405394,403118,0:01:26
M104,403118,403119,0:00:46
M104,403119,404260,0:01:19
M104,404260,403122,0:01:03
M104,403122,404262,0:01:41
M104,404262,403125,0:01:08
M104,403125,403126,0:01:17
M104,403126,403127,0:00:40
M104,403127,401445,0:02:40
M104,401445,903089,0:01:00
M106,403326,401968,0:00:51
M106,401968,401969,0:00:55
M106,401969,401970,0:01:13
M106,401970,401971,0:01:07
M106,401971,404079,0:01:12
M106,404079,404080,0:01:53
M106,404080,400109,0:00:49
M106,400109,400110,0:01:20
M106,400110,400111,0:01:49
M106,400111,404081,0:02:51
M106,404081,401331,0:03:00
M106,401331,404075,0:02:36
M106,404075,401964,0:01:30
M106,401964,401965,0:00:54
M106,401965,401966,0:01:54
M106,401966,903004,0:01:06
M96,401933,401934,0:01:00
M96,401934,401935,0:00:52
M96,401935,401936,0:01:46
M96,401936,401937,0:01:22
M96,401937,404087,0:02:07
M96,404087,401939,0:00:20
M96,401939,401941,0:00:33
M96,401941,401942,0:01:07
M96,401942,401943,0:01:03
M96,401943,903003,0:01:50
M106,401933,401934,0:01:00
M106,401934,401935,0:01:05
M106,401935,401936,0:02:12
M106,401936,401937,0:01:43
M106,401937,803180,0:02:00
M106,803180,400041,0:02:23
M106,400041,400042,0:02:07
M106,400042,400043,0:01:12
M106,400043,400044,0:00:52
M106,400044,400045,0:01:26
M106,400045,404076,0:01:09
M106,404076,404077,0:00:31
M106,404077,401950,0:00:41
M106,401950,401951,0:00:43
M106,401951,803066,0:00:56
M96,401954,403632,0:00:35
M96,403632,401957,0:02:17
M96,401957,401958,0:01:08
M96,401958,401960,0:03:04
M96,401960,401961,0:02:56
M96,401961,401331,0:03:00
M96,401331,404075,0:03:08
M96,404075,401964,0:01:48
M96,401964,401965,0:01:04
M96,401965,401966,0:01:54
M96,401966,903004,0:01:06
M98,402688,403432,0:01:17
M98,403432,403433,0:01:59
M98,403433,403434,0:01:40
M98,403434,403777,0:03:10
M98,403777,403436,0:02:40
M98,403436,405181,0:02:35
M98,405181,403537,0:02:39
M98,403537,403439,0:16:38
M98,403439,403440,0:00:39
M98,403440,404194,0:00:22
M98,404194,403670,0:00:33
M98,403670,400631,0:00:59
M98,400631,400632,0:00:25
M98,400632,400633,0:00:26
M98,400633,400634,0:00:30
M98,400634,400635,0:00:51
M98,400635,400636,0:00:37
M98,400639,400640,0:02:01
M98,400640,400641,0:01:37
M98,400641,400642,0:01:17
M98,400642,400643,0:00:57
M98,400643,400644,0:00:59
M98,400644,400799,0:02:52
M98,400799,404124,0:01:03
M98,404124,404125,0:01:14
M98,404125,403415,0:26:05
M98,403415,403416,0:04:45
M98,403416,403417,0:04:08
M98,403417,403418,0:04:16
M98,403418,403419,0:04:06
M98,403419,402826,0:02:57
M98,402826,403421,0:03:00
M98,403421,903105,0:01:43
M116,404911,401036,0:02:12
M116,401036,401037,0:02:48
M116,401037,401038,0:00:38
M116,401038,401039,0:00:55
M116,401039,405087,0:00:45
M116,405087,405092,0:00:57
M116,405092,400394,0:00:55
M116,400394,401044,0:00:50
M116,401044,401045,0:01:04
M116,401045,401988,0:00:56
M116,401988,401989,0:01:03
M116,401989,401990,0:00:57
M116,401990,401992,0:01:23
M116,401992,401993,0:01:08
M116,401993,401994,0:00:54
M116,401994,401727,0:01:35
M116,401727,401729,0:00:17
M116,401729,401730,0:00:10
M116,401730,803059,0:00:33
M116,401998,405315,0:00:33
M116,405315,401999,0:00:27
M116,401999,402000,0:01:25
M116,402000,402001,0:02:31
M116,402001,402002,0:01:23
M116,402002,402003,0:01:26
M116,402003,402004,0:01:18
M116,402004,402005,0:01:57
M116,402005,402006,0:00:50
M116,402006,404274,0:03:10
M116,404274,401078,0:02:24
M116,401078,401079,0:01:36
M116,401079,400482,0:01:16
M116,400482,400483,0:00:45
M116,400483,400484,0:01:19
M116,400484,403392,0:01:06
M116,403392,401084,0:00:55
M116,401084,401085,0:00:47
M116,401085,402016,0:00:52
M116,402016,402017,0:01:23
M116,402017,401977,0:00:37
M10,401269,401270,0:00:53
M10,401270,401271,0:00:35
M10,401271,401272,0:00:52
M10,401272,405182,0:00:40
M10,405182,401274,0:00:42
M10,401274,401275,0:00:33
M10,401275,401276,0:00:36
M10,401276,401277,0:00:37
M10,401277,403982,0:00:38
M10,403982,403832,0:00:54
M10,403832,401281,0:00:54
M10,401281,401282,0:00:35
M10,401282,403826,0:00:39
M10,403826,404825,0:00:52
M10,404825,404325,0:00:25
M10,404325,401286,0:01:07
M10,401286,401287,0:00:33
M10,401287,401288,0:00:55
M10,404135,401305,0:00:54
M10,401305,401306,0:00:23
M10,401306,401307,0:00:37
M10,401307,401308,0:00:30
M10,401308,404824,0:00:59
M10,404824,401310,0:00:40
M10,401310,401311,0:00:53
M10,401311,401312,0:00:35
M10,401312,401313,0:00:36
M10,401313,401314,0:00:56
M10,401314,401315,0:00:37
M10,401315,401317,0:01:00
M10,401317,403276,0:00:27
M10,403276,405384,0:00:53
M10,405384,405289,0:01:18
M10,405289,404245,0:00:43
M10,404245,404915,0:00:59
M10,404915,405247,0:00:24
M10,405247,401324,0:00:46
M10,401324,401325,0:00:22
M10,401325,903228,0:00:06
M10,903228,401326,0:00:49
M10,401326,401327,0:00:28
M10,401327,401328,0:00:45
M10,401328,401329,0:00:35
M10,401329,401330,0:00:36
M10,401330,401331,0:00:47
M10,401331,401333,0:01:01
M10,401333,401334,0:00:33
M10,401334,401335,0:00:36
M10,401335,401336,0:00:30
M10,401336,401337,0:00:42
M10,401337,401338,0:00:37
M10,401338,401339,0:00:52
M10,401339,404136,0:00:38
M10,404136,401341,0:00:36
M10,401341,401342,0:00:56
M10,401342,401343,0:00:39
M10,401343,401344,0:00:38
M10,401344,401345,0:00:36
M10,401345,404987,0:00:36
M10,404987,404988,0:00:36
M10,404988,401348,0:01:16
M10,401348,400860,0:00:17
M10,400860,903233,0:00:19
M10,903233,400861,0:00:05
M10,400861,903234,0:00:07
M10,903234,405376,0:00:12
M10,403846,903209,0:01:09
M10,903209,404871,0:00:21
M10,404871,404049,0:01:15
M10,404049,401245,0:01:15
M10,401245,403981,0:01:10
M10,403981,401248,0:01:15
M10,401248,404024,0:01:15
M10,404024,401250,0:00:49
M10,401250,404134,0:00:49
M10,404134,401252,0:00:41
M10,401252,401253,0:01:08
M10,401253,401254,0:00:53
M10,401254,401255,0:01:00
M10,401255,401256,0:00:51
M10,401256,401257,0:00:55
M10,401257,401258,0:00:52
M10,401258,401259,0:00:59
M10,401259,401261,0:01:51
M10,401261,401262,0:00:53
M10,401262,401263,0:00:55
M10,401263,401264,0:00:54
M10,401264,401265,0:00:58
M10,401265,401266,0:00:29
M10,401266,401267,0:01:02
M10,401267,401268,0:00:56
M10,401268,401269,0:01:25
M5,404011,404012,0:00:19
M5,404012,404822,0:01:42
M5,404822,404259,0:01:11
M5,404259,400832,0:00:18
M5,400832,400834,0:00:45
M5,400834,400835,0:00:24
M5,400835,400836,0:00:22
M5,400836,400837,0:00:48
M5,400837,400838,0:00:24
M5,400838,404130,0:00:25
M5,404130,400840,0:00:49
M5,400840,400841,0:00:33
M5,400841,404131,0:00:52
M5,404131,400843,0:00:51
M5,400843,404855,0:00:40
M5,404855,400846,0:00:54
M5,400846,400847,0:00:34
M5,400847,400848,0:00:36
M5,400848,400849,0:00:33
M5,400849,400851,0:01:29
M5,400851,400852,0:00:53
M5,400852,400853,0:01:17
M5,400853,405237,0:00:51
M5,405237,403169,0:01:04
M5,403169,400856,0:00:41
M5,400856,400857,0:00:56
M5,400857,400858,0:00:53
M5,400858,400860,0:01:11
M5,400860,903233,0:00:45
M5,903233,400861,0:00:11
M5,400861,403781,0:00:32
M5,403781,403047,0:01:50
M5,403047,402446,0:01:48
M5,402446,400514,0:01:54
M5,400514,450123,0:00:33
M5,450123,400516,0:01:27
M5,400516,405179,0:00:40
M5,405179,400518,0:01:05
M5,400518,400322,0:01:16
M5,400322,400323,0:01:31
M5,400323,400324,0:01:37
M5,400324,803082,0:02:36
M5,405237,400857,0:03:29
M5,400857,903233,0:03:40
M5,402446,450123,0:03:11
M5,450123,400518,0:04:10
M5,400808,400809,0:00:52
M5,400809,400810,0:00:41
M5,400810,400811,0:00:42
M5,400811,400812,0:00:29
M5,400812,404918,0:01:13
M5,404918,400814,0:01:01
M5,400814,400815,0:00:37
M5,400815,400816,0:00:39
M5,400816,400655,0:00:46
M5,400655,400656,0:00:50
M5,400656,400657,0:00:53
M5,400657,400658,0:00:37
M5,400658,400659,0:00:55
M5,400659,403483,0:00:23
M5,403483,400661,0:01:09
M5,400661,400662,0:00:36
M5,400662,400663,0:00:36
M5,400663,404011,0:01:01
M5,803083,400933,0:01:51
M5,400933,404039,0:02:12
M5,404039,404040,0:01:35
M5,404040,400936,0:01:22
M5,400936,404043,0:01:02
M5,404043,400938,0:00:41
M5,400938,403132,0:00:48
M5,403132,400940,0:00:31
M5,400940,400941,0:01:00
M5,400941,404992,0:00:58
M5,404992,400943,0:00:54
M5,400943,401014,0:00:56
M5,401014,401015,0:00:36
M5,401015,401016,0:00:52
M5,401016,400747,0:00:59
M5,400747,403271,0:01:01
M5,403271,400750,0:01:01
M5,400750,400751,0:01:08
M5,400751,400752,0:00:56
M5,400752,404289,0:01:01
M5,404289,400755,0:00:56
M5,400755,400756,0:00:40
M5,400756,404290,0:00:39
M5,404290,400759,0:00:35
M5,400759,400760,0:00:33
M5,400760,400761,0:00:29
M5,400761,400762,0:00:20
M5,400762,404054,0:00:39
M5,404054,400764,0:00:45
M5,400764,403902,0:00:49
M5,403902,404104,0:00:40
M5,404104,400768,0:00:41
M5,400768,400769,0:00:32
M5,400769,400599,0:00:55
M5,400599,400771,0:00:34
M5,400771,400772,0:00:29
M5,400772,400602,0:00:39
M5,400602,404258,0:00:45
M5,404258,404821,0:01:05
M5,404821,404019,0:02:05
M5,404019,903236,0:00:46
M5,903236,400609,0:00:28
M5,400609,400610,0:00:54
M5,400610,400611,0:00:44
M5,400611,400612,0:00:43
M5,400612,400613,0:00:52
M5,400613,400614,0:00:39
M5,400614,400615,0:00:43
M5,400615,400616,0:00:44
M5,400616,400617,0:00:44
M5,400617,400618,0:00:45
M5,400618,400619,0:00:44
M5,400619,400620,0:00:45
M5,400620,400621,0:00:43
M5,400621,400622,0:00:45
M5,400622,400623,0:00:48
M5,400623,400624,0:00:34
M5,400624,400796,0:01:44
M5,400796,402535,0:00:45
M5,402535,400798,0:00:49
M5,400798,903231,0:01:07
M5,400936,403132,0:02:31
M5,403132,404992,0:02:29
M5,401016,403271,0:02:44
M5,403271,903218,0:02:36
M5,903218,400751,0:00:20
M5,903236,400610,0:01:27
M5,400610,400613,0:02:37
M5,400613,400616,0:02:24
M5,400616,400619,0:02:32
M5,400655,400657,0:02:13
M5,400657,403483,0:02:28
M5,403483,400662,0:02:14
M5,400662,404011,0:02:05
M3,400477,400479,0:00:58
M3,400479,405093,0:00:47
M3,405093,400482,0:01:12
M3,400482,400483,0:00:28
M3,400483,400484,0:00:50
M3,400484,400485,0:00:34
M3,400485,400486,0:00:52
M3,400486,400290,0:01:07
M3,400290,404278,0:00:59
M3,404278,400292,0:01:13
M3,400292,400108,0:00:27
M3,400108,400109,0:00:29
M3,400109,400110,0:00:25
M3,400110,400111,0:00:33
M3,400111,404081,0:00:52
M3,404081,404168,0:00:22
M3,404168,400115,0:00:36
M3,400115,400116,0:00:24
M3,400116,400117,0:00:33
M3,400117,400118,0:00:39
M3,400118,400119,0:00:39
M3,400119,803162,0:00:42
M3,803162,404303,0:00:50
M3,404303,400122,0:00:14
M3,400122,400123,0:00:28
M3,400123,400124,0:00:47
M3,400124,400125,0:00:48
M3,400125,400126,0:00:51
M3,400126,400127,0:00:21
M3,400127,400128,0:00:32
M3,400128,400512,0:00:41
M3,400512,400514,0:01:52
M3,400514,450123,0:00:25
M3,450123,400516,0:01:08
M3,400516,405179,0:00:32
M3,405179,400518,0:00:50
M3,400518,400519,0:00:47
M3,400519,400323,0:00:36
M3,400323,400324,0:00:48
M3,400324,400325,0:00:31
M3,400325,400326,0:00:29
M3,400326,400327,0:00:47
M3,400327,400329,0:00:48
M3,400329,400330,0:00:44
M3,400330,400331,0:00:43
M3,400331,402857,0:00:48
M3,402857,400333,0:00:30
M3,400333,400334,0:00:31
M3,400334,400335,0:00:32
M3,400335,400337,0:00:57
M3,400337,903048,0:00:29
M3,405091,403466,0:01:28
M3,403466,400448,0:00:37
M3,400448,400449,0:01:17
M3,400449,403978,0:01:14
M3,403978,400452,0:01:25
M3,400452,400453,0:01:16
M3,400453,400454,0:01:06
M3,400454,403979,0:01:51
M3,403979,400457,0:01:12
M3,400457,400258,0:01:34
M3,400258,400259,0:00:56
M3,400259,400461,0:01:16
M3,400461,400462,0:00:42
M3,400462,404949,0:00:30
M3,404949,402638,0:01:21
M3,402638,403698,0:01:16
M3,403698,400466,0:01:47
M3,400466,400467,0:00:50
M3,400467,400468,0:01:02
M3,400468,400469,0:01:13
M3,400469,400470,0:00:51
M3,400470,400471,0:00:44
M3,400471,400472,0:01:14
M3,400472,400473,0:01:02
M3,400473,400474,0:01:04
M3,400474,400475,0:01:12
M3,400475,400476,0:00:27
M3,400476,400477,0:01:33
M3,404071,400398,0:01:19
M3,400398,400399,0:01:17
M3,400399,400400,0:01:01
M3,400400,400401,0:01:03
M3,400401,403776,0:00:41
M3,403776,400403,0:01:08
M3,400403,400404,0:00:37
M3,400404,400405,0:01:20
M3,400405,400406,0:00:42
M3,400406,405227,0:00:45
M3,405227,400408,0:01:48
M3,400408,400409,0:00:49
M3,400409,402526,0:01:40
M3,402526,405073,0:01:20
M3,405073,404853,0:01:05
M3,404853,400414,0:01:04
M3,400414,405111,0:00:50
M3,405111,404066,0:01:31
M3,404066,400418,0:01:07
M3,400418,400419,0:01:21
M3,400419,403975,0:01:24
M3,403975,400422,0:01:20
M3,400422,400423,0:00:58
M3,400423,403976,0:01:17
M3,403976,400426,0:01:26
M3,400426,404046,0:01:19
M3,404046,404928,0:01:03
M3,404928,903219,0:01:45
M3,403267,400224,0:01:31
M3,400224,400225,0:01:07
M3,400225,400390,0:01:37
M3,400390,401040,0:00:45
M3,401040,405092,0:01:07
M3,405092,400394,0:00:56
M3,400394,400395,0:01:23
M3,400395,400396,0:00:46
M3,400396,404071,0:01:48
M3,400001,400002,0:01:00
M3,400002,400003,0:00:59
M3,400003,404120,0:01:17
M3,404120,404936,0:01:03
M3,404936,400007,0:01:50
M3,400007,403782,0:01:16
M3,403782,403316,0:00:51
M3,403316,405380,0:02:44
M3,405380,400352,0:01:16
M3,400352,400354,0:02:43
M3,400354,403456,0:01:45
M3,403456,403457,0:01:50
M3,403457,400561,0:01:16
M3,400561,400358,0:01:49
M3,400358,400359,0:01:14
M3,400359,400360,0:01:12
M3,400360,400361,0:01:49
M3,400361,400362,0:01:48
M3,400362,400363,0:01:18
M3,400363,400364,0:01:27
M3,400364,400026,0:01:15
M3,400026,404994,0:01:14
M3,404994,400028,0:00:46
M3,400028,400029,0:01:00
M3,400029,400030,0:01:38
M3,400030,400031,0:00:59
M3,400031,400032,0:01:31
M3,400032,400033,0:01:05
M3,400033,400034,0:01:39
M3,400034,400036,0:01:52
M3,400036,400037,0:01:12
M3,400037,400038,0:01:20
M3,400038,400039,0:01:00
M3,400039,404191,0:01:02
M3,404191,400041,0:01:07
M3,400041,400042,0:01:25
M3,400042,400043,0:00:49
M3,400043,400044,0:00:35
M3,400044,400045,0:00:58
M3,400045,400046,0:00:51
M3,400046,404856,0:01:27
M3,404856,403267,0:00:48
M2,903049,400258,0:00:18
M2,400258,400259,0:00:26
M2,400259,403910,0:00:46
M2,403910,400263,0:00:34
M2,400263,400264,0:00:20
M2,400264,400265,0:00:25
M2,400265,400266,0:00:24
M2,400266,400267,0:00:29
M2,400267,400268,0:00:10
M2,400268,400271,0:01:22
M2,400271,400272,0:00:22
M2,400272,400273,0:00:25
M2,400273,400274,0:00:23
M2,400274,400275,0:00:36
M2,400275,400276,0:00:54
M2,400276,400277,0:00:36
M2,400277,400278,0:00:37
M2,400278,400279,0:00:50
M2,400279,400280,0:01:02
M2,400280,400281,0:00:33
M2,400281,400282,0:00:39
M2,400282,400283,0:00:44
M2,400283,400284,0:01:08
M2,400284,400285,0:00:36
M2,400285,400287,0:00:59
M2,400287,400288,0:00:55
M2,400288,400289,0:00:36
M2,400289,400290,0:00:40
M2,400290,404278,0:00:56
M2,404278,400107,0:01:15
M2,400107,400108,0:00:18
M2,400108,400109,0:00:23
M2,400109,400110,0:00:19
M2,400110,400111,0:00:26
M2,400111,404081,0:00:41
M2,404081,404168,0:00:17
M2,404168,400115,0:00:28
M2,400115,400116,0:00:19
M2,400116,400117,0:00:26
M2,400117,400118,0:00:31
M2,400118,400119,0:00:30
M2,400119,803162,0:00:33
M2,803162,404303,0:00:39
M2,404303,400122,0:00:11
M2,400122,400123,0:00:22
M2,400123,400124,0:00:37
M2,400124,400125,0:00:42
M2,400125,400126,0:00:44
M2,400126,400127,0:00:19
M2,400127,400128,0:00:28
M2,400128,400512,0:00:36
M2,400512,400514,0:01:38
M2,400514,450123,0:00:22
M2,450123,400516,0:00:59
M2,400516,405179,0:00:28
M2,405179,400518,0:00:44
M2,400518,400519,0:00:36
M2,400519,400323,0:00:28
M2,400323,400324,0:00:37
M2,400324,400325,0:00:24
M2,400325,400326,0:00:23
M2,400326,400327,0:00:36
M2,400327,400329,0:00:37
M2,400329,400330,0:00:34
M2,400330,400331,0:00:33
M2,400331,402857,0:00:37
M2,402857,400333,0:00:24
M2,400333,400334,0:00:23
M2,400334,400335,0:00:25
M2,400335,400336,0:00:20
M2,400336,400337,0:00:24
M2,400337,404010,0:00:23
M2,404010,403793,0:00:16
M2,400001,400002,0:00:33
M2,400002,400003,0:00:32
M2,400003,404120,0:00:42
M2,404120,404936,0:00:35
M2,404936,400007,0:01:00
M2,400007,403782,0:00:41
M2,403782,403316,0:00:28
M2,403316,405380,0:01:29
M2,405380,400352,0:00:34
M2,400352,400354,0:01:12
M2,400354,403456,0:00:47
M2,403456,403457,0:00:49
M2,403457,400561,0:00:33
M2,400561,400358,0:00:49
M2,400358,400359,0:00:33
M2,400359,400360,0:00:32
M2,400360,400361,0:00:48
M2,400361,400362,0:00:49
M2,400362,400363,0:00:34
M2,400363,400364,0:00:36
M2,400364,400026,0:00:32
M2,400026,404994,0:00:31
M2,404994,400028,0:00:20
M2,400028,400029,0:00:25
M2,400029,400030,0:00:41
M2,400030,400031,0:00:25
M2,400031,400032,0:00:38
M2,400032,400033,0:00:28
M2,400033,400034,0:00:42
M2,400034,400036,0:00:47
M2,400036,400037,0:00:30
M2,400037,400038,0:00:34
M2,400038,400039,0:00:25
M2,400039,404191,0:00:26
M2,404191,400041,0:00:42
M2,400041,400042,0:00:53
M2,400042,400043,0:00:30
M2,400043,400044,0:00:23
M2,400044,400045,0:00:36
M2,400045,400046,0:00:32
M2,400046,404856,0:00:54
M2,404856,403267,0:00:30
M2,403267,400224,0:01:20
M2,400224,400225,0:00:58
M2,400225,400226,0:01:08
M2,400226,400228,0:01:01
M2,400228,404963,0:01:00
M2,404963,400230,0:00:38
M2,400230,400231,0:00:29
M2,400231,404283,0:00:51
M2,404283,400233,0:00:41
M2,400233,400234,0:00:38
M2,400234,400236,0:01:17
M2,400236,400237,0:00:42
M2,400237,400227,0:00:38
M2,400227,400238,0:00:39
M2,400238,400239,0:00:39
M2,400239,400240,0:00:38
M2,400240,400241,0:00:43
M2,400241,400242,0:00:31
M2,400242,404129,0:00:30
M2,404129,403338,0:00:34
M2,403338,404837,0:00:24
M2,404837,400248,0:02:35
M2,400248,400249,0:00:49
M2,400249,400250,0:00:34
M2,400250,400251,0:00:29
M2,400251,400252,0:00:33
M2,400252,403907,0:00:42
M2,403907,403908,0:00:41
M2,403908,404876,0:00:38
M2,400001,404120,0:02:22
M2,404120,403782,0:03:02
M2,403782,405380,0:02:36
M2,405380,400354,0:02:13
M2,400354,400561,0:02:41
M2,400561,400360,0:02:22
M2,400360,400363,0:02:44
M2,400363,400028,0:02:58
M2,400028,400030,0:01:40
M2,400030,400033,0:02:16
M2,400033,400036,0:02:13
M2,400036,404191,0:02:53
M2,404191,400042,0:01:54
M2,400042,400045,0:01:47
M2,400107,400109,0:01:27
M2,400109,400111,0:01:37
M2,400111,404168,0:02:04
M2,404168,400119,0:04:48
M2,400119,404303,0:02:35
M2,404303,400124,0:02:29
M2,400124,400126,0:02:16
M2,400126,400512,0:02:09
M2,400512,450123,0:03:09
M2,450123,400518,0:03:26
M2,400518,400324,0:02:19
M2,400324,400329,0:02:45
M2,400329,402857,0:02:23
M2,402857,400335,0:01:39
M11,403461,403447,0:01:00
M11,403447,403786,0:01:02
M11,403786,401457,0:00:56
M11,401457,401458,0:01:32
M11,401458,401459,0:00:54
M11,401459,405079,0:01:36
M11,405079,401462,0:01:05
M11,401462,401463,0:01:10
M11,401463,401464,0:00:44
M11,401464,401465,0:00:46
M11,401465,401466,0:00:44
M11,401466,401467,0:00:44
M11,401467,400677,0:00:47
M11,400677,401469,0:01:24
M11,401469,401470,0:00:43
M11,401470,401086,0:00:53
M11,401086,401087,0:00:48
M11,401087,401088,0:01:15
M11,401088,403362,0:00:57
M11,403362,401090,0:01:08
M11,401090,401091,0:00:43
M11,401091,401092,0:01:04
M11,401092,401093,0:01:08
M11,401093,401094,0:00:44
M11,401094,404838,0:01:11
M11,404838,401096,0:01:02
M11,401096,403372,0:01:07
M11,403372,401099,0:00:57
M11,401099,401100,0:00:58
M11,401100,405283,0:00:58
M11,405283,401102,0:01:09
M11,401102,404030,0:01:20
M11,404030,401489,0:00:47
M11,401489,401490,0:00:56
M11,401490,401491,0:00:48
M11,401491,401492,0:01:33
M11,401492,401493,0:00:55
M11,401493,401495,0:01:54
M11,401495,401496,0:00:41
M11,401496,401497,0:00:57
M11,401497,405026,0:00:56
M11,405026,401500,0:01:29
M11,401500,401501,0:00:35
M11,401501,401502,0:01:29
M11,401502,401503,0:00:41
M11,401503,405316,0:01:05
M11,405316,404881,0:00:45
M11,404881,401506,0:01:15
M11,401506,401507,0:00:49
M11,401507,401386,0:01:56
M11,401386,401387,0:00:26
M11,401387,403876,0:00:34
M11,803195,404031,0:00:47
M11,404031,404017,0:00:30
M11,404017,404018,0:00:28
M11,404018,404019,0:00:44
M11,404019,403447,0:00:31
M11,401393,405420,0:00:54
M11,405420,405265,0:01:06
M11,405265,405152,0:01:03
M11,405152,405151,0:01:57
M11,405151,404161,0:00:50
M11,404161,401398,0:00:33
M11,401398,403802,0:00:37
M11,403802,401400,0:00:48
M11,401400,401401,0:00:30
M11,401401,401402,0:01:28
M11,401402,401404,0:01:14
M11,401404,404279,0:01:12
M11,404279,405512,0:00:07
M11,405512,401407,0:01:41
M11,401407,401408,0:01:09
M11,401408,401409,0:00:47
M11,401409,401410,0:00:46
M11,401410,401411,0:01:18
M11,401411,401412,0:01:02
M11,401412,401413,0:00:36
M11,401413,401414,0:01:21
M11,401414,401416,0:01:04
M11,401416,401417,0:01:06
M11,401417,403472,0:00:51
M11,403472,403555,0:00:47
M11,403555,401021,0:01:13
M11,401021,401022,0:00:48
M11,401022,401023,0:01:07
M11,401023,401024,0:00:45
M11,401024,401025,0:00:52
M11,401025,401026,0:00:47
M11,401026,401027,0:01:13
M11,401027,404320,0:00:57
M11,404320,401029,0:00:58
M11,401029,401030,0:00:47
M11,401030,401031,0:01:12
M11,401031,401032,0:00:47
M11,401032,401033,0:00:47
M11,401033,401034,0:00:47
M11,401034,401035,0:00:59
M11,401035,401435,0:00:55
M11,401435,401436,0:01:19
M11,401436,401438,0:01:47
M11,401438,403886,0:01:03
M11,403886,401440,0:01:13
M11,401440,401441,0:01:07
M11,401441,401442,0:01:07
M11,401442,401443,0:02:25
M11,401443,403292,0:00:25
M11,403292,401444,0:00:53
M11,401444,401446,0:00:47
M11,401446,401447,0:01:06
M11,401447,403757,0:01:37
M11,403757,404011,0:01:30
M11,404011,404012,0:00:18
M11,404012,404013,0:00:33
M11,404013,404056,0:00:16
M11,404056,404014,0:00:42
M11,404014,404015,0:00:22
M11,404015,803194,0:00:49
M11,401497,401501,0:05:00
M11,401447,404147,0:00:18
M11,404147,903092,0:01:00
M4,903230,403903,0:01:23
M4,403903,403142,0:00:42
M4,403142,403145,0:02:00
M4,403145,405234,0:00:51
M4,405234,403147,0:01:27
M4,403147,403148,0:00:48
M4,403148,403149,0:00:46
M4,403149,400676,0:00:59
M4,400676,400677,0:01:14
M4,400677,400678,0:01:17
M4,400678,400485,0:00:33
M4,400485,400486,0:01:02
M4,400486,400290,0:01:20
M4,400290,404278,0:01:10
M4,404278,400292,0:01:28
M4,400292,400108,0:00:36
M4,400108,400109,0:00:39
M4,400109,400110,0:00:33
M4,400110,400111,0:00:44
M4,400111,404081,0:01:09
M4,404081,404168,0:00:29
M4,404168,400115,0:00:49
M4,400115,400116,0:00:32
M4,400116,400117,0:00:43
M4,400117,400118,0:00:53
M4,400118,400119,0:00:52
M4,400119,803162,0:00:55
M4,803162,404303,0:01:08
M4,404303,400122,0:00:18
M4,400122,400123,0:00:37
M4,400123,400124,0:01:03
M4,400124,400125,0:01:06
M4,400125,400126,0:01:10
M4,400126,400127,0:00:29
M4,400127,400128,0:00:44
M4,400128,400512,0:00:56
M4,400512,400514,0:02:34
M4,400514,400515,0:01:04
M4,400515,400516,0:01:04
M4,400516,405179,0:00:44
M4,405179,400518,0:01:09
M4,400518,400519,0:01:04
M4,400519,450375,0:00:30
M4,450375,903235,0:01:39
M4,903235,903217,0:01:04
M4,903217,903085,0:01:43
M4,403267,400224,0:01:55
M4,400224,400225,0:01:23
M4,400225,400390,0:02:04
M4,400390,400595,0:00:53
M4,400595,400596,0:00:49
M4,400596,400597,0:01:35
M4,400597,400598,0:01:15
M4,400598,404260,0:01:40
M4,404260,403122,0:01:09
M4,403122,404262,0:01:52
M4,404262,403125,0:01:15
M4,403125,403126,0:01:27
M4,403126,403127,0:00:43
M4,403127,404232,0:02:00
M4,404232,403461,0:00:46
M4,403461,903236,0:01:14
M4,903236,400609,0:00:38
M4,400609,400610,0:01:14
M4,400610,400611,0:01:00
M4,400611,400612,0:00:58
M4,400612,400613,0:01:10
M4,400613,400614,0:01:04
M4,400614,400615,0:01:11
M4,400615,400616,0:01:10
M4,400616,400617,0:01:13
M4,400617,400618,0:01:13
M4,400618,400619,0:01:11
M4,400619,400620,0:01:11
M4,400620,400621,0:01:10
M4,400621,400622,0:01:11
M4,400622,404920,0:02:51
M4,404920,404921,0:01:35
M4,404921,400626,0:01:20
M4,400626,400627,0:00:53
M4,400627,400628,0:00:44
M4,400628,400629,0:00:42
M4,400629,400631,0:02:08
M4,400631,400632,0:00:46
M4,400632,400633,0:00:48
M4,400633,400634,0:00:55
M4,400634,400635,0:01:35
M4,400635,400636,0:01:09
M4,400552,403539,0:01:16
M4,403539,400555,0:01:42
M4,400555,400353,0:00:51
M4,400353,400354,0:01:11
M4,400354,403456,0:01:15
M4,403456,403457,0:01:18
M4,403457,400561,0:00:54
M4,400561,400358,0:01:19
M4,400358,400359,0:00:52
M4,400359,400360,0:00:52
M4,400360,400361,0:01:17
M4,400361,400362,0:01:18
M4,400362,400363,0:00:55
M4,400363,400364,0:00:46
M4,400364,400026,0:00:39
M4,400026,404994,0:00:39
M4,404994,400028,0:00:24
M4,400028,400029,0:00:32
M4,400029,400030,0:00:51
M4,400030,405392,0:00:43
M4,405392,400032,0:00:36
M4,400032,400033,0:00:35
M4,400033,400034,0:00:52
M4,400034,400036,0:00:59
M4,400036,400037,0:00:38
M4,400037,400038,0:00:42
M4,400038,400039,0:00:32
M4,400039,404191,0:00:32
M4,404191,400041,0:00:42
M4,400041,400042,0:00:53
M4,400042,400043,0:00:30
M4,400043,400044,0:00:23
M4,400044,400045,0:00:36
M4,400045,400046,0:00:32
M4,400046,404856,0:00:54
M4,404856,403267,0:00:30
M4,400636,404117,0:01:12
M4,404117,803067,0:00:48
M4,400354,400561,0:04:23
M4,400561,400360,0:03:50
M4,400360,400363,0:04:27
M4,400363,400028,0:03:28
M4,400028,400030,0:01:56
M4,400030,400033,0:02:39
M4,400033,400036,0:02:35
M4,400036,404191,0:03:22
M4,404191,400042,0:02:13
M4,400042,400045,0:02:05
M4,400045,404856,0:02:00
M4,400598,403122,0:03:08
M4,403122,403125,0:03:28
M4,403125,403127,0:02:24
M4,403127,903229,0:04:00
M4,903229,903236,0:02:00
M4,903236,400613,0:03:00
M4,400613,400619,0:04:42
M4,400639,400640,0:01:19
M4,400640,400641,0:01:04
M4,400641,400642,0:00:50
M4,400642,400643,0:00:38
M4,400643,400644,0:00:38
M4,400644,400646,0:01:34
M4,400646,400647,0:00:52
M4,400647,400648,0:00:44
M4,400648,400649,0:00:41
M4,400649,403373,0:00:40
M4,403373,403374,0:01:06
M4,403374,403375,0:00:39
M4,403375,403376,0:00:40
M4,403376,403377,0:00:47
M4,403377,400655,0:01:14
M4,400655,400656,0:01:03
M4,400656,400657,0:01:07
M4,400657,400658,0:00:46
M4,400658,400659,0:01:08
M4,400659,403483,0:00:30
M4,403483,400661,0:01:46
M4,400661,400662,0:00:55
M4,400662,400663,0:00:56
M4,400663,803157,0:01:23
M4,803157,903230,0:01:00
M4,400655,403483,0:04:04
M4,403483,803157,0:04:00
M4,903230,403142,0:02:15
M4,403142,403147,0:04:40
M4,403147,400676,0:02:45
M4,400109,400111,0:01:36
M4,400111,404168,0:02:03
M4,404168,400119,0:04:45
M4,400119,404303,0:02:34
M4,404303,400124,0:02:28
M4,400124,400126,0:02:16
M4,400126,400512,0:02:09
M4,400512,400516,0:04:42
M4,400516,400518,0:01:53
M4,400518,450375,0:02:21
M4,403835,404118,0:00:15
M4,404118,400639,0:00:45
M15+,803121,401666,0:03:15
M15+,401666,404850,0:01:43
M15+,404850,405319,0:03:45
M15+,405319,405320,0:04:29
M15+,405320,903093,0:03:48
M15+,903093,401687,0:05:00
M15+,401687,405323,0:03:42
M15+,405323,404995,0:01:35
M15+,404995,403480,0:02:16
M15+,403480,401698,0:03:14
M15+,401698,401701,0:02:42
M15+,401701,401704,0:03:17
M15+,401704,401707,0:03:47
M15+,401707,401712,0:04:53
M15+,401712,401715,0:02:50
M15+,401715,903102,0:04:44
M15+,903102,401723,0:02:08
M15+,401723,401727,0:02:41
M15+,401727,401731,0:02:11
M15+,401731,803054,0:02:00
M15+,401732,401738,0:00:21
M15+,401738,405348,0:01:39
M15+,405348,405347,0:01:15
M15+,405347,401749,0:01:45
M15+,401749,903129,0:02:15
M15+,903129,401756,0:01:57
M15+,401756,401761,0:02:40
M15+,401761,401765,0:02:42
M15+,401765,401768,0:01:41
M15+,401768,401771,0:01:58
M15+,401771,401774,0:01:56
M15+,401774,403525,0:01:22
M15+,403525,401779,0:01:19
M15+,401779,405340,0:02:13
M15+,405340,803109,0:03:06
M15+,803109,403849,0:00:51
M15+,403849,405373,0:02:45
M15+,405373,402112,0:03:17
M15+,402112,403590,0:02:56
M15+,403590,403754,0:01:38
M15+,403754,803120,0:02:24
M1,405284,400088,0:00:32
M1,400088,400089,0:00:57
M1,400089,400091,0:00:55
M1,400091,400092,0:01:22
M1,400092,400093,0:00:31
M1,400093,400094,0:00:43
M1,400094,400095,0:00:46
M1,400095,400096,0:00:34
M1,400096,400097,0:00:33
M1,400097,400098,0:00:51
M1,400098,400099,0:00:48
M1,400099,400100,0:00:42
M1,400100,400101,0:00:47
M1,400101,400102,0:00:43
M1,400102,400103,0:00:35
M1,400103,400105,0:01:06
M1,400105,400107,0:00:35
M1,400107,400108,0:00:23
M1,400108,400109,0:00:29
M1,400109,400110,0:00:25
M1,400110,400111,0:00:33
M1,400111,404081,0:00:53
M1,404081,404168,0:00:22
M1,404168,400115,0:00:37
M1,400115,400116,0:00:24
M1,400116,400117,0:00:33
M1,400117,400118,0:00:40
M1,400118,400119,0:00:39
M1,400119,803162,0:00:41
M1,803162,404303,0:00:51
M1,404303,400122,0:00:15
M1,400122,400123,0:00:28
M1,400123,400124,0:00:47
M1,400124,400125,0:00:48
M1,400125,400126,0:00:51
M1,400126,400127,0:00:21
M1,400127,400128,0:00:32
M1,400128,400512,0:00:41
M1,400512,400514,0:01:52
M1,400514,400515,0:00:47
M1,400515,400516,0:00:46
M1,400516,405179,0:00:32
M1,405179,400518,0:00:50
M1,400518,400519,0:00:36
M1,400519,400323,0:00:28
M1,400323,400324,0:00:37
M1,400324,400325,0:00:24
M1,400325,400326,0:00:23
M1,400326,400327,0:00:36
M1,400327,400329,0:00:37
M1,400329,400330,0:00:34
M1,400330,400331,0:00:33
M1,400331,402857,0:00:37
M1,402857,400333,0:00:24
M1,400333,400334,0:00:23
M1,400334,400335,0:00:25
M1,400335,400336,0:00:20
M1,400336,400337,0:00:24
M1,400337,404010,0:00:23
M1,404010,403793,0:00:16
M1,400337,400153,0:00:32
M1,400153,400154,0:00:40
M1,400154,400155,0:00:27
M1,400155,403311,0:00:24
M1,403311,404916,0:01:19
M1,404916,400157,0:01:22
M1,400157,803192,0:04:19
M1,400095,400098,0:03:57
M1,400098,400103,0:07:10
M1,400103,400107,0:03:21
M1,400107,400109,0:01:27
M1,400109,400111,0:01:37
M1,400111,404168,0:02:04
M1,404168,400119,0:04:48
M1,400119,404303,0:02:35
M1,404303,400124,0:02:29
M1,400124,400126,0:02:16
M1,400126,400512,0:02:09
M1,400512,400515,0:03:38
M1,400515,400518,0:02:57
M1,400518,400324,0:02:22
M1,400324,400329,0:02:49
M1,400329,402857,0:02:26
M1,402857,400335,0:01:40
M1,903130,400081,0:01:52
M1,400081,400083,0:02:30
M1,400083,400085,0:02:38
M1,400085,400086,0:01:35
M1,400086,400001,0:01:25
M1,400001,400002,0:01:00
M1,400002,400003,0:00:59
M1,400003,404120,0:01:17
M1,404120,404936,0:01:03
M1,404936,400007,0:01:50
M1,400007,403782,0:01:16
M1,403782,403316,0:00:51
M1,403316,405380,0:02:44
M1,405380,400352,0:00:59
M1,400352,400354,0:02:07
M1,400354,403456,0:01:22
M1,403456,403457,0:01:25
M1,403457,400561,0:00:59
M1,400561,400358,0:01:25
M1,400358,400359,0:00:57
M1,400359,400360,0:00:56
M1,400360,400361,0:01:25
M1,400361,400362,0:01:25
M1,400362,400363,0:01:00
M1,400363,400364,0:01:08
M1,400364,400026,0:01:00
M1,400026,404994,0:00:58
M1,404994,400028,0:00:37
M1,400028,400029,0:00:47
M1,400029,400030,0:01:17
M1,400030,400031,0:00:47
M1,400031,400032,0:01:12
M1,400032,400033,0:00:51
M1,400033,400034,0:01:18
M1,400034,400036,0:01:29
M1,400036,400037,0:00:57
M1,400037,400038,0:01:03
M1,400038,400039,0:00:47
M1,400039,404191,0:00:49
M1,404191,400041,0:00:49
M1,400041,400042,0:01:03
M1,400042,400043,0:00:36
M1,400043,400044,0:00:26
M1,400044,400045,0:00:42
M1,400045,400046,0:00:38
M1,400046,400047,0:00:42
M1,400047,400048,0:00:40
M1,400048,404103,0:00:49
M1,404103,400050,0:00:35
M1,400050,400051,0:00:53
M1,400051,403980,0:00:54
M1,403980,400053,0:00:34
M1,400053,400054,0:00:35
M1,400054,400055,0:00:33
M1,400055,400056,0:00:34
M1,400056,400057,0:00:53
M1,400057,403711,0:00:54
M1,403711,400059,0:00:34
M1,400059,400060,0:00:36
M1,400060,400061,0:00:34
M1,400061,400062,0:01:03
M1,400062,404335,0:00:50
M1,404335,400065,0:00:51
M1,400065,400066,0:00:36
M1,400066,400067,0:00:44
M1,400067,803003,0:01:22
M1,400001,404120,0:03:33
M1,404120,403782,0:04:33
M1,403782,405380,0:03:54
M1,405380,400354,0:03:32
M1,400354,400561,0:04:19
M1,400561,400360,0:03:47
M1,400360,400363,0:04:22
M1,400363,400028,0:03:13
M1,400028,400030,0:01:48
M1,400030,400033,0:02:27
M1,400033,400036,0:02:25
M1,400036,404191,0:03:07
M1,404191,400042,0:01:52
M1,400042,400045,0:01:44
M1,400045,400047,0:01:20
M1,400047,400050,0:02:04
M1,400050,400054,0:03:23
M1,400054,400057,0:02:18
M1,400364,405490,0:00:48
M1,405490,404994,0:00:39
M35,402458,402460,0:00:38
M35,402460,402461,0:00:32
M35,402461,404352,0:03:56
M35,404352,405140,0:00:36
M35,405140,404353,0:00:43
M35,404353,404354,0:01:21
M35,404354,404355,0:01:24
M35,404355,404356,0:00:22
M35,404356,803034,0:00:28
M35,803026,803027,0:00:24
M35,803027,803028,0:00:24
M35,803028,803029,0:00:53
M35,803029,803030,0:00:17
M35,803030,803021,0:00:48
M35,803021,404350,0:01:14
M35,404350,404351,0:00:20
M35,404351,405015,0:01:38
M35,405015,405016,0:00:12
M35,405016,402498,0:02:21
M35,402498,403787,0:00:17
M35,403787,903075,0:00:12
M7,400087,400088,0:00:35
M7,400088,400089,0:00:55
M7,400089,404339,0:00:56
M7,404339,404338,0:00:38
M7,404338,401069,0:00:40
M7,401069,401070,0:00:51
M7,401070,404337,0:00:57
M7,404337,404336,0:00:37
M7,404336,803165,0:00:51
M7,803165,401074,0:00:47
M7,401074,404978,0:01:05
M7,404978,404274,0:01:00
M7,404274,401078,0:01:17
M7,401078,401079,0:00:51
M7,401079,400482,0:00:51
M7,400482,400483,0:00:31
M7,400483,400484,0:00:53
M7,400484,403392,0:00:45
M7,403392,401084,0:00:37
M7,401084,401085,0:00:32
M7,401085,401086,0:00:51
M7,401086,401087,0:00:30
M7,401087,401088,0:00:47
M7,401088,403362,0:00:36
M7,403362,401090,0:00:40
M7,401090,401091,0:00:26
M7,401091,401092,0:00:37
M7,401092,401093,0:00:40
M7,401093,401094,0:00:26
M7,401094,404838,0:00:42
M7,404838,401096,0:00:36
M7,401096,403372,0:00:42
M7,403372,401099,0:00:36
M7,401099,401100,0:00:37
M7,401100,405283,0:00:36
M7,405283,400858,0:00:29
M7,400858,400860,0:01:10
M7,400860,903233,0:00:46
M7,903233,400861,0:00:12
M7,400861,403781,0:00:34
M7,403781,405291,0:01:30
M7,405291,400950,0:01:09
M7,400950,400951,0:00:32
M7,400951,403797,0:01:07
M7,403797,405297,0:02:28
M7,405297,404153,0:01:12
M7,404153,401358,0:01:08
M7,401358,401359,0:00:51
M7,401359,401360,0:01:21
M7,401360,401361,0:00:31
M7,401361,401363,0:00:32
M7,401363,401364,0:00:33
M7,401364,404244,0:00:24
M7,404244,401366,0:00:29
M7,401366,405298,0:00:27
M7,405298,401294,0:00:34
M7,401294,903176,0:00:30
M7,400726,404991,0:01:36
M7,404991,403914,0:01:36
M7,403914,400929,0:01:50
M7,400929,400731,0:02:19
M7,400731,400732,0:01:16
M7,400732,403769,0:01:29
M7,403769,400933,0:01:54
M7,400933,404039,0:02:34
M7,404039,404040,0:01:51
M7,404040,400936,0:01:35
M7,400936,404043,0:02:04
M7,404043,400938,0:01:21
M7,400938,403132,0:01:35
M7,403132,400940,0:01:01
M7,400940,400941,0:01:56
M7,400941,404992,0:01:50
M7,404992,400943,0:01:56
M7,400943,401014,0:02:01
M7,401014,401015,0:01:17
M7,401015,401016,0:01:52
M7,401016,400747,0:02:07
M7,400747,403271,0:02:21
M7,403271,400750,0:02:20
M7,400750,401021,0:02:19
M7,401021,401022,0:01:10
M7,401022,401023,0:01:37
M7,401023,401024,0:01:06
M7,401024,401025,0:01:15
M7,401025,401026,0:01:08
M7,401026,401027,0:01:47
M7,401027,404320,0:01:22
M7,404320,401029,0:01:26
M7,401029,401030,0:01:07
M7,401030,401031,0:01:46
M7,401031,401032,0:01:08
M7,401032,401033,0:01:08
M7,401033,401034,0:00:51
M7,401034,401035,0:01:05
M7,401035,401036,0:01:00
M7,401036,401037,0:01:39
M7,401037,401038,0:00:48
M7,401038,401039,0:01:11
M7,401039,405087,0:00:58
M7,405087,405092,0:01:13
M7,405092,400394,0:01:11
M7,400394,401044,0:01:04
M7,401044,401045,0:01:52
M7,401045,404341,0:01:41
M7,404341,401047,0:01:26
M7,401047,404333,0:01:29
M7,404333,404334,0:01:32
M7,404334,401051,0:00:39
M7,401051,401052,0:00:36
M7,401052,405014,0:00:55
M7,405014,401055,0:00:41
M7,401055,401056,0:00:53
M7,401056,400062,0:00:34
M7,400062,404335,0:00:54
M7,404335,400065,0:00:55
M7,400065,400066,0:00:39
M7,400066,400067,0:00:47
M7,400067,803003,0:01:27
M31,404058,401412,0:01:11
M31,401412,403992,0:00:43
M31,403992,403984,0:01:06
M31,403984,803001,0:02:00
M31,803001,403736,0:01:02
M31,403736,403621,0:01:42
M31,403621,803095,0:01:09
M31,803095,403620,0:01:07
M31,403620,402214,0:01:40
M31,402214,402215,0:01:01
M31,402215,402216,0:01:01
M31,402216,402217,0:01:14
M31,402217,402218,0:00:32
M31,402218,402328,0:01:02
M31,402328,404154,0:00:54
M31,404154,402330,0:01:20
M31,402330,402331,0:01:16
M31,402331,403563,0:00:41
M31,403563,402334,0:01:05
M31,402334,803159,0:00:31
M31,803159,402336,0:00:38
M31,402336,401877,0:00:53
M31,401877,402338,0:00:56
M31,402338,402339,0:00:35
M31,402339,401909,0:00:41
M31,401909,401910,0:00:31
M31,401910,403367,0:00:49
M31,403367,403383,0:00:50
M31,403383,904918,0:00:50
M31,405003,401916,0:00:19
M31,401916,401917,0:00:33
M31,401917,402345,0:00:22
M31,402345,402346,0:00:26
M31,402346,402347,0:00:22
M31,402347,402348,0:00:37
M31,402348,402349,0:00:23
M31,402349,403726,0:00:32
M31,403726,402351,0:00:26
M31,402351,403297,0:00:59
M31,403297,403735,0:01:01
M31,403735,402355,0:01:07
M31,402355,405389,0:00:32
M31,405389,404266,0:01:45
M31,404266,402222,0:01:30
M31,402222,402223,0:01:06
M31,402223,402224,0:01:20
M31,402224,403617,0:00:57
M31,403617,803117,0:01:43
M31,803117,402228,0:00:58
M31,402228,402229,0:01:41
M31,402229,400744,0:01:24
M31,400744,400745,0:00:57
M31,400745,402233,0:01:13
M31,402233,403986,0:01:01
M31,403986,403987,0:00:57
M31,403987,903074,0:00:49
M15,401732,401738,0:00:48
M15,401738,401739,0:01:03
M15,401739,401740,0:01:04
M15,401740,401741,0:01:05
M15,401741,401742,0:00:59
M15,401742,401743,0:00:58
M15,401743,401744,0:00:39
M15,401744,401745,0:00:41
M15,401745,404091,0:00:55
M15,404091,401747,0:00:37
M15,401747,401748,0:01:11
M15,401748,803182,0:00:25
M15,803182,403342,0:00:34
M15,403342,405233,0:00:29
M15,405233,405307,0:00:46
M15,405307,401753,0:00:31
M15,401753,401754,0:00:51
M15,401754,401755,0:00:31
M15,401755,401756,0:00:53
M15,401756,401758,0:01:31
M15,401758,401759,0:01:31
M15,401759,401760,0:01:00
M15,401760,401761,0:00:58
M15,401761,401762,0:01:03
M15,401762,401763,0:00:57
M15,401763,401764,0:01:32
M15,401764,401765,0:02:00
M15,401765,403887,0:01:28
M15,403887,401768,0:02:00
M15,401768,401769,0:01:03
M15,401769,401771,0:01:29
M15,401771,401772,0:00:55
M15,401772,404909,0:00:43
M15,404909,401774,0:00:50
M15,401774,401775,0:01:14
M15,401775,405336,0:01:02
M15,405336,401778,0:01:27
M15,401778,401779,0:00:56
M15,401779,401780,0:01:10
M15,401780,401781,0:01:11
M15,401781,401782,0:01:00
M15,401782,404105,0:00:57
M15,404105,401784,0:01:03
M15,401784,401785,0:00:57
M15,401785,401786,0:01:00
M15,401786,401787,0:01:12
M15,401787,403849,0:00:51
M15,403849,403647,0:02:13
M15,403647,405373,0:02:11
M15,405373,401793,0:01:06
M15,401793,404844,0:01:30
M15,404844,402111,0:00:38
M15,402111,402112,0:00:43
M15,402112,903054,0:00:31
M15,903054,404327,0:00:30
M15,404327,401797,0:00:34
M15,401797,403590,0:00:49
M15,403590,403831,0:00:26
M15,403831,401800,0:00:23
M15,401800,405337,0:00:42
M15,405337,401802,0:00:24
M15,401802,405084,0:00:47
M15,405084,803002,0:00:33
M15,404844,904920,0:02:00
M15,803019,401664,0:01:10
M15,401664,401665,0:00:55
M15,401665,401666,0:00:38
M15,401666,401667,0:00:38
M15,401667,404850,0:00:47
M15,404850,401669,0:00:50
M15,401669,401670,0:00:41
M15,401670,402087,0:00:58
M15,402087,405319,0:00:37
M15,405319,402090,0:01:00
M15,402090,404843,0:00:46
M15,404843,401675,0:00:38
M15,401675,405320,0:01:22
M15,405320,401679,0:01:07
M15,401679,401681,0:01:06
M15,401681,401682,0:00:47
M15,401682,405098,0:00:53
M15,405098,401685,0:01:07
M15,401685,401686,0:00:51
M15,401686,401687,0:01:09
M15,401687,401688,0:00:25
M15,401688,401689,0:00:48
M15,401689,401690,0:00:47
M15,401690,401691,0:00:35
M15,401691,405396,0:00:28
M15,405396,404995,0:00:22
M15,404995,401694,0:00:35
M15,401694,403480,0:00:54
M15,403480,401696,0:00:28
M15,401696,401697,0:00:46
M15,401697,401698,0:00:52
M15,401698,401699,0:00:35
M15,401699,401701,0:01:13
M15,401701,401702,0:00:46
M15,401702,401703,0:00:46
M15,401703,401704,0:00:40
M15,401704,404253,0:01:01
M15,404253,401706,0:00:29
M15,401706,401707,0:00:41
M15,401707,401708,0:00:41
M15,401708,401709,0:00:29
M15,401709,401710,0:00:41
M15,401710,401711,0:00:28
M15,401711,401712,0:00:30
M15,401712,405100,0:00:39
M15,405100,401715,0:00:52
M15,401715,401716,0:00:38
M15,401716,401718,0:00:51
M15,401718,903102,0:01:06
M15,903102,401721,0:00:26
M15,401721,401722,0:00:29
M15,401722,401723,0:00:53
M15,401723,401724,0:00:38
M15,401724,401725,0:00:30
M15,401725,401726,0:00:25
M15,401726,401727,0:00:42
M15,401727,401729,0:00:55
M15,401729,401730,0:00:30
M15,401730,401731,0:00:26
M15,401731,803054,0:02:00
M15,405359,404843,0:01:00
M14D,401595,405260,0:01:33
M14D,405260,403808,0:00:45
M14A,401193,401194,0:00:59
M14A,401194,401610,0:01:28
M103,404255,402805,0:00:42
M103,402805,405057,0:00:44
M103,405057,403416,0:00:48
M103,403416,402809,0:00:23
M103,402809,402811,0:01:02
M103,402811,403417,0:01:02
M103,403417,401973,0:00:31
M103,401973,401974,0:00:28
M103,401974,402816,0:00:20
M103,402816,403749,0:00:25
M103,403749,403418,0:00:35
M103,403418,402819,0:00:30
M103,402819,404947,0:00:30
M103,404947,405066,0:00:43
M103,405066,403419,0:00:43
M103,403419,404321,0:00:49
M103,404321,402826,0:00:56
M103,402826,404854,0:00:37
M103,404854,402829,0:00:45
M103,402829,403421,0:00:26
M103,403421,402831,0:00:36
M103,402831,403422,0:00:25
M103,403422,803158,0:00:54
M103,803158,402835,0:00:29
M103,402835,404171,0:00:37
M103,404171,402838,0:00:53
M103,402838,803163,0:01:06
M103,803163,403424,0:00:28
M103,403424,402841,0:00:29
M103,402841,402842,0:00:32
M103,402842,402843,0:00:32
M103,402843,403425,0:01:00
M103,403425,402845,0:00:26
M103,402845,402846,0:00:33
M103,402846,403821,0:00:53
M103,403821,403822,0:00:51
M103,403822,402851,0:00:42
M103,402851,402852,0:00:30
M103,402852,405272,0:00:28
M103,405272,402854,0:00:37
M103,402854,403772,0:01:25
M103,403772,402856,0:01:08
M103,402856,404106,0:01:11
M103,404106,402858,0:01:14
M103,402858,404092,0:01:02
M103,404092,402861,0:01:08
M103,402861,402862,0:00:37
M103,402862,402863,0:00:41
M103,402863,402864,0:00:43
M103,402864,402865,0:00:51
M103,402865,402867,0:00:49
M103,402867,402868,0:01:00
M103,402868,402869,0:00:31
M103,402869,803077,0:00:48
M103,803077,903146,0:02:52
M103,803154,404255,0:01:00
M103,903145,404857,0:02:29
M103,404857,402753,0:01:03
M103,402753,405269,0:00:51
M103,405269,402755,0:00:37
M103,402755,402757,0:00:49
M103,402757,402760,0:01:17
M103,402760,405130,0:00:32
M103,405130,402762,0:00:38
M103,402762,402666,0:00:44
M103,402666,405155,0:00:44
M103,405155,403526,0:00:29
M103,403526,403913,0:00:44
M103,403913,402670,0:00:41
M103,402670,405061,0:00:42
M103,405061,403855,0:00:40
M103,403855,402673,0:00:46
M103,402673,402674,0:00:47
M103,402674,402634,0:00:21
M103,402634,403427,0:00:37
M103,403427,402677,0:01:11
M103,402677,402678,0:00:30
M103,402678,402679,0:00:48
M103,402679,402680,0:00:35
M103,402680,402681,0:00:47
M103,402681,402682,0:00:34
M103,402682,405488,0:00:59
M103,405488,405480,0:01:02
M103,405480,403545,0:01:04
M103,403545,450051,0:00:42
M103,450051,402687,0:00:38
M103,402687,402688,0:00:39
M103,402688,402689,0:00:20
M103,402689,403432,0:00:37
M103,403432,402691,0:00:37
M103,402691,402692,0:00:24
M103,402692,403433,0:00:27
M103,403433,402694,0:00:38
M103,402694,403434,0:00:36
M103,403434,402696,0:00:39
M103,402696,402697,0:00:34
M103,402697,403765,0:00:25
M103,403765,403777,0:00:43
M103,403777,401946,0:01:00
M103,401946,401947,0:00:30
M103,401947,401948,0:00:28
M103,401948,403436,0:00:30
M103,403436,402704,0:00:41
M103,402704,402705,0:00:44
M103,402705,405181,0:00:45
M103,405181,402707,0:00:39
M103,402707,403438,0:00:54
M103,403438,903042,0:00:49
M103,903042,803153,0:01:00
M101,402816,403749,0:00:25
M101,403749,403418,0:00:35
M101,403418,402819,0:00:30
M101,402819,404947,0:00:30
M101,404947,405066,0:00:43
M101,405066,403419,0:00:43
M101,403419,404321,0:00:49
M101,404321,402826,0:00:56
M101,402826,404854,0:00:37
M101,404854,402829,0:00:45
M101,402829,403421,0:00:26
M101,403421,402831,0:00:36
M101,402831,403422,0:00:25
M101,403422,803158,0:00:54
M101,803158,402835,0:00:29
M101,402835,404171,0:00:37
M101,404171,402838,0:00:53
M101,402838,803163,0:01:06
M101,803163,403424,0:00:28
M101,403424,402841,0:00:29
M101,402841,402842,0:00:32
M101,402842,402843,0:00:32
M101,402843,403425,0:01:00
M101,403425,402845,0:00:26
M101,402845,402846,0:00:33
M101,402846,403821,0:00:53
M101,403821,403822,0:00:51
M101,403822,402851,0:00:42
M101,402851,402852,0:00:30
M101,402852,405272,0:00:28
M101,405272,402854,0:00:37
M101,402854,403772,0:01:23
M101,403772,402856,0:01:07
M101,402856,404106,0:01:10
M101,404106,402858,0:01:13
M101,402858,903148,0:01:07
M101,903147,405155,0:00:23
M101,405155,403526,0:00:32
M101,403526,403913,0:00:49
M101,403913,402670,0:00:45
M101,402670,405061,0:00:47
M101,405061,403855,0:00:44
M101,403855,402673,0:00:46
M101,402673,402674,0:00:47
M101,402674,402634,0:00:21
M101,402634,403427,0:00:37
M101,403427,402677,0:01:11
M101,402677,402678,0:00:30
M101,402678,402679,0:00:48
M101,402679,402680,0:00:35
M101,402680,402681,0:00:47
M101,402681,402682,0:00:34
M101,402682,405488,0:00:59
M101,405488,405480,0:01:02
M101,405480,403545,0:01:04
M101,403545,450051,0:00:42
M101,450051,402687,0:00:38
M101,402687,402688,0:00:39
M101,402688,402689,0:00:20
M101,402689,403432,0:00:37
M101,403432,402691,0:00:37
M101,402691,402692,0:00:24
M101,402692,403433,0:00:27
M101,403433,402694,0:00:38
M101,402694,403434,0:00:36
M101,403434,402696,0:00:39
M101,402696,402697,0:00:34
M101,402697,403765,0:00:25
M101,403765,403777,0:00:43
M101,403777,401946,0:01:00
M101,401946,401947,0:00:31
M101,401947,401948,0:00:28
M101,401948,403436,0:00:30
M101,403436,402704,0:00:42
M101,402704,402705,0:00:45
M101,402705,405181,0:00:45
M101,405181,402707,0:00:40
M101,402707,403438,0:00:55
M101,403438,402502,0:00:44
M101,402502,402503,0:00:40
M101,402503,402504,0:00:45
M101,402504,402505,0:00:40
M101,402505,402506,0:00:24
M101,402506,402507,0:01:44
M101,402507,402508,0:01:15
M101,402508,402509,0:01:13
M101,402509,402510,0:00:37
M101,402510,402512,0:01:42
M101,402512,401445,0:00:33
M101,401445,401446,0:00:20
M101,401446,401447,0:00:51
M101,401447,401448,0:00:34
M101,401448,402517,0:00:45
M101,402517,402518,0:00:51
M101,402518,402519,0:00:41
M101,402519,402520,0:00:55
M101,402520,402521,0:00:41
M101,402521,405103,0:01:02
M101,405103,405074,0:01:07
M101,405074,402526,0:00:53
M101,402526,405073,0:00:59
M101,405073,404853,0:00:48
M101,404853,405075,0:01:05
M101,405075,405076,0:01:05
M101,405076,402740,0:01:08
M101,402740,402741,0:00:33
M101,402741,405077,0:01:00
M101,405077,402744,0:00:54
M101,402744,402745,0:00:40
M101,402745,405185,0:00:42
M101,405185,402748,0:01:11
M101,402748,402749,0:00:51
M101,402749,803020,0:00:51
M101,400448,404008,0:01:34
M101,404008,402764,0:00:30
M101,402764,405186,0:00:41
M101,405186,402766,0:00:25
M101,402766,402767,0:00:33
M101,402767,402769,0:00:59
M101,402769,405069,0:00:51
M101,405069,402772,0:00:44
M101,402772,402773,0:00:34
M101,402773,402774,0:00:28
M101,402774,405070,0:00:48
M101,405070,404949,0:00:53
M101,404949,402638,0:01:14
M101,402638,402639,0:00:49
M101,402639,402641,0:01:15
M101,402641,402642,0:00:59
M101,402642,402643,0:00:40
M101,402643,402644,0:01:08
M101,402644,402645,0:00:46
M101,402645,402646,0:01:07
M101,402646,402647,0:00:42
M101,402647,405078,0:01:06
M101,405078,401458,0:01:30
M101,401458,401459,0:00:40
M101,401459,402653,0:01:04
M101,402653,402723,0:00:59
M101,402723,402656,0:00:49
M101,402656,402657,0:00:36
M101,402657,402658,0:01:09
M101,402658,402659,0:01:08
M101,402659,402660,0:01:17
M101,402660,402661,0:00:37
M101,402661,402662,0:00:42
M101,402662,404255,0:00:43
M101,404255,402805,0:00:42
M101,402805,405057,0:00:44
M101,405057,403416,0:00:48
M101,403416,402809,0:00:23
M101,402809,402811,0:01:02
M101,402811,403417,0:01:02
M101,403417,401973,0:00:31
M101,401973,401974,0:00:28
M101,401974,402816,0:00:20
M101,404255,403416,0:05:36
M101,403416,403417,0:06:06
M101,403417,402816,0:03:18
M101,402816,403418,0:02:00
M101,403418,403419,0:05:33
M101,403419,402826,0:04:01
M101,402826,403421,0:04:06
M101,403421,403422,0:02:20
M101,403422,404171,0:04:00
M101,404171,403424,0:04:54
M101,403424,403425,0:05:06
M101,403425,403821,0:03:21
M101,403821,402854,0:05:39
M101,402854,404106,0:03:40
M101,404106,903148,0:02:20
M101,405155,403913,0:02:23
M101,403913,403855,0:03:57
M101,403855,403427,0:06:01
M101,403427,402679,0:05:59
M101,402679,402682,0:03:51
M101,402682,403545,0:06:11
M101,403545,402688,0:03:58
M101,402688,403432,0:01:45
M101,403432,403433,0:02:41
M101,403433,403434,0:02:16
M101,403434,403777,0:04:18
M101,401946,403436,0:02:43
M101,403436,405181,0:04:02
M101,405181,402502,0:04:15
M102,903147,405155,0:00:58
M102,405155,403526,0:01:19
M102,403526,403913,0:02:04
M102,403913,402670,0:01:51
M102,402670,405061,0:01:58
M102,405061,403855,0:01:50
M102,403855,402673,0:02:19
M102,402673,402674,0:02:19
M102,402674,402634,0:01:03
M102,402634,403427,0:01:51
M102,403427,402677,0:03:33
M102,402677,402678,0:01:30
M102,402678,402679,0:02:25
M102,402679,402680,0:01:39
M102,402680,402681,0:02:16
M102,402681,402682,0:01:36
M102,402682,405488,0:02:49
M102,405488,405480,0:02:58
M102,405480,403545,0:03:02
M102,403545,450051,0:01:59
M102,450051,402687,0:01:49
M102,402687,402688,0:01:52
M102,402688,402689,0:01:02
M102,402689,403432,0:01:59
M102,403432,402691,0:01:55
M102,402691,402692,0:01:18
M102,402692,403433,0:01:25
M102,403433,402694,0:02:00
M102,402694,403434,0:01:55
M102,403434,402696,0:02:03
M102,402696,402697,0:01:49
M102,402697,403765,0:01:17
M102,403765,403777,0:02:17
M102,403777,401946,0:03:00
M102,401946,401947,0:01:35
M102,401947,401948,0:01:27
M102,401948,403436,0:01:34
M102,403436,402704,0:02:09
M102,402704,402705,0:02:20
M102,402705,405135,0:02:51
M102,405135,402003,0:00:55
M102,402003,402004,0:01:19
M102,402004,402005,0:02:01
M102,402005,402006,0:00:53
M102,402006,404341,0:03:21
M102,404341,401047,0:02:07
M102,401047,404333,0:02:11
M102,404333,404334,0:02:17
M102,404334,401051,0:00:48
M102,401051,401052,0:00:45
M102,401052,405014,0:01:07
M102,405014,401055,0:00:51
M102,401055,401056,0:01:05
M102,401056,400062,0:00:43
M102,400062,404335,0:01:06
M102,404335,400065,0:01:08
M102,400065,400066,0:00:47
M102,400066,400067,0:00:58
M102,400067,803024,0:01:42
M102,400087,400088,0:01:04
M102,400088,400089,0:01:44
M102,400089,404339,0:01:44
M102,404339,404338,0:01:09
M102,404338,401069,0:01:14
M102,401069,401070,0:01:36
M102,401070,404337,0:01:46
M102,404337,404336,0:01:08
M102,404336,803165,0:01:35
M102,803165,401074,0:01:28
M102,401074,404978,0:02:02
M102,404978,401988,0:02:04
M102,401988,401989,0:01:59
M102,401989,401990,0:01:49
M102,401990,401991,0:00:41
M102,401991,403416,0:01:59
M102,403416,402809,0:01:00
M102,402809,402811,0:02:44
M102,402811,403417,0:02:44
M102,403417,401973,0:01:23
M102,401973,401974,0:01:14
M102,401974,402816,0:00:53
M102,402816,403749,0:00:49
M102,403749,403418,0:01:11
M102,403418,402819,0:00:55
M102,402819,404947,0:00:56
M102,404947,405066,0:01:20
M102,405066,403419,0:01:20
M102,403419,404321,0:01:31
M102,404321,402826,0:01:44
M102,402826,404854,0:01:09
M102,404854,402829,0:01:23
M102,402829,403421,0:00:48
M102,403421,402831,0:01:08
M102,402831,403422,0:00:46
M102,403422,803158,0:01:48
M102,803158,402835,0:00:59
M102,402835,404171,0:01:13
M102,404171,402838,0:01:46
M102,402838,803163,0:02:13
M102,803163,403424,0:00:55
M102,403424,402841,0:00:57
M102,402841,402842,0:01:06
M102,402842,402843,0:01:03
M102,402843,403425,0:02:00
M102,403425,402845,0:00:52
M102,402845,402846,0:01:07
M102,402846,403821,0:01:44
M102,403821,403822,0:01:43
M102,403822,402851,0:01:24
M102,402851,402852,0:01:01
M102,402852,405272,0:00:55
M102,405272,402854,0:01:14
M102,402854,403772,0:01:37
M102,403772,402856,0:01:18
M102,402856,404106,0:01:22
M102,404106,402858,0:01:24
M102,402858,903148,0:01:19
