bus_id,bike1,time1,bike2,time2,bike3,time3,bike4,time4,bike5,time5
400001,293,115,3263,163,357,184,483,192,237,299
400002,483,70,357,188,285,210,293,218,3263,268
400003,285,129,483,180,382,216,357,277,3463,277
400007,503,77,491,214,402,241,537,298,497,339
400026,3136,187,3355,193,3132,281,3155,304,3359,322
400027,3355,58,3359,187,3231,253,3136,312,3155,432
400028,3359,55,3355,110,3231,172,3139,371,3136,428
400029,3359,96,3355,222,3139,243,3231,284,3137,306
400030,3139,143,3137,192,3378,301,3359,310,3375,419
400031,3378,184,3137,255,3139,262,3143,338,3438,474
400032,3143,158,3378,187,3362,287,3144,400,3137,428
400033,3362,142,3143,235,3144,255,3378,318,3146,415
400034,3362,60,3145,232,3144,275,3143,424,3146,439
400036,3284,236,3282,242,3362,283,3145,320,3294,354
400037,3282,179,3284,192,3294,210,3292,343,3286,376
400038,3294,113,3292,185,3282,319,3336,321,3284,350
400039,3292,184,3336,205,3294,238,3299,340,3345,341
400041,3336,78,3299,91,3345,92,3363,292,3367,397
400042,3345,83,3363,131,3367,241,3299,267,3336,272
400043,3363,111,3367,152,3387,186,3345,193,3379,306
400044,3387,120,3367,180,3363,186,3345,271,3379,311
400045,3387,2,3400,277,3424,291,3367,300,3363,306
400046,3387,111,3400,166,3424,377,3367,412,3363,418
400047,3400,48,3387,230,3502,325,3500,373,3390,418
400048,3400,105,3500,257,3502,261,3387,344,3521,426
400050,3500,71,3501,208,3494,264,3492,320,3400,331
400051,3501,59,3503,154,3492,171,3500,264,3506,326
400053,3507,134,3503,198,3527,273,3504,314,3622,338
400054,3527,150,3622,156,3507,193,3505,334,3503,384
400055,3622,41,3527,200,3507,309,3505,320,3529,493
400056,3622,93,3527,322,3505,371,3529,375,3507,431
400069,304,204,2008,344,260,385,427,403,534,406
400070,195,256,304,362,360,380,319,398,260,445
400071,195,143,319,215,417,304,360,370,264,384
400081,151,41,3427,180,303,224,251,239,268,348
400083,3427,120,229,221,3260,241,251,242,151,313
400085,229,105,335,194,293,224,3263,258,439,281
400086,293,64,3263,98,335,234,229,267,3244,318
400097,3527,102,3622,158,3518,351,3529,359,3505,437
400098,3527,93,3507,263,3503,312,3535,339,3622,346
400099,3535,204,3527,262,3518,290,3507,367,3503,396
400100,3535,59,3503,285,3628,360,3501,377,3527,405
400101,3535,108,3503,128,3501,204,3506,362,3628,387
400102,3501,121,3628,242,3535,258,3503,276,3492,306
400103,3500,212,3509,247,3501,258,3628,318,3535,395
400105,3400,194,3521,300,3500,381,3509,401,3502,403
400107,3400,166,3521,310,3387,347,3502,478,3500,526
400110,3367,87,3387,226,3363,329,3345,408,3379,444
400111,3367,71,3363,212,3345,257,3387,350,3299,436
400115,3292,81,3336,327,3282,338,3294,393,3299,462
400116,3292,27,3282,228,3294,283,3336,419,3284,519
400118,3282,85,3292,326,3284,339,3362,432,3294,453
400119,3282,266,3362,279,3145,316,3144,495,3284,521
400122,3143,68,3137,254,3378,271,3362,457,3139,510
400124,3137,86,3139,280,3359,316,3355,391,3231,500
400125,3359,179,3137,233,3355,254,3136,358,3231,363
400127,3136,88,3355,248,281,340,3359,422,3132,438
400128,3136,28,281,225,3132,323,3457,347,3355,366
400153,335,53,293,216,229,228,3244,257,3263,294
400154,229,111,335,161,3260,162,161,273,3427,366
400155,3260,100,229,235,3427,273,335,285,161,358
400157,303,100,151,174,3467,282,3427,307,2010,310
400159,2010,141,257,183,268,210,303,325,151,371
400161,257,71,268,270,320,301,2010,341,79,365
400163,330,143,320,202,386,246,257,353,146,366
400166,319,209,417,218,330,236,152,272,387,282
400168,195,100,319,120,376,247,264,295,316,297
400170,195,177,360,277,304,283,319,356,260,368
400171,304,136,260,317,427,337,534,338,195,373
400176,357,174,293,179,3244,207,3263,264,280,275
400224,3521,53,3374,223,3509,323,3400,386,3511,417
400225,3374,51,3521,208,3511,328,3553,348,3509,478
400226,3511,116,3374,239,3520,280,3521,287,3509,298
400228,3520,87,3511,136,3628,258,3534,280,3509,304
400230,3510,135,3520,213,3629,281,3535,397,3508,407
400231,3510,48,3629,194,3520,300,3508,345,3518,370
400233,3629,95,3518,268,3510,302,3531,312,3529,370
400234,3629,213,3531,242,3529,252,3518,386,3533,528
400281,3531,225,3629,260,3529,270,3518,433,3533,509
400282,3629,136,3531,265,3510,278,3518,309,3533,385
400283,3629,90,3510,136,3518,263,3533,343,3531,410
400284,3510,95,3520,255,3629,304,3508,366,3535,439
400285,3520,138,3510,213,3511,302,3534,343,3535,409
400287,3511,110,3520,115,3534,242,3628,285,3630,317
400288,3511,76,3374,236,3553,285,3520,300,3630,303
400289,3374,115,3511,192,3553,213,3521,257,3630,419
400290,3374,55,3521,206,3511,332,3553,353,3509,456
400292,3400,158,3521,294,3387,353,3502,472,3500,520
400322,485,98,3235,255,3680,292,526,345,484,349
400323,485,105,526,177,267,312,362,332,498,392
400324,526,51,474,221,498,235,505,273,472,310
400325,474,106,526,171,486,219,498,282,546,305
400326,474,44,486,161,3641,260,526,285,546,358
400327,3641,79,474,208,466,222,402,259,486,294
400329,402,106,3641,194,491,334,435,344,466,364
400330,402,200,496,219,168,273,497,296,503,297
400331,496,55,497,189,253,250,168,275,382,334
400333,253,111,280,129,254,238,382,261,345,282
400334,280,62,3244,228,253,232,252,271,254,284
400335,3244,95,280,184,252,210,161,331,336,341
400336,3244,37,280,236,293,271,335,282,252,306
400337,293,152,3244,153,335,199,3263,206,357,234
400352,546,175,474,221,472,247,526,263,540,345
400353,526,153,472,166,546,275,474,321,498,357
400354,526,228,485,275,472,324,3431,324,3235,382
400358,359,230,3233,251,484,265,3680,288,3235,331
400359,3233,128,359,210,456,315,228,330,484,382
400360,456,190,3233,228,520,274,522,285,359,324
400361,456,19,520,206,2023,331,3457,335,522,338
400362,3457,163,456,197,3132,232,2023,277,281,363
400363,3457,30,3132,98,281,229,456,324,305,351
400364,3132,134,3457,205,3136,219,281,298,3355,348
400390,3553,148,3374,228,3630,312,3323,335,3538,353
400394,3630,145,3534,196,3553,359,3511,360,3520,455
400395,3534,244,3540,297,3508,300,3630,365,3520,424
400396,3540,181,3508,182,3533,308,3534,367,3510,405
400398,3533,103,3531,190,3508,245,3649,283,3540,386
400475,3531,124,3533,219,3649,342,3508,361,3629,505
400476,3531,138,3533,152,3649,275,3508,294,3540,435
400477,3508,64,3533,118,3540,209,3541,361,3510,374
400479,3540,166,3508,171,3533,295,3534,380,3510,394
400482,3630,130,3534,215,3553,342,3511,345,3520,474
400483,3630,151,3553,255,3534,301,3511,358,3538,498
400484,3553,155,3630,300,3538,374,3374,378,3343,399
400485,3553,247,3343,281,3374,301,3538,302,3323,329
400486,3374,136,3553,155,3630,339,3323,344,3521,391
400512,281,82,3132,163,3457,187,3136,189,2006,306
400514,520,25,456,184,3233,259,3443,262,3458,408
400515,3233,79,520,187,484,318,456,363,3680,380
400516,3233,122,484,145,3680,207,3466,280,359,338
400518,3235,119,3680,143,484,200,485,252,517,270
400519,485,63,3235,291,526,310,3680,328,533,333
400552,379,114,492,114,505,205,498,227,490,303
400555,526,89,474,200,498,238,472,258,505,306
400561,3680,132,3235,150,519,201,484,225,517,230
400595,3538,246,3553,259,3343,317,3374,330,3323,375
400596,3538,124,3343,253,3553,351,3323,467,3357,500
400597,3538,91,3383,213,3357,327,3552,376,3366,398
400598,3383,54,3552,217,3366,239,3538,240,3357,354
400676,3383,76,3538,228,3552,251,3366,261,3357,368
400677,3538,97,3383,282,3357,333,3343,365,3689,411
400678,3538,207,3343,228,3553,326,3374,376,3323,386
400716,267,101,505,111,498,149,362,166,492,263
400719,128,157,336,286,368,291,3474,336,161,342
400720,128,158,368,215,3474,293,336,366,369,405
400722,368,73,369,150,336,206,161,300,252,306
400723,369,87,252,127,383,215,254,250,380,271
400724,254,62,383,151,345,191,280,254,369,269
400725,345,67,254,93,223,240,253,246,383,269
400726,345,150,168,213,482,237,254,263,223,319
400731,466,139,442,226,486,244,3641,277,474,337
400732,486,127,505,241,498,243,474,254,466,255
400744,457,148,468,193,2006,341,3458,341,469,345
400745,457,78,468,123,469,275,499,311,447,339
400747,3158,101,499,238,3159,332,3356,369,3163,615
400750,3175,123,3159,228,3167,280,3164,294,3356,323
400751,3167,176,3175,189,3166,240,3164,333,3159,413
400752,3166,68,3175,357,3167,364,3178,380,3173,430
400755,3178,58,3162,217,3169,312,3166,315,3360,424
400756,3178,140,3169,185,3162,294,3360,415,3171,516
400760,3434,205,3437,276,3169,302,3285,417,3177,521
400761,3437,144,3434,253,3293,374,3307,401,3289,431
400762,3437,52,3293,280,3307,307,3434,308,3289,438
400764,3307,324,3350,405,3437,430,3314,433,3293,579
400768,3331,84,3366,179,3357,298,3383,343,3689,477
400769,3366,193,3383,195,3331,245,3357,372,3552,446
400772,3536,175,3623,260,3552,412,3539,446,3545,455
400837,3331,215,3366,335,3383,445,3357,454,3552,558
400838,3331,95,3366,218,3357,337,3383,382,3689,500
400843,3437,21,3293,279,3307,294,3434,326,3289,467
400848,3169,44,3178,272,3171,393,3162,396,3177,402
400849,3178,158,3169,168,3162,312,3360,433,3171,500
400852,3166,68,3178,242,3167,391,3162,453,3175,498
400854,3175,159,3167,166,3166,269,3164,303,3159,383
400856,3159,77,3175,203,3356,233,3158,358,3164,368
400857,3159,134,3356,197,3158,201,3175,367,3176,424
400858,3158,55,499,246,3159,306,3356,354,422,553
400860,499,94,3158,188,457,279,468,425,422,484
400861,457,92,499,177,468,238,3158,366,469,390
400890,3260,165,303,279,3427,322,161,325,3467,329
400903,304,67,427,210,260,212,534,231,2008,293
400910,152,127,146,176,330,193,320,271,417,275
400913,79,156,320,185,257,278,377,318,248,395
400915,377,104,2010,266,3474,288,248,301,257,376
400916,3474,89,377,191,3467,276,128,279,2010,343
400917,3474,34,128,154,3467,181,377,307,303,347
400919,368,173,128,200,3474,335,369,363,336,372
400929,466,140,435,179,446,275,3641,311,168,337
400933,267,107,505,109,498,155,362,172,492,276
400936,524,67,3466,160,465,261,3680,282,484,300
400938,3466,162,3233,273,3443,305,524,307,173,342
400940,3443,68,3458,233,520,248,500,327,469,374
400941,3458,56,3443,177,2006,337,520,357,469,365
400943,2006,37,281,285,3458,353,457,404,468,487
400948,457,174,468,239,2006,259,469,353,3458,365
400950,469,127,468,187,500,219,3458,234,3443,305
400951,469,84,500,133,3443,219,447,261,468,262
400953,173,159,500,319,2021,329,3466,347,465,379
401014,2006,206,457,240,499,273,468,386,469,492
401015,457,116,499,161,468,262,2006,318,3158,389
401021,3167,75,3175,213,3164,286,3172,327,3166,349
401022,3167,69,3360,257,3161,265,3172,269,3175,335
401023,3360,83,3162,211,3167,242,3161,261,3171,318
401024,3360,61,3171,194,3162,265,3167,367,3177,370
401025,3171,54,3360,194,3177,238,3169,374,3285,379
401026,3171,64,3177,114,3285,255,3170,271,3360,310
401027,3285,52,3177,238,3289,241,3171,254,3434,328
401029,3289,99,3293,165,3285,271,3314,275,3307,369
401030,3314,159,3293,219,3289,222,3307,253,3301,295
401031,3314,176,3301,347,3307,357,3350,369,3293,422
401032,3350,250,3314,294,3689,348,3328,375,3302,458
401033,3350,187,3689,227,3328,308,3302,337,3314,409
401034,3689,117,3302,279,3350,286,3357,302,3328,400
401035,3689,41,3357,169,3302,324,3366,370,3343,372
401036,3357,104,3689,160,3343,254,3366,305,3323,331
401037,3343,112,3323,129,3302,247,3357,319,3689,353
401038,3323,99,3343,118,3302,363,3341,388,3357,425
401039,3343,208,3323,256,3553,316,3374,344,3538,347
401040,3553,211,3538,307,3343,332,3374,335,3630,358
401044,3534,97,3630,98,3511,242,3553,275,3520,322
401045,3511,136,3520,156,3628,243,3509,252,3534,342
401047,3628,151,3535,174,3509,289,3520,313,3503,381
401051,3518,129,3529,133,3629,319,3527,320,3622,369
401052,3529,16,3518,250,3527,438,3629,440,3622,441
401074,3535,218,3518,278,3628,305,3510,318,3520,407
401078,3511,121,3520,181,3534,229,3630,242,3628,335
401079,3534,83,3630,96,3511,258,3553,281,3520,318
401084,3343,128,3323,180,3553,384,3374,412,3538,413
401085,3323,80,3343,131,3302,340,3341,369,3328,396
401086,3343,114,3302,189,3323,191,3689,275,3357,301
401087,3302,42,3689,227,3328,244,3343,251,3341,283
401088,3328,132,3302,214,3320,266,3301,325,3341,365
401090,3301,75,3283,296,3295,319,3314,336,3289,375
401091,3283,178,3301,197,3289,257,3293,350,3295,435
401092,3283,66,3289,267,3285,298,3170,308,3301,383
401093,3170,122,3283,270,3168,279,3285,319,3177,363
401094,3170,63,3171,262,3226,297,3177,304,3168,339
401096,3161,113,3172,241,3360,270,3160,286,3164,383
401099,3164,72,3172,198,3165,280,3161,316,3175,330
401100,3164,191,3159,214,3175,330,3163,342,3172,375
401102,3158,44,3159,292,499,303,3356,340,422,479
401139,350,56,311,222,307,325,340,328,356,328
401140,350,184,356,203,291,213,502,243,340,343
401141,502,79,356,203,291,276,342,309,332,325
401142,502,56,332,252,291,323,356,324,342,348
401147,502,72,356,227,342,258,332,291,291,360
401148,356,126,502,148,291,299,350,302,342,333
401149,356,181,350,203,291,234,502,248,311,324
401150,350,69,311,163,307,338,340,341,356,341
401168,295,102,412,201,296,218,408,251,308,295
401169,295,60,331,195,361,206,307,216,412,283
401182,3632,158,433,233,445,372,504,407,487,468
401183,433,108,504,216,3632,320,445,327,2003,362
401191,297,143,483,223,3463,305,285,329,237,330
401192,504,251,237,254,297,311,326,333,433,375
401193,504,145,433,208,326,247,2003,291,3632,417
401194,433,97,504,244,3632,306,445,316,326,365
401195,3632,145,433,216,445,355,504,395,487,475
401202,3656,132,410,204,301,268,312,284,401,366
401206,311,132,350,219,307,250,361,274,531,383
401208,295,75,361,183,331,196,307,197,412,262
401209,295,152,296,208,412,249,308,250,408,263
401210,296,103,308,118,2009,208,82,287,295,318
401220,247,107,346,122,3684,246,358,250,238,267
401223,3660,120,3686,232,482,238,3684,266,223,298
401224,3660,93,470,161,3659,251,3658,254,453,280
401225,470,49,453,111,334,206,3660,259,509,264
401226,453,125,494,176,446,224,470,239,509,338
401227,494,54,453,242,446,278,442,283,470,356
401229,494,164,3255,188,490,268,442,281,379,378
401231,490,87,3255,185,523,239,3635,304,492,312
401232,523,84,490,241,3635,246,477,266,3255,339
401239,447,48,469,177,500,197,449,218,423,280
401245,3163,248,3165,295,3159,374,3158,422,499,455
401248,3165,69,3160,226,3164,262,3172,272,3163,291
401259,3295,92,3320,206,3341,326,3328,333,3301,342
401261,3320,45,3341,79,3328,168,3295,346,3302,346
401262,3341,35,3320,154,3323,252,3328,278,3302,284
401263,3323,132,3341,152,3320,271,3302,336,3343,338
401264,3323,80,3343,229,3341,278,3374,364,3553,365
401265,3323,215,3374,254,3553,255,3343,294,3538,467
401266,3374,200,3553,217,3323,273,3343,352,3630,391
401267,3553,45,3630,229,3374,253,3534,354,3511,386
401268,3553,101,3630,110,3534,234,3511,270,3374,380
401269,3534,40,3630,115,3520,298,3511,300,3553,300
401270,3534,117,3630,275,3520,292,3508,298,3511,385
401271,3508,198,3534,220,3540,314,3510,334,3520,349
401272,3508,134,3510,221,3540,254,3533,269,3531,364
401274,3531,94,3533,187,3629,318,3508,353,3649,420
401275,3531,34,3533,296,3629,427,3649,436,3508,455
401294,223,112,482,128,345,263,383,338,3660,359
401301,347,227,128,315,3474,379,328,400,3256,564
401302,347,123,127,248,368,371,358,398,3256,447
401317,3531,28,3533,274,3649,397,3508,416,3629,425
401324,3553,44,3630,208,3374,276,3534,344,3511,385
401325,3553,106,3374,207,3630,270,3323,373,3538,399
401326,3323,150,3343,229,3553,297,3374,314,3341,366
401327,3323,44,3343,241,3341,264,3553,381,3374,396
401328,3341,109,3323,181,3320,229,3302,276,3328,338
401329,3341,41,3320,115,3328,221,3302,288,3323,300
401330,3320,47,3341,146,3328,153,3295,271,3302,386
401331,3295,107,3320,173,3341,293,3328,300,3301,355
401339,3226,93,3160,272,3168,296,3170,375,3161,515
401341,3160,63,3161,280,3165,334,3226,334,3172,346
401342,3165,157,3160,158,3172,183,3164,343,3161,363
401343,3165,60,3164,234,3163,257,3160,281,3172,318
401344,3165,105,3163,138,3164,301,3172,442,3159,487
401345,3163,176,3165,223,3159,371,3164,419,3158,487
401348,3158,72,499,169,3159,380,457,397,3356,428
401358,533,151,523,200,465,227,362,239,267,299
401359,362,194,267,207,533,210,492,229,523,269
401360,492,47,379,162,490,218,505,250,498,307
401361,379,57,492,167,442,213,3255,259,490,338
401363,442,42,446,219,379,233,494,309,492,343
401364,446,44,442,148,466,280,334,297,494,300
401366,334,43,470,237,435,264,482,270,446,285
401371,380,134,383,142,247,244,3684,312,223,328
401372,380,59,383,220,369,257,247,265,358,322
401373,380,134,368,230,127,233,369,266,247,298
401374,368,239,127,242,358,333,380,349,347,361
401375,368,208,347,270,127,306,128,382,358,419
401377,128,216,3474,241,347,348,3467,407,377,425
401379,377,143,3474,271,328,290,248,327,2010,343
401380,79,65,249,227,3664,237,320,250,248,294
401381,146,62,276,171,152,196,249,233,3461,282
401386,3686,94,405,231,3659,279,346,328,3658,333
401387,3686,78,405,197,346,216,3684,237,247,342
401388,346,116,3684,137,3686,176,247,242,238,261
401393,346,76,238,173,3684,191,247,219,3686,267
401398,462,45,459,240,509,263,388,311,212,326
401400,388,55,3258,102,462,232,458,303,509,456
401407,515,67,3236,142,495,291,478,299,479,360
401408,495,107,515,166,479,249,508,259,3236,317
401409,495,37,515,286,508,305,480,355,479,369
401410,495,148,480,229,450,345,72,376,449,385
401411,480,35,513,234,72,278,449,291,423,321
401412,513,74,480,157,422,288,423,327,72,422
401413,513,75,422,188,480,231,530,338,423,401
401414,422,54,530,225,513,233,3176,410,3158,438
401416,3356,191,3176,224,422,251,3158,323,3159,368
401417,3356,70,3159,208,3176,236,3175,316,3158,367
401435,3357,86,3689,164,3343,245,3538,275,3366,283
401436,3538,100,3357,267,3383,286,3689,345,3343,359
401438,3538,192,3552,212,3539,246,3383,390,3536,465
401440,3539,191,3542,219,3536,272,3552,418,3543,454
401441,3542,22,3539,182,3543,263,3623,402,3536,403
401442,3542,111,3543,161,3540,313,3541,315,3539,322
401443,3541,97,3543,265,3547,282,3540,300,3508,383
401444,3541,62,3649,272,3547,363,3533,382,3540,388
401445,3541,118,3649,216,3533,370,3547,419,3540,444
401453,358,78,127,154,247,233,380,263,346,299
401462,3543,126,3541,195,3540,211,3542,277,3545,295
401463,3542,47,3543,223,3539,256,3623,342,3540,375
401464,3542,82,3539,122,3543,321,3536,323,3552,430
401465,3539,66,3542,204,3536,267,3552,311,3538,370
401466,3539,187,3552,201,3538,260,3542,325,3536,388
401467,3538,148,3552,261,3539,311,3383,326,3357,384
401469,3343,180,3538,195,3323,391,3553,412,3357,490
401470,3343,64,3323,275,3538,299,3302,341,3357,374
401489,422,252,3158,292,499,294,423,297,457,305
401490,423,170,513,185,449,281,468,366,457,369
401491,423,73,449,184,513,222,480,302,447,356
401492,449,47,423,174,447,252,450,265,480,287
401493,450,151,449,167,479,287,423,294,495,326
401495,479,55,2021,228,495,263,3236,291,515,313
401496,479,62,3236,208,515,230,2021,250,529,273
401497,3236,90,529,155,479,171,515,214,477,324
401500,3635,72,490,350,448,385,523,399,3255,438
401501,3635,179,490,242,3255,330,448,453,523,506
401502,3258,315,3255,330,494,398,388,410,490,434
401503,3258,206,494,289,388,301,509,375,3255,445
401506,3658,93,509,119,3659,151,470,225,462,317
401507,3658,35,3659,37,509,234,212,252,3472,318
401529,358,175,238,259,127,268,346,365,247,367
401531,380,99,247,140,358,235,127,309,346,315
401532,380,43,383,210,247,229,369,267,3684,306
401533,383,125,380,154,254,241,369,270,252,310
401535,383,98,254,180,369,193,252,230,380,233
401536,252,144,369,172,383,193,254,228,380,312
401538,3244,137,280,158,252,170,161,291,336,301
401542,3263,109,293,160,236,168,438,268,237,315
401543,236,55,438,155,237,202,3263,231,439,264
401544,438,68,236,176,432,199,326,231,445,292
401545,432,92,438,182,445,185,317,278,236,289
401547,445,33,432,216,433,226,3632,263,326,277
401548,445,130,3632,154,394,220,317,265,432,343
401549,394,98,339,244,266,267,3632,303,445,307
401552,394,107,445,252,3632,271,339,302,393,327
401553,445,128,3632,152,317,263,394,269,432,331
401554,445,72,432,200,433,206,326,257,3632,278
401555,445,141,432,161,438,223,326,276,433,279
401556,438,108,326,161,236,216,432,282,237,288
401557,236,131,237,163,438,231,3263,252,293,288
401558,3263,151,293,167,237,220,236,243,483,243
401559,293,82,3263,107,357,244,483,268,237,310
401561,3244,106,280,170,357,264,382,299,252,328
401562,280,128,3244,242,252,272,253,298,254,325
401563,254,153,383,162,369,214,252,251,345,282
401564,383,128,369,201,254,204,380,219,252,238
401565,380,76,369,233,383,269,252,296,247,301
401566,380,67,247,232,369,246,358,248,383,295
401567,380,154,358,160,247,195,127,234,369,333
401568,358,72,127,146,380,248,247,275,346,341
401569,358,55,127,181,238,352,346,358,247,360
401570,358,132,127,226,238,337,347,394,346,436
401575,3660,174,3686,231,482,257,223,261,3684,265
401577,345,119,254,232,253,286,223,288,168,310
401578,253,126,382,136,496,181,285,209,280,291
401579,382,40,285,89,497,210,253,242,496,257
401587,3632,270,394,318,339,325,433,368,445,507
401589,3632,170,394,186,339,223,445,375,433,386
401591,339,111,266,124,394,196,411,240,3632,435
401594,266,43,411,106,394,229,302,236,339,238
401595,411,46,302,127,266,155,393,227,394,341
401596,302,13,411,160,150,252,266,269,393,276
401598,341,153,302,249,150,327,342,356,411,418
401599,341,101,302,333,411,403,150,411,342,440
401608,3684,69,346,121,247,204,3686,256,238,266
401609,3684,116,3686,187,346,253,223,270,3660,270
401610,445,95,433,168,326,216,432,223,3632,259
401611,432,109,445,142,438,226,433,280,317,295
401612,432,100,317,168,3656,215,445,305,438,333
401613,3656,41,301,177,432,267,410,326,317,335
401624,342,40,302,291,356,305,341,317,150,370
401625,302,70,150,172,411,238,342,261,341,326
401626,411,51,302,118,266,158,393,221,394,344
401627,266,46,411,102,302,232,394,232,339,241
401628,266,60,394,158,339,167,411,178,302,307
401630,3632,189,394,213,339,224,433,355,445,422
401633,3632,298,394,342,339,353,433,373,445,512
401656,3656,94,432,222,301,226,317,286,410,375
401657,432,108,317,172,3656,214,445,309,438,339
401659,433,115,445,144,3632,206,326,217,432,272
401664,260,113,534,132,337,198,415,222,259,247
401665,337,61,415,113,351,203,315,220,260,256
401666,351,84,337,180,415,188,315,199,264,217
401667,351,117,264,159,306,244,376,292,337,300
401669,279,116,3489,228,82,257,306,274,316,401
401670,82,83,3489,268,279,274,308,288,2009,340
401675,295,77,361,153,307,178,331,224,412,232
401679,401,121,312,244,473,255,531,274,361,338
401681,312,93,401,175,265,212,410,290,473,303
401682,3656,177,312,181,403,245,301,325,401,345
401685,438,60,236,168,326,177,432,214,445,298
401686,326,57,438,233,237,244,433,264,504,270
401687,504,37,2003,194,326,297,433,319,297,397
401688,2003,79,504,96,461,332,545,365,326,402
401689,2003,136,545,175,461,177,504,282,487,319
401690,545,75,174,115,2012,240,507,276,2003,342
401691,174,42,2012,103,507,203,545,207,536,283
401694,536,86,3687,138,2012,259,528,293,174,363
401696,501,221,3687,251,518,330,3431,488,528,490
401697,518,195,501,321,455,323,167,405,3462,507
401698,455,96,516,256,3462,280,518,392,164,450
401699,455,80,516,133,3462,263,164,327,440,334
401701,454,113,516,204,441,306,164,388,455,389
401702,454,110,441,181,3688,327,516,350,3459,364
401703,3243,180,3688,218,454,284,441,355,3223,382
401704,3243,24,3142,231,3688,359,305,380,2022,483
401706,3142,200,3141,202,3376,282,3134,521,2022,664
401707,3141,65,3447,237,3142,375,3131,383,3376,384
401708,3447,58,3141,179,3372,241,3156,271,3152,418
401709,3372,106,3447,122,3156,211,3140,315,3141,322
401710,3372,101,3140,141,3135,274,3447,307,3370,370
401711,3140,63,3372,218,3370,248,3151,365,3135,391
401712,3140,136,3151,221,3671,305,3370,307,3148,320
401715,3288,125,3148,200,3150,231,3290,271,3157,366
401716,3288,125,3290,153,3312,243,3305,305,3286,370
401718,3312,65,3296,249,3318,313,3305,366,3288,381
401721,3351,180,3338,197,3312,389,3318,425,3327,433
401722,3351,44,3391,250,3425,264,3338,381,3327,493
401723,3391,72,3496,236,3351,287,3425,363,3390,512
401724,3496,66,3391,252,3495,288,3390,370,3551,526
401725,3496,107,3495,155,3391,385,3551,393,3497,410
401726,3495,44,3496,220,3497,303,3490,312,3491,337
401727,3491,138,3495,171,3490,174,3497,205,3498,377
401729,3491,207,3498,207,3499,259,3490,424,3497,455
401739,3499,56,3491,352,3493,363,3490,379,3498,447
401740,3491,170,3493,181,3490,197,3499,218,3498,437
401741,3490,80,3491,295,3495,296,3493,306,3494,341
401742,3551,207,3490,260,3495,285,3496,314,3390,385
401743,3496,184,3390,203,3551,319,3425,365,3502,366
401744,3425,244,3390,248,3496,300,3391,324,3424,353
401745,3425,112,3391,250,3424,279,3390,349,3351,409
401747,3338,98,3425,170,3327,231,3351,264,3318,330
401748,3318,116,3338,120,3309,176,3296,312,3675,323
401749,3318,66,3296,174,3675,204,3338,252,3309,270
401753,3288,211,3305,254,3147,261,3286,280,3148,341
401754,3148,172,3671,173,3147,236,3146,364,3370,365
401755,3671,48,3146,239,3370,240,3148,305,3151,338
401756,3370,40,3671,197,3140,222,3135,260,3438,283
401758,3135,56,3370,196,3438,199,3372,261,3140,324
401759,3375,206,3152,252,3447,254,3135,255,3372,329
401760,3152,218,3131,254,3447,273,3141,296,3376,328
401761,3131,178,3376,199,3141,216,3152,342,3447,397
401762,3376,74,3141,294,3131,309,3134,383,3142,415
401763,3376,156,3134,273,3142,295,3155,338,3141,406
401764,3134,223,3142,225,305,330,3376,337,3688,352
401765,3688,96,3223,260,305,279,441,280,3243,313
401768,441,175,164,190,454,253,228,279,516,310
401769,164,79,3462,148,516,195,440,207,228,285
401771,518,161,3462,183,167,323,455,328,440,358
401772,518,54,167,216,3462,372,3431,402,501,450
401774,528,169,3687,175,3431,310,476,335,536,366
401775,528,55,476,204,536,218,3687,271,507,345
401778,507,53,174,216,461,307,537,322,2012,324
401779,461,161,507,187,545,255,325,343,174,350
401780,461,52,325,174,2003,272,507,364,545,394
401781,461,215,504,267,297,275,2003,275,325,278
401782,237,232,297,250,504,271,461,353,326,355
401784,236,70,237,165,438,170,3263,269,439,282
401785,439,114,236,182,403,236,438,282,3263,318
401786,403,61,439,102,265,306,229,339,236,350
401787,265,126,312,178,403,214,473,217,439,332
401793,295,67,361,129,412,154,307,231,296,288
401797,279,161,3489,180,82,219,306,299,308,404
401800,351,126,264,131,360,258,415,258,337,268
401802,337,99,415,105,260,179,534,233,315,258
401806,386,58,355,267,387,320,320,331,330,349
401808,387,68,330,183,386,183,3489,408,152,419
401813,478,96,515,278,508,304,3236,309,514,430
401814,3236,96,515,129,478,297,529,318,495,353
401818,3635,178,490,223,3255,311,523,435,448,472
401819,490,77,3255,175,492,270,523,279,3635,344
401821,505,100,498,126,267,142,362,207,492,267
401822,526,103,485,261,474,328,498,338,505,343
401824,472,156,3431,241,546,264,526,335,476,345
401826,3431,142,476,237,528,316,3687,322,167,370
401827,528,210,3687,216,3431,260,518,349,476,355
401832,507,182,545,193,461,226,174,285,2012,392
401833,545,18,174,165,2012,292,2003,307,507,328
401840,3431,125,476,240,472,315,167,353,528,405
401842,472,173,526,270,546,282,3431,298,476,425
401844,526,122,485,240,267,308,505,308,498,337
401847,492,127,490,234,379,242,267,302,3255,332
401848,490,83,3255,171,523,275,492,316,3635,320
401850,477,30,529,157,523,177,465,293,2021,293
401851,529,97,477,152,3236,235,2021,251,479,316
401852,3236,54,529,173,479,209,515,251,477,342
401853,515,129,3236,160,478,240,495,353,448,371
401867,3170,245,3226,260,3171,319,3161,363,3360,399
401868,3226,91,3160,274,3168,294,3170,373,3161,489
401875,3370,118,3671,195,3140,222,3135,338,3438,361
401876,3140,136,3151,279,3370,304,3372,351,3671,381
401877,3151,136,3140,291,3369,320,3150,388,3370,461
401881,3151,191,3140,230,3369,379,3370,398,3150,443
401882,3140,123,3151,264,3370,291,3372,338,3671,348
401883,3370,116,3671,173,3140,297,3146,303,3135,336
401884,3146,189,3370,242,3438,247,3671,306,3144,311
401887,3362,202,3143,220,3144,276,3378,285,3146,436
401890,3226,102,3168,305,3160,323,3170,369,3161,481
401893,3162,114,3360,192,3178,263,3169,367,3171,370
401897,3285,106,3177,217,3171,253,3289,315,3434,337
401898,3170,162,3283,246,3285,271,3168,288,3177,382
401901,3362,193,3145,230,3282,357,3144,404,3143,427
401903,3284,252,3145,257,3362,274,3282,305,3294,417
401905,3147,156,3145,271,3286,286,3284,296,3146,384
401906,3147,144,3286,274,3288,362,3148,377,3146,392
401908,3288,166,3148,181,3150,212,3290,312,3157,322
401909,3150,147,3290,150,3157,215,3288,278,3148,375
401910,3290,52,3288,233,3150,266,3157,286,3312,436
401916,3290,115,3312,315,3288,362,3150,395,3157,406
401917,3290,96,3150,208,3288,224,3157,234,3148,436
401919,3288,163,3148,182,3150,213,3290,309,3157,325
401920,3147,236,3288,281,3148,316,3305,324,3286,346
401921,3147,125,3286,235,3145,328,3284,333,3146,353
401922,3284,179,3145,204,3147,282,3144,378,3286,392
401924,3362,262,3284,265,3282,285,3145,299,3294,383
401925,3282,152,3362,375,3284,391,3145,411,3294,507
401927,3168,128,3170,285,3226,311,3283,349,3285,414
401929,3285,90,3177,221,3171,237,3289,279,3170,353
401930,3177,195,3285,209,3434,228,3171,380,3293,386
401933,3307,165,3314,193,3293,336,3350,354,3437,492
401934,3314,111,3307,263,3293,328,3350,339,3301,396
401935,3314,166,3301,278,3307,361,3289,415,3293,426
401936,3301,125,3295,209,3328,352,3314,366,3320,398
401937,3295,56,3320,245,3301,280,3341,365,3328,372
401939,3336,98,3299,233,3345,234,3292,370,3675,373
401941,3675,181,3309,204,3318,292,3299,298,3336,298
401942,3675,87,3309,111,3318,142,3327,268,3338,323
401943,3318,41,3338,234,3296,245,3675,258,3309,260
401946,3327,14,3309,208,3338,239,3379,275,3675,336
401947,3327,145,3379,151,3425,245,3424,308,3338,315
401948,3424,189,3425,200,3379,204,3327,261,3390,266
401950,3425,180,3391,184,3424,289,3390,366,3496,398
401954,3318,187,3338,213,3309,247,3312,332,3296,383
401957,3675,86,3309,90,3318,197,3327,247,3296,342
401958,3675,201,3309,204,3299,273,3336,273,3318,312
401960,3336,77,3299,212,3345,213,3292,369,3675,395
401961,3336,127,3299,242,3345,243,3292,325,3367,331
401964,3314,162,3301,303,3307,357,3289,411,3350,411
401965,3314,112,3307,264,3350,320,3293,329,3301,419
401966,3307,213,3314,278,3350,286,3293,424,3437,546
401969,3391,91,3496,286,3425,301,3351,307,3390,467
401970,3425,164,3391,244,3424,247,3390,304,3496,407
401971,3424,113,3390,170,3425,298,3379,316,3327,375
401973,3379,39,3424,194,3363,266,3327,332,3425,342
401974,3379,113,3363,182,3327,205,3424,311,3338,392
401977,3357,81,3366,129,3689,263,3331,303,3383,303
401988,3628,96,3509,105,3511,354,3521,373,3520,374
401989,3501,238,3500,257,3628,272,3509,281,3535,375
401990,3500,143,3501,204,3492,247,3494,261,3503,345
401991,3500,146,3492,186,3494,200,3501,265,3506,399
401992,3494,64,3492,237,3506,263,3500,276,3493,280
401993,3493,169,3490,179,3494,236,3551,246,3492,392
401994,3490,62,3491,277,3493,288,3495,324,3494,357
401998,3498,50,3497,221,3491,285,3499,467,3495,476
401999,3497,48,3495,270,3490,273,3498,280,3491,298
402000,3495,154,3490,157,3497,163,3491,182,3498,395
402001,3490,69,3493,263,3491,284,3494,350,3495,351
402002,3493,148,3490,180,3494,235,3551,245,3492,371
402003,3494,102,3492,239,3493,242,3506,265,3490,305
402004,3492,150,3494,163,3500,206,3501,319,3506,326
402005,3500,152,3501,173,3492,305,3503,334,3494,340
402006,3501,227,3500,228,3628,291,3509,305,3535,366
402016,3343,77,3323,146,3302,231,3357,284,3689,337
402017,3357,27,3689,180,3366,237,3343,305,3538,335
402018,3366,73,3357,140,3331,245,3383,282,3689,300
402022,128,124,368,247,3474,255,3467,386,336,391
402023,128,170,3467,268,3474,317,336,323,161,328
402024,3467,229,3260,281,161,289,128,301,303,334
402026,3427,135,3260,242,251,280,303,295,229,319
402028,251,137,3427,172,265,343,3260,355,229,356
402030,265,201,403,254,251,264,3427,299,473,306
402032,3656,113,410,215,301,249,312,249,401,392
402033,410,104,301,165,3656,200,150,308,400,357
402034,301,109,410,158,150,225,3656,265,400,274
402036,150,95,393,126,302,197,400,251,301,275
402037,393,40,150,212,411,225,394,228,317,231
402038,394,107,393,167,266,214,411,270,317,276
402039,394,115,339,230,3632,237,445,324,266,340
402041,3632,277,394,301,339,312,433,373,445,510
402048,536,80,2012,137,3687,260,174,261,528,297
402049,528,153,536,213,507,262,2012,270,476,322
402052,545,194,487,291,174,329,2012,477,2003,515
402057,3632,347,394,385,339,396,487,397,433,424
402067,301,90,410,148,3656,214,150,238,317,313
402068,3656,96,301,232,410,248,312,254,432,391
402069,312,130,3656,225,403,293,401,294,265,296
402071,251,244,403,249,3427,277,265,283,229,352
402080,426,70,309,195,276,253,3461,284,146,322
402082,387,151,3489,206,316,235,319,258,376,317
402085,3489,149,279,189,82,212,306,327,308,397
402087,82,95,308,156,2009,204,296,326,408,418
402088,2009,134,82,161,308,161,296,256,408,348
402090,408,128,331,205,2009,239,295,261,296,326
402091,331,85,295,215,340,273,408,277,307,297
402092,340,125,307,208,331,214,291,321,295,376
402093,340,64,307,221,291,260,331,296,350,330
402094,340,85,291,125,350,258,307,329,331,404
402095,291,39,340,217,502,270,356,383,350,390
402096,291,88,502,213,340,290,332,350,356,366
402097,502,148,291,203,332,260,356,409,342,437
402103,502,108,332,158,291,267,356,364,342,395
402104,502,115,332,207,291,216,356,373,342,404
402105,291,32,340,236,502,249,356,364,332,390
402106,291,62,340,142,350,311,502,342,307,383
402107,340,30,291,187,350,258,307,272,331,347
402108,340,84,307,230,331,259,291,278,350,348
402109,331,158,340,177,307,199,295,316,291,369
402110,331,81,295,207,408,273,340,279,307,301
402111,408,143,2009,204,331,248,295,277,308,332
402112,2009,105,308,170,82,196,296,251,408,321
402118,330,76,387,209,152,255,146,304,386,344
402119,152,134,146,182,330,185,417,282,320,288
402120,146,65,152,126,3461,208,276,210,249,272
402124,462,108,388,246,509,267,3258,293,459,369
402125,509,123,453,246,462,285,3658,334,470,360
402126,453,112,470,226,494,244,446,260,509,325
402127,446,108,334,216,442,279,453,300,435,311
402128,435,231,466,236,402,279,3641,307,446,371
402130,402,117,3641,181,491,222,466,353,503,372
402132,491,135,537,167,503,213,402,338,3641,401
402134,537,240,325,280,507,283,461,327,545,351
402142,2003,130,461,187,545,208,504,282,487,287
402143,545,127,174,199,507,252,2012,306,461,316
402144,507,209,461,273,537,297,545,297,325,357
402145,537,164,325,291,491,310,507,334,461,400
402152,435,180,466,185,446,256,3641,356,168,358
402153,446,116,334,244,453,249,442,287,435,359
402154,453,117,494,229,470,231,509,268,446,297
402155,509,135,462,254,453,294,3658,326,388,372
402157,459,204,458,253,462,284,388,382,3258,449
402165,495,172,480,206,449,338,72,353,450,362
402166,449,151,450,167,423,278,479,303,495,342
402167,447,175,173,181,450,183,500,203,469,313
402169,3443,176,3466,329,3233,339,3458,341,520,348
402171,3233,127,520,156,456,295,484,386,522,388
402172,456,201,3233,258,522,262,520,287,359,312
402173,522,102,228,211,3459,274,359,305,2023,340
402174,228,167,3459,210,522,232,441,271,164,326
402175,441,163,164,230,454,241,228,291,3688,312
402183,454,165,516,170,164,305,441,332,455,355
402185,228,87,522,236,3459,263,164,266,440,283
402186,522,148,228,186,359,230,3459,385,164,386
402188,3233,158,456,271,359,299,520,302,522,362
402189,3233,100,520,224,484,339,456,400,3680,401
402191,3443,226,173,249,3466,284,3233,342,500,387
402194,450,131,449,218,479,267,495,299,423,345
402195,495,135,480,242,450,309,515,384,72,389
402205,530,162,513,295,72,358,422,359,480,431
402214,305,169,2023,176,3223,209,3459,335,3688,382
402215,305,148,3223,188,3688,234,3459,294,2023,317
402216,3688,166,3243,218,305,286,3223,329,441,330
402217,3243,112,3142,318,3688,345,454,410,441,481
402221,3688,210,3243,221,454,276,441,347,3223,375
402222,3243,114,3688,280,3142,300,305,390,454,404
402223,3688,168,305,208,3223,268,3243,301,441,352
402224,305,108,3223,168,2023,236,3459,294,3134,340
402228,281,179,3457,193,3132,312,3136,358,3458,360
402229,3458,178,2006,194,281,323,457,364,3443,367
402233,423,222,513,237,422,330,449,333,457,356
402269,3165,58,3164,211,3160,279,3163,281,3172,316
402290,3139,60,3137,199,3359,298,3378,333,3375,356
402292,3375,124,3139,172,3152,206,3438,371,3131,373
402293,3375,60,3152,122,3438,287,3131,289,3135,303
402295,3447,96,3372,155,3156,159,3141,296,3140,364
402296,3156,44,3447,223,3372,282,3141,423,3140,491
402298,3447,131,3372,170,3156,220,3141,311,3375,343
402299,3375,163,3152,245,3135,262,3447,294,3372,336
402300,3375,44,3152,146,3139,252,3438,291,3135,307
402301,3139,133,3375,163,3152,265,3378,364,3137,383
402303,3139,115,3137,174,3359,283,3378,348,3375,371
402334,3156,55,3372,241,3447,251,3140,484,3141,484
402336,3140,240,3372,290,3156,303,3151,328,3370,471
402338,3151,109,3369,169,3150,187,3148,293,3157,392
402339,3150,60,3148,219,3151,223,3157,266,3290,275
402345,3150,81,3157,198,3290,201,3148,309,3151,313
402346,3150,115,3151,165,3148,221,3369,229,3157,325
402347,3151,61,3369,177,3150,241,3148,347,3671,400
402348,3151,195,3140,230,3369,383,3370,400,3372,412
402349,3140,229,3372,296,3156,313,3151,317,3370,460
402446,281,109,3457,123,3132,242,3136,289,2006,360
402458,3505,123,3504,186,3507,207,3506,318,3622,385
402460,3504,150,3507,267,3505,304,3499,324,3506,342
402502,3505,212,3504,244,3507,286,3506,397,3499,406
402503,3505,164,3507,167,3504,197,3506,329,3622,374
402504,3507,87,3527,259,3622,265,3505,285,3504,318
402505,3527,140,3507,201,3622,221,3503,392,3518,392
402506,3527,75,3507,264,3622,284,3518,327,3503,371
402507,3518,85,3629,210,3510,310,3527,335,3529,350
402508,3629,113,3510,151,3518,301,3533,329,3508,374
402509,3533,150,3508,168,3531,291,3540,309,3629,321
402510,3533,118,3508,134,3540,213,3541,306,3649,355
402512,3541,9,3547,294,3649,342,3540,367,3543,390
402634,476,35,528,198,540,257,546,291,3431,295
402653,3541,85,3540,273,3508,302,3533,344,3547,388
402656,3533,114,3508,132,3540,273,3531,325,3629,355
402657,3533,200,3508,245,3629,245,3510,273,3531,295
402658,3629,95,3510,175,3518,221,3533,420,3508,465
402659,3518,125,3527,256,3629,311,3529,332,3510,391
402660,3527,95,3507,245,3622,341,3518,347,3503,361
402661,3507,127,3527,217,3622,223,3503,318,3505,345
402662,3507,120,3505,225,3504,238,3622,331,3527,341
402666,3263,140,293,232,439,245,236,301,403,344
402670,325,92,297,182,3463,226,461,312,503,363
402673,537,256,540,260,507,267,476,281,2012,353
402674,476,108,540,180,528,265,546,265,536,359
402677,167,101,3431,180,518,255,517,468,519,492
402678,167,57,518,211,3431,292,440,357,517,357
402679,440,169,167,247,3462,255,519,312,517,341
402680,440,43,3462,197,228,222,164,267,167,370
402681,228,51,164,152,440,169,359,261,3459,331
402682,228,111,3459,208,522,232,164,270,440,287
402687,3376,132,3131,167,3134,223,3155,287,3152,302
402688,3131,23,3152,157,3376,270,3231,273,3375,276
402689,3152,60,3131,103,3375,179,3376,367,3231,370
402691,3438,62,3135,112,3375,211,3370,298,3152,320
402692,3438,102,3370,169,3135,240,3146,280,3375,340
402694,3146,128,3147,174,3671,221,3144,308,3145,309
402696,3286,48,3147,254,3305,258,3284,271,3288,313
402697,3305,144,3286,170,3296,197,3675,204,3309,331
402704,3390,41,3551,171,3502,233,3424,312,3496,350
402705,3551,21,3390,230,3494,236,3502,239,3493,342
402707,3493,47,3491,324,3490,352,3499,369,3494,376
402723,3540,146,3533,203,3508,207,3541,225,3649,308
402753,296,140,355,242,308,256,2009,358,3435,392
402755,3435,115,531,177,412,349,473,383,361,401
402757,473,184,531,258,265,266,251,286,151,296
402760,265,201,403,254,251,266,3427,301,473,306
402762,439,146,403,189,229,213,3263,276,335,340
402805,3506,77,3504,136,3492,300,3507,305,3503,325
402809,3494,66,3502,164,3551,224,3500,298,3492,368
402811,3502,80,3390,179,3424,262,3400,294,3551,297
402816,3327,138,3379,211,3363,280,3309,283,3338,320
402819,3675,196,3296,272,3309,319,3294,339,3318,371
402826,3144,237,3146,243,3370,310,3438,314,3378,328
402829,3375,205,3139,256,3438,298,3378,308,3135,316
402831,3152,194,3131,223,3231,229,3375,293,3139,299
402835,3155,73,3134,190,305,334,3132,380,3136,426
402838,2023,59,3223,152,305,265,522,297,3459,298
402841,228,129,522,161,359,178,164,329,440,348
402842,359,127,228,199,440,232,522,279,164,282
402843,440,173,359,240,519,283,228,312,517,312
402845,167,119,517,222,519,246,518,315,3431,339
402846,167,201,3431,205,517,347,519,371,472,393
402851,540,71,537,198,546,249,476,309,491,348
402852,537,81,540,194,491,231,507,335,546,371
402854,537,178,325,279,507,300,491,324,461,388
402856,297,105,3463,149,325,166,483,335,497,363
402857,253,60,496,196,382,205,345,231,280,245
402858,483,145,237,174,3263,211,293,221,357,290
402861,439,173,229,186,403,219,3263,263,335,309
402862,403,145,229,245,439,296,251,327,3260,329
402863,251,236,265,282,3427,289,403,300,473,316
402864,251,153,473,173,265,204,3427,319,401,337
402865,531,182,3435,213,473,282,151,323,251,347
402867,3435,104,531,248,412,298,361,348,268,392
402868,296,206,355,252,308,303,3435,322,412,369
402869,296,126,308,203,355,206,2009,326,82,392
402870,308,72,296,181,82,261,355,285,2009,288
403037,3173,292,3176,292,3175,296,3166,340,3356,367
403038,3173,186,3176,186,3356,261,3159,411,3175,431
403047,2006,57,281,217,3458,285,3457,412,3136,433
403076,3176,205,3173,217,3356,272,3175,405,3159,422
403103,3167,74,3175,268,3166,323,3172,353,3162,362
403104,3167,168,3162,215,3360,279,3161,307,3178,357
403106,3162,164,3360,179,3171,298,3177,307,3178,334
403107,3177,127,3171,169,3169,254,3162,346,3360,359
403108,3177,54,3171,243,3285,268,3169,349,3434,377
403109,3285,126,3177,188,3434,235,3289,351,3293,366
403110,3434,164,3285,176,3289,225,3293,242,3177,306
403111,3293,70,3289,210,3314,222,3307,274,3437,286
403112,3314,105,3293,132,3307,157,3289,338,3437,388
403114,3350,99,3314,294,3689,416,3307,433,3302,509
403115,3350,153,3689,273,3357,373,3331,405,3366,405
403116,3689,163,3350,256,3357,263,3331,295,3366,295
403117,3366,96,3357,130,3383,253,3689,296,3331,336
403118,3383,137,3366,138,3357,246,3552,312,3538,354
403119,3383,60,3552,190,3366,245,3538,265,3357,360
403122,3536,48,3552,194,3539,220,3623,339,3542,360
403125,3545,77,3547,190,3543,288,3623,289,3541,375
403126,3547,30,3545,258,3541,265,3543,497,3623,498
403132,3443,173,3466,308,173,336,3458,338,520,353
403139,3540,153,3533,187,3508,192,3541,244,3649,282
403144,3547,99,3545,180,3541,284,3623,416,3543,489
403145,3545,26,3623,202,3547,260,3543,313,3536,377
403147,3536,26,3552,212,3539,273,3623,314,3383,345
403148,3552,93,3536,156,3383,226,3539,403,3538,497
403149,3383,111,3552,129,3536,280,3366,296,3538,382
403150,3383,26,3366,178,3552,257,3538,301,3357,349
403151,3366,95,3383,116,3357,268,3552,347,3331,348
403152,3366,122,3357,163,3689,252,3331,294,3383,311
403153,3689,169,3366,236,3331,237,3350,245,3357,277
403154,3350,128,3689,293,3366,360,3331,361,3357,401
403155,3350,40,3314,357,3689,420,3307,428,3331,488
403158,3293,106,3307,119,3314,140,3437,360,3289,380
403159,3293,17,3307,233,3289,255,3314,255,3437,264
403160,3293,141,3289,190,3434,195,3285,271,3437,318
403161,3434,130,3285,157,3293,263,3177,288,3289,312
403162,3177,156,3285,230,3434,273,3171,342,3169,386
403163,3177,93,3171,227,3169,267,3285,355,3162,377
403164,3171,204,3177,215,3169,224,3162,265,3360,343
403165,3162,62,3360,199,3178,242,3167,394,3171,395
403166,3162,165,3167,217,3360,292,3178,306,3161,320
403167,3167,126,3175,272,3162,293,3166,325,3172,347
403168,3175,138,3167,169,3166,289,3164,306,3159,362
403169,3175,90,3159,189,3356,285,3167,305,3164,333
403216,528,239,3431,239,3687,245,476,354,518,358
403238,529,67,3236,155,479,236,477,238,515,300
403239,529,70,477,85,2021,216,523,252,3236,288
403240,465,157,477,223,529,226,533,337,2021,362
403241,465,133,524,199,3466,292,533,313,477,355
403242,524,141,3466,234,465,242,3680,281,484,338
403245,519,182,517,211,167,268,440,293,3235,374
403246,167,234,440,239,3462,284,519,299,518,326
403247,3462,185,518,207,455,281,440,360,164,371
403249,455,275,518,334,516,435,3462,459,501,460
403251,455,130,3462,271,518,313,516,315,440,446
403252,3462,172,518,234,455,317,440,318,167,333
403253,167,231,440,236,519,245,517,274,3462,322
403254,519,161,517,190,167,295,440,310,3235,357
403257,3680,102,484,159,3235,206,524,269,519,295
403259,465,149,477,248,529,251,533,329,524,355
403267,3400,130,3521,297,3387,407,3502,409,3500,457
403271,3159,94,3356,237,3158,307,3175,325,3164,385
403276,3531,100,3533,183,3629,334,3508,350,3649,377
403292,3541,70,3547,275,3543,313,3540,348,3649,373
403303,150,81,400,184,301,203,393,244,302,308
403304,150,60,393,159,400,210,301,220,302,223
403305,393,45,317,207,411,221,394,224,150,237
403306,394,113,393,162,266,220,317,271,411,285
403307,394,56,393,276,266,281,445,298,3632,298
403311,3427,204,3260,230,303,234,151,323,251,323
403312,358,136,380,201,247,206,127,210,346,294
403313,358,79,127,205,346,281,247,283,238,311
403316,491,71,537,189,3641,301,546,323,503,349
403317,311,123,350,210,307,259,361,285,531,394
403318,311,131,401,288,350,341,307,372,531,378
403319,401,214,410,257,311,265,349,315,3656,329
403320,3656,43,301,175,410,249,312,311,432,340
403323,161,238,3467,242,3260,263,128,314,303,377
403342,3296,64,3318,125,3305,180,3312,214,3675,274
403350,308,94,296,183,355,218,386,257,82,283
403354,465,89,524,248,533,269,477,309,3466,341
403359,3687,137,501,245,536,268,528,341,3431,431
403362,3301,148,3328,291,3295,294,3314,371,3302,373
403367,3290,158,3312,303,3305,365,3288,378,3157,449
403372,3172,42,3161,137,3164,184,3167,241,3160,349
403380,342,56,356,209,502,275,349,351,341,361
403383,3312,135,3305,235,3288,250,3290,278,3296,315
403392,3343,243,3553,285,3323,295,3538,314,3374,335
403399,3002,0,363,285,327,426,309,468,417,554
403415,3507,25,3504,271,3505,303,3622,313,3527,323
403416,3494,27,3500,239,3502,254,3492,275,3551,275
403417,3424,70,3379,165,3387,291,3502,336,3390,339
403418,3675,153,3309,211,3318,299,3299,335,3336,355
403419,3145,190,3147,193,3284,251,3144,357,3286,359
403421,3375,156,3139,162,3152,213,3131,378,3231,384
403422,3231,131,3131,160,3359,240,3152,295,3155,316
403424,522,59,228,231,359,280,2023,297,3459,298
403425,517,130,519,154,167,231,3235,265,440,388
403427,3431,156,476,158,528,300,3687,307,472,308
403432,3375,58,3152,140,3438,221,3135,237,3131,307
403433,3146,137,3370,234,3671,238,3438,239,3144,321
403434,3147,58,3286,250,3146,306,3145,317,3148,391
403436,3390,131,3424,137,3425,337,3379,342,3551,343
403438,3499,209,3504,246,3493,279,3507,380,3505,409
403443,339,126,266,153,394,218,411,271,3632,418
403444,249,119,3664,120,79,175,248,221,146,312
403454,3623,153,3536,166,3545,187,3542,371,3552,382
403456,485,188,3235,198,517,312,519,336,167,376
403457,3235,26,517,143,519,167,3680,257,484,350
403459,519,40,517,69,3235,232,3680,338,167,365
403465,3680,94,3235,169,484,171,519,242,517,271
403472,3356,107,3159,114,3175,189,3176,354,3158,446
403475,311,111,350,163,307,246,361,292,531,421
403477,3178,118,3169,222,3162,241,3360,372,3171,550
403480,3687,145,501,167,536,276,528,384,3431,434
403486,478,89,508,277,515,286,3236,317,514,413
403487,3176,186,3173,198,3356,232,3159,378,3175,453
403488,3176,132,3356,232,3173,274,530,390,3159,421
403489,3356,100,3176,246,3159,277,3158,294,3175,385
403491,3158,183,3356,203,3159,212,3176,349,499,416
403494,3355,171,3136,185,3359,320,3231,386,281,438
403495,3359,49,3355,171,3231,175,3139,326,3131,365
403497,3131,106,3231,184,3152,241,3359,262,3375,340
403503,3141,60,3447,291,3376,320,3131,367,3142,370
403504,3376,194,3131,211,3141,224,3152,346,3231,359
403505,3131,88,3152,223,3376,233,3231,236,3134,324
403506,3231,87,3131,237,3359,262,3355,302,3155,308
403508,3359,91,3355,99,3231,141,3139,407,3136,417
403510,3163,313,3159,345,3165,360,3158,420,499,471
403512,3159,125,3356,142,3158,270,3175,358,3176,388
403513,3356,53,3159,199,3175,295,3176,299,3173,345
403519,3635,258,448,313,490,384,3255,473,525,475
403522,3178,121,3162,213,3169,245,3360,344,3171,542
403523,3162,103,3360,181,3178,253,3169,377,3171,379
403525,507,190,528,213,2012,228,536,307,540,342
403526,483,85,237,167,297,255,3263,287,293,303
403528,3635,148,490,253,3255,341,523,445,448,452
403537,3505,223,3504,239,3507,340,3499,397,3506,451
403539,498,46,505,66,486,198,379,251,267,254
403545,3134,57,305,187,3155,230,3142,370,3376,370
403547,462,123,388,221,3258,288,509,347,459,358
403552,523,63,477,150,529,277,533,346,490,357
403555,3175,67,3356,223,3159,232,3167,309,3164,361
403556,3463,149,285,163,297,166,382,250,483,291
403560,3434,166,3177,268,3285,282,3169,353,3171,453
403562,457,116,468,141,469,293,499,293,447,301
403573,3158,215,3159,245,3356,293,499,352,3163,549
403590,306,147,279,226,351,268,264,275,316,276
403604,3541,20,3547,283,3649,353,3540,378,3543,401
403606,3164,52,3172,176,3165,271,3161,294,3167,300
403608,3175,260,3166,318,3176,338,3173,341,3356,405
403610,3165,76,3164,206,3160,297,3163,299,3172,310
403611,3164,78,3172,182,3167,274,3165,289,3161,300
403612,3167,120,3175,221,3164,240,3166,328,3172,344
403617,2023,176,305,206,3223,269,3457,303,3132,328
403620,3457,127,3132,194,456,291,2023,317,281,327
403621,3458,184,2006,220,281,329,3457,362,3443,373
403632,3318,121,3338,147,3309,181,3296,317,3675,328
403647,401,69,531,208,312,229,473,239,361,338
403671,3505,167,3504,180,3507,237,3506,332,3622,447
403731,403,133,265,185,439,251,312,291,473,298
403732,311,204,401,275,410,298,349,356,3656,382
403733,3360,71,3171,237,3162,275,3167,377,3161,392
403736,457,169,468,194,469,308,3458,319,2006,339
403749,3309,191,3327,227,3299,304,3379,309,3675,317
403754,415,116,351,140,337,142,315,213,264,253
403760,173,113,500,135,469,245,3443,320,447,335
403765,3675,95,3296,141,3309,222,3318,264,3305,274
403769,505,97,498,100,486,183,379,198,267,286
403772,325,55,461,215,503,246,297,283,3463,327
403777,3309,21,3675,123,3327,178,3318,234,3338,280
403779,3159,188,3356,263,3158,289,3164,348,3175,419
403781,457,124,499,209,468,270,2006,323,469,422
403782,491,66,537,160,503,228,402,333,3641,376
403787,3505,152,3504,307,3507,353,3622,432,3499,469
403793,3263,72,293,93,357,259,483,283,236,293
403797,173,98,500,174,469,277,450,334,3443,336
403802,462,111,388,178,3258,225,509,335,459,372
403804,519,38,517,67,3235,228,3680,314,167,385
403805,3235,121,3680,148,519,192,517,221,484,225
403808,302,144,150,223,341,247,342,251,411,313
403821,3431,192,472,197,476,263,540,291,546,324
403822,540,93,546,126,476,145,472,198,528,355
403830,524,120,465,208,3466,213,3680,335,484,353
403831,306,181,351,183,264,188,376,229,279,290
403846,457,110,468,155,499,280,469,307,447,308
403847,377,192,79,228,257,233,2010,265,248,320
403849,312,38,401,201,265,218,3656,305,473,311
403851,3474,247,328,314,347,363,128,389,377,412
403853,347,84,127,268,3256,408,358,416,368,416
403855,537,160,507,264,325,296,491,306,461,405
403870,297,238,237,240,504,301,483,338,326,363
403871,297,117,483,217,3463,219,285,261,325,340
403876,346,62,3684,170,247,205,238,207,3686,229
403878,327,101,309,292,3002,354,3461,406,426,414
403886,3539,129,3552,260,3542,269,3538,299,3536,348
403887,3688,76,441,115,3459,184,3223,260,454,314
403893,382,71,285,144,253,208,497,225,496,243
403894,253,126,496,181,382,210,285,283,345,291
403895,345,146,482,243,223,247,254,259,168,317
403896,482,104,223,128,3660,302,345,345,383,354
403897,3660,182,3686,239,3684,283,482,300,223,325
403906,285,110,382,197,3463,200,297,219,483,243
403913,297,59,3463,221,483,237,325,262,285,343
403914,435,73,168,158,334,249,466,321,402,383
403942,3649,20,3533,291,3541,306,3540,371,3531,386
403953,427,129,304,148,534,168,260,194,259,253
403980,3503,81,3501,247,3507,255,3535,310,3506,323
403981,3163,108,3165,116,3164,328,3172,456,3159,473
403984,423,216,513,251,457,301,449,327,468,336
403986,513,143,422,187,530,275,480,279,423,465
403987,530,146,72,283,513,308,422,379,480,406
403992,513,116,422,200,480,272,530,350,423,375
403993,3131,49,3152,184,3375,303,3141,308,3376,309
403994,3131,163,3141,201,3376,233,3152,307,3447,381
403995,3141,64,3447,232,3131,378,3156,388,3372,415
404010,293,32,3263,86,335,258,3244,268,357,293
404024,3160,44,3165,251,3161,263,3172,277,3164,445
404029,504,144,433,214,326,266,2003,290,3632,426
404030,3158,204,499,227,422,282,457,409,513,418
404035,173,38,500,176,450,274,469,286,447,379
404037,3243,345,3688,358,454,424,441,495,2022,828
404039,533,129,362,165,267,202,485,269,505,312
404040,465,210,524,238,533,312,3466,331,362,359
404043,3466,41,524,186,484,297,3233,388,3680,397
404050,468,125,457,238,469,239,3458,251,500,331
404054,3437,173,3307,193,3293,370,3314,407,3434,527
404058,480,207,72,210,513,310,530,381,423,398
404071,3508,58,3533,122,3540,205,3510,364,3541,369
404075,3301,138,3295,284,3314,313,3328,345,3320,453
404076,3424,0,3379,216,3390,269,3387,293,3502,339
404077,3424,123,3390,200,3425,268,3379,326,3391,348
404079,3424,70,3379,233,3387,243,3502,316,3390,318
404080,3387,57,3400,272,3367,303,3424,324,3363,365
404081,3336,208,3299,214,3345,215,3367,274,3292,381
404087,3336,168,3292,254,3299,303,3345,304,3294,496
404091,3425,56,3338,217,3351,244,3379,306,3327,312
404092,3263,93,293,152,236,232,483,310,438,332
404094,432,98,445,149,438,217,317,280,433,287
404099,487,197,2003,223,461,290,545,291,504,373
404100,150,88,400,137,301,255,349,258,393,259
404101,3489,81,387,273,316,338,306,351,319,380
404103,3500,117,3400,237,3494,310,3501,311,3502,393
404104,3331,99,3366,386,3350,405,3689,453,3357,503
404105,237,62,326,185,483,244,236,251,438,351
404106,297,130,483,144,3463,292,237,295,285,316
404107,152,76,417,188,3461,204,146,242,330,278
404108,417,98,319,140,152,286,3461,338,195,341
404116,2021,205,529,217,477,234,479,236,3236,282
404120,3463,130,285,163,497,194,297,219,382,220
404121,530,89,422,303,72,361,513,364,480,462
404122,3355,150,3359,241,3136,253,3231,311,3137,356
404130,3331,41,3366,368,3689,431,3350,440,3357,487
404132,128,34,3474,150,3467,261,368,355,303,460
404133,127,28,358,178,347,325,380,364,247,385
404134,3226,173,3160,197,3168,356,3170,451,3161,458
404136,3160,152,3226,219,3161,395,3172,461,3170,501
404138,3158,93,499,146,457,373,3159,401,3356,449
404153,465,84,477,182,533,248,529,327,362,353
404155,3427,160,251,181,229,280,3260,283,151,354
404160,519,109,3235,118,517,138,3680,224,484,317
404161,462,157,459,191,212,213,3472,265,3658,267
404171,305,159,3132,250,2023,253,3155,255,3134,315
404191,3336,82,3299,217,3345,217,3292,333,3294,390
404225,319,126,417,162,387,288,195,295,316,303
404244,446,116,334,163,453,247,435,278,442,287
404245,3534,93,3630,231,3520,274,3508,321,3511,393
404253,3142,63,3243,289,3141,335,3134,401,3376,416
404255,3504,115,3507,168,3505,193,3506,247,3499,446
404260,3552,40,3536,207,3383,240,3539,392,3538,445
404262,3623,127,3545,160,3536,276,3542,277,3543,377
404264,545,219,487,254,174,353,2012,501,2003,540
404274,3628,106,3509,135,3511,279,3520,279,3521,345
404278,3521,67,3374,210,3509,317,3400,380,3511,431
404279,448,49,3635,362,515,368,3236,399,525,426
404283,3629,31,3510,177,3518,220,3533,366,3531,418
404286,3686,164,3659,241,3658,295,405,298,3472,301
404287,307,75,295,208,361,274,340,276,350,294
404290,3169,52,3178,317,3177,386,3171,397,3162,439
404303,3143,10,3137,311,3378,329,3362,399,3144,515
404308,3170,185,3283,249,3285,249,3168,311,3177,380
404320,3289,91,3285,125,3283,236,3434,281,3293,313
404321,3144,162,3146,172,3145,177,3362,289,3147,305
404327,82,50,308,235,3489,299,2009,307,279,315
404329,459,167,212,206,3472,269,3658,275,462,317
404333,3535,245,3518,264,3510,293,3628,331,3629,437
404334,3518,68,3629,258,3527,259,3529,262,3510,399
404336,3518,31,3629,222,3529,246,3527,281,3510,427
404337,3529,127,3518,150,3629,339,3527,396,3622,399
404341,3628,22,3509,116,3520,297,3535,346,3511,365
404681,3147,251,3288,271,3148,278,3150,329,3305,359
404820,492,116,490,225,379,231,267,311,505,322
404826,3176,86,530,272,3173,324,3356,361,422,486
404832,3474,284,328,308,347,322,377,394,248,409
404833,491,103,537,249,503,255,402,258,3641,312
404834,459,211,462,256,458,280,388,374,3258,441
404838,3170,270,3161,292,3360,310,3226,322,3171,324
404843,331,103,295,165,307,283,361,285,408,295
404844,331,126,295,148,408,240,361,326,340,338
404846,450,128,173,180,447,180,500,262,2021,280
404847,3255,65,490,145,379,255,494,282,492,366
404850,306,157,279,218,351,258,316,284,264,299
404854,3438,170,3378,184,3135,309,3370,356,3375,386
404856,3400,41,3387,300,3502,335,3500,382,3521,407
404857,308,53,296,149,82,242,2009,269,355,287
404858,3143,223,3362,225,3378,261,3144,272,3146,432
404859,3150,126,3290,164,3157,209,3288,292,3148,354
404860,3144,233,3146,239,3378,331,3370,345,3438,350
404863,249,31,276,173,3664,196,146,224,79,227
404864,249,195,276,228,3664,228,426,242,309,346
404865,3173,286,3175,290,3166,335,3176,477,3167,556
404872,2021,52,479,245,477,300,529,303,450,320
404881,509,75,462,217,453,234,3658,266,3659,324
404909,518,198,3431,270,528,335,3687,341,167,360
404911,3357,108,3366,140,3689,268,3331,312,3383,314
404915,3630,42,3534,111,3553,239,3511,241,3520,370
404916,303,162,3427,192,151,236,251,271,3467,328
404919,2021,133,477,168,529,171,479,296,523,335
404922,502,119,332,203,291,278,356,375,342,406
404926,458,241,459,332,388,387,462,428,3258,479
404927,458,266,459,342,388,412,462,438,3258,500
404936,497,125,503,147,3463,176,285,279,496,311
404940,347,203,368,293,127,358,128,359,3474,411
404947,3294,197,3305,263,3286,287,3284,297,3296,321
404948,450,55,173,203,447,236,2021,283,500,341
404950,3687,108,501,224,536,239,528,347,3431,443
404951,501,82,3687,238,536,371,528,477,518,540
404963,3520,93,3510,250,3511,318,3534,362,3628,364
404969,276,145,3461,152,146,158,152,199,426,242
404973,276,140,3461,171,426,174,146,209,152,252
404976,146,90,152,106,3461,192,276,237,417,291
404977,152,134,330,185,146,194,417,282,3461,296
404978,3628,120,3520,222,3509,256,3535,264,3501,367
404983,2008,87,304,260,363,317,427,429,534,468
404987,3163,310,3165,357,3158,369,3159,418,499,420
404988,3158,243,499,298,3163,433,457,437,3159,496
404990,328,212,347,261,3474,359,248,460,377,463
404991,168,52,435,225,345,308,496,345,334,367
404992,2006,163,3458,169,281,272,3443,358,3457,374
404994,3355,34,3359,163,3231,229,3136,334,3155,454
404995,536,89,2012,127,174,231,3687,268,528,293
405003,3290,214,3312,224,3296,404,3305,429,3288,444
405006,308,95,296,99,2009,172,82,264,295,312
405024,320,108,146,265,79,279,249,280,330,284
405026,3635,233,3236,247,529,282,523,327,477,338
405052,330,113,387,171,152,272,386,316,146,333
405053,327,98,309,193,3461,307,426,334,3002,442
405054,327,106,309,285,3002,351,3461,399,426,426
405056,426,155,327,244,309,268,3461,356,276,417
405057,3506,102,3492,120,3494,229,3501,309,3504,314
405061,325,117,461,226,503,275,537,337,297,365
405062,426,173,327,242,309,289,3461,377,276,439
405063,327,133,309,183,3461,297,426,320,3002,446
405065,426,113,309,216,276,275,3461,331,249,336
405066,3284,127,3286,179,3294,324,3145,368,3147,371
405071,3175,226,3166,270,3173,334,3176,416,3167,491
405079,3541,46,3547,267,3543,327,3540,362,3649,381
405084,260,105,534,126,259,180,427,252,337,276
405086,3175,212,3166,217,3173,394,3167,432,3356,483
405087,3553,191,3538,333,3630,338,3343,358,3374,361
405092,3630,189,3553,214,3534,339,3511,384,3538,459
405093,3534,232,3540,309,3508,316,3630,353,3520,412
405098,438,233,439,243,432,267,3656,292,236,341
405100,3148,128,3151,211,3150,280,3671,291,3140,314
405130,403,130,439,281,229,288,265,325,251,361
405133,3686,138,3659,235,405,275,3658,289,3472,295
405135,3493,171,3494,178,3490,233,3551,268,3492,315
405138,3243,84,3142,140,2022,392,305,444,3688,445
405150,223,72,482,102,345,291,383,298,3684,326
405151,212,43,3472,95,3659,228,3658,286,459,318
405152,3472,148,212,220,3686,309,3659,318,405,365
405153,3176,101,530,250,3173,360,3356,379,422,444
405155,3263,163,293,179,483,206,237,215,236,278
405157,3472,102,212,167,459,280,3659,413,405,439
405165,307,111,361,171,311,230,350,297,295,316
405169,3144,238,3146,244,3378,326,3370,330,3438,335
405172,3260,192,303,245,3427,286,3467,309,161,369
405179,484,15,3680,86,3233,242,524,257,3466,263
405181,3493,154,3494,197,3551,207,3490,217,3492,377
405182,3533,121,3531,216,3508,243,3629,258,3510,352
405193,164,187,228,219,441,234,516,307,454,312
405219,330,128,152,185,387,257,319,320,146,328
405231,402,106,3641,150,491,237,466,322,474,353
405233,3305,60,3296,100,3318,239,3312,276,3286,320
405234,3623,106,3545,140,3536,228,3542,324,3543,426
405237,3175,147,3167,161,3166,273,3164,298,3159,371
405247,3630,55,3553,157,3534,191,3511,250,3374,436
405248,3314,153,3350,256,3307,292,3293,358,3301,485
405249,3314,158,3307,229,3350,264,3293,301,3301,490
405260,302,46,150,193,411,215,342,282,266,322
405265,3659,183,3686,194,3472,226,3658,237,405,273
405269,3435,177,412,223,361,273,531,301,268,337
405272,537,35,491,181,540,316,507,338,503,401
405283,3159,220,3158,256,3356,261,3164,378,499,393
405289,3508,190,3534,229,3540,306,3510,344,3520,358
405291,457,189,468,200,2006,299,469,314,3458,326
405293,469,146,468,166,3458,213,500,238,457,312
405297,465,217,2021,293,3466,307,524,309,173,311
405298,482,110,334,203,3660,221,223,262,168,326
405307,3305,144,3286,170,3288,187,3296,262,3290,317
405315,3497,95,3498,176,3491,251,3495,350,3490,376
405316,509,205,494,289,388,301,3258,310,462,347
405319,2009,87,308,186,82,206,296,237,408,301
405320,361,100,531,258,311,279,401,301,295,317
405323,174,26,2012,151,545,161,507,187,536,330
405336,528,198,507,201,2012,243,536,292,540,337
405337,415,104,337,116,351,185,315,258,264,271
405340,237,156,326,279,483,296,297,325,236,345
405347,3425,167,3391,247,3424,276,3390,294,3496,378
405348,3490,160,3495,217,3551,270,3494,346,3491,375
405350,302,130,342,201,150,209,341,270,411,299
405352,502,129,356,324,332,325,342,343,291,408
405359,331,98,408,177,295,350,2009,392,340,393
405361,3427,156,3260,223,229,276,251,299,303,337
405365,3375,221,3447,245,3135,270,3152,283,3372,304
405369,3146,175,3370,198,3438,203,3671,292,3135,341
405373,361,40,295,203,412,209,531,300,307,317
405374,477,30,529,153,523,197,465,272,2021,289
405376,457,65,468,112,469,264,499,319,500,362
405377,320,170,257,190,79,272,386,313,330,318
405380,474,170,546,240,540,295,486,307,3641,346
405384,3508,175,3533,185,3531,280,3510,297,3629,300
405390,545,67,174,159,2012,266,507,302,2003,314
405392,3378,141,3137,295,3143,296,3139,304,3438,431
405393,468,140,457,169,447,251,469,292,499,319
405394,3366,109,3357,118,3383,266,3689,284,3331,324
405396,2012,40,174,144,536,176,507,305,545,309
405420,3686,140,405,146,346,235,3684,287,238,326
405453,459,159,212,194,3472,227,3659,321,3658,371
405480,305,106,3223,129,3459,235,2023,258,3688,279
405488,3459,15,3223,130,441,243,2023,259,3688,262
405489,3359,58,3355,108,3231,170,3139,374,3136,426
405490,3355,178,3136,202,3132,296,3359,307,3155,319
405491,3137,197,3359,208,3355,283,3139,391,3231,392
405512,448,216,515,220,3236,251,478,281,3635,470
450051,3134,91,3155,157,3376,215,3131,311,305,333
450123,520,106,3233,159,456,282,3443,343,522,377
450222,3658,156,212,171,3472,223,3659,225,462,271
450335,2008,173,304,178,260,359,427,379,534,380
450375,485,1,526,272,362,320,3235,354,533,357
503357,3516,107,3517,172,3523,377,3617,391,3666,465
504007,3517,64,3516,211,3523,244,3515,412,3522,419
803001,457,100,468,125,469,277,499,309,447,317
803002,259,52,534,121,427,185,260,235,304,315
803007,457,29,468,175,499,245,469,327,447,386
803008,457,20,468,158,499,255,469,309,447,396
803013,72,199,530,231,480,322,513,322,422,464
803019,259,36,534,103,427,167,260,251,304,297
803043,3434,144,3177,274,3285,289,3169,341,3437,455
803057,3176,200,3173,212,3356,215,3159,361,3175,457
803058,3156,46,3447,221,3372,280,3141,421,3140,489
803077,308,79,296,188,82,268,355,292,2009,295
803080,3466,98,524,123,484,217,3680,275,465,406
803081,3466,83,524,108,484,223,3680,290,465,391
803082,498,124,505,134,486,147,379,206,474,304
803083,505,95,498,97,486,186,379,201,267,283
803094,327,127,309,263,3002,329,3461,377,426,404
803095,281,182,3457,196,3132,315,520,349,3458,357
803098,490,85,3255,183,523,240,3635,305,492,310
803099,3236,93,529,158,479,168,515,211,477,327
803104,3002,138,309,346,195,363,417,412,363,428
803105,152,73,417,217,3461,233,146,239,330,244
803106,3461,82,152,110,417,185,146,197,309,201
803107,3461,26,309,120,152,206,276,246,417,247
803109,265,126,312,190,403,202,473,234,439,320
803117,3457,82,3132,169,281,268,456,284,2023,376
803120,427,48,534,113,259,137,260,256,304,270
803121,427,155,259,163,534,241,304,377,260,382
803144,477,51,529,174,523,218,465,249,2021,310
803147,3461,84,152,169,276,189,309,227,146,256
803150,459,146,462,242,458,300,388,446,3258,538
803151,454,155,516,160,164,316,441,343,455,345
803158,3155,77,3134,254,3231,316,3376,324,3355,415
803160,3474,4,128,185,3467,209,377,277,303,375
803161,3542,104,3543,182,3539,312,3541,318,3540,334
803163,522,59,2023,201,3459,202,3223,294,441,315
803164,304,140,2008,209,260,321,427,341,534,342
803165,3518,143,3510,272,3629,329,3535,351,3527,390
803166,3285,162,3177,168,3434,266,3171,338,3289,380
803177,339,131,266,150,394,252,411,292,393,525
803180,3336,168,3292,254,3299,303,3345,304,3294,496
803182,3318,4,3296,208,3338,230,3675,238,3309,257
803184,534,26,427,101,259,139,260,169,304,214
803185,534,25,427,102,259,137,260,168,304,213
803192,151,160,268,199,3435,262,3427,361,303,381
803193,433,72,504,253,3632,284,445,291,326,360
823252,342,226,356,257,502,261,341,375,332,465
903003,3338,231,3318,239,3312,283,3309,299,3351,362
903004,3307,141,3314,226,3350,366,3293,369,3437,468
903042,3505,197,3504,266,3507,367,3499,424,3506,478
903046,455,255,518,314,516,415,3462,439,501,440
903048,293,33,3263,87,335,233,3244,267,229,280
903054,82,73,308,165,2009,229,296,318,3489,426
903063,3684,71,346,191,3686,203,247,274,223,335
903074,72,162,480,253,530,333,513,356,422,547
903075,3505,105,3504,205,3507,226,3506,337,3622,367
903076,72,113,480,236,530,316,513,408,422,550
903078,479,171,3236,217,515,238,529,262,2021,274
903080,174,56,2012,89,507,217,545,221,536,269
903085,379,109,492,109,505,209,498,231,490,298
903086,459,151,212,223,3472,286,3658,292,462,334
903088,342,90,356,199,502,261,349,337,341,373
903093,3656,153,403,225,312,226,301,301,439,317
903102,3338,216,3351,247,3312,324,3318,360,3309,426
903105,3231,133,3131,158,3359,238,3152,293,3155,318
903106,508,80,495,249,72,310,478,369,515,496
903107,508,148,478,170,515,297,495,436,3236,448
903125,545,68,174,180,2003,283,2012,287,507,323
903129,3147,220,3288,247,3305,290,3148,300,3286,316
903130,151,153,268,205,3435,268,3427,354,303,374
903134,458,48,388,207,3258,286,459,390,462,486
903145,387,147,3489,203,319,241,316,249,417,326
903146,387,194,319,216,417,225,316,274,3489,303
903147,3263,61,293,120,236,214,483,292,438,314
903148,3263,90,293,168,236,248,439,317,483,326
903162,459,64,212,289,3472,322,462,345,3658,379
903169,457,203,2006,216,468,286,499,362,469,400
903176,345,105,254,218,168,260,223,274,253,284
903184,3684,78,3686,206,346,215,247,298,223,310
903207,478,35,508,280,515,342,3236,370,514,386
903209,499,151,457,162,468,308,2006,352,3158,406
903217,362,167,267,180,492,207,533,233,523,302
903218,3167,117,3175,188,3164,274,3166,295,3172,378
903226,545,153,2003,158,461,199,174,301,504,304
903228,3553,134,3374,214,3630,298,3323,342,3538,368
903232,3472,55,212,127,459,326,3659,347,405,392
903233,499,147,457,158,468,304,3158,328,423,507
903234,457,49,468,195,499,238,469,347,2006,400
903235,362,45,533,80,267,105,465,264,505,292
903237,212,158,3472,191,459,195,3659,328,3658,406
904918,3312,205,3290,230,3296,385,3305,410,3288,425
904920,331,92,408,161,295,334,2009,376,340,387
