bus_id,bus1,time1,bus2,time2,bus3,time3,bus4,time4,bus5,time5
400001,401559,76,403793,91,400002,105,402858,120,405155,140
400002,400001,105,400003,111,403526,153,403906,174,401559,181
400003,403906,63,400002,111,403556,114,404120,147,401579,176
400007,402132,131,403782,148,404833,179,404936,211,405061,248
400026,405490,15,400027,135,400364,147,404994,160,400127,173
400027,404994,25,405490,113,403508,116,400026,127,403494,127
400028,405489,2,403508,31,403495,66,404994,95,400027,118
400029,400028,111,403495,111,405489,113,403508,143,405491,159
400030,402303,48,402290,83,400031,116,405392,159,400029,214
400031,405392,43,400030,119,400123,166,402303,167,400032,185
400032,401887,125,404858,129,405392,137,400033,145,404303,167
400033,401887,56,404858,80,400032,131,401870,140,403989,142
400034,401901,132,400033,189,401924,213,400119,221,401903,223
400036,401924,21,401903,62,401925,142,400037,145,400118,169
400037,400036,142,400038,163,401924,164,400117,190,401903,204
400038,400039,116,400037,158,400116,158,400117,238,404191,239
400039,404191,124,400038,125,400115,150,401960,157,401939,159
400041,404081,145,401960,154,404191,159,400042,162,401961,168
400042,400043,89,400044,155,400111,187,400041,194,400045,273
400043,400044,66,400042,111,400045,184,400111,201,400110,222
400044,400043,78,400045,118,400110,156,404080,177,400042,189
400045,404080,59,400046,111,400044,119,400109,161,400043,198
400046,400045,112,400047,118,404080,125,400108,172,404856,190
400047,404856,72,400048,116,400046,119,403267,182,400107,189
400048,400047,114,404856,125,404103,138,400105,192,403267,203
400050,401990,74,402005,82,404103,92,401991,135,402006,154
400051,400102,177,402005,179,403980,184,401990,191,400050,194
400053,402661,115,403980,122,403415,158,402504,175,402660,181
400054,402661,66,402505,67,402504,106,400055,115,402506,132
400055,400054,117,400056,118,400097,177,402661,183,402505,184
400056,400055,122,400057,177,400096,182,400097,238,400054,239
400057,400095,184,400056,188,403711,201,400094,216,400059,299
400059,400093,56,400094,89,403711,111,400060,123,400092,194
400060,400092,72,400093,72,400059,123,400061,129,400094,212
400061,400092,56,400060,132,400091,167,400093,202,400062,223
400062,400091,51,404339,95,401056,121,400089,140,404335,171
400065,803003,51,405284,52,400087,58,400088,68,803024,68
400066,803003,89,405284,93,400087,95,803024,105,400065,131
400067,400242,29,400274,76,400241,109,404129,138,400066,144
400069,400171,118,803164,140,450335,176,400903,197,400070,200
400070,400170,103,400069,182,400071,183,400171,254,400168,311
400071,400168,140,400070,188,404108,205,400170,268,803104,290
400081,903130,166,803192,172,400157,173,404916,239,400083,284
400083,404155,61,405361,72,402026,117,402028,137,403311,179
400085,400086,160,402861,160,402762,191,903048,191,404010,210
400086,903048,31,404010,50,403793,118,401559,127,903147,137
400087,803003,6,803024,10,405284,17,400065,58,400088,97
400088,400065,60,405284,75,803003,75,400087,89,803024,99
400089,404335,90,400062,137,404339,180,400088,195,400091,195
400091,400062,51,404339,82,401056,108,400061,158,400089,196
400092,400061,58,400060,76,400093,146,400059,199,400091,222
400093,400059,55,400060,70,400092,140,400094,142,403711,168
400094,400059,87,403711,125,400093,141,400095,165,400060,210
400095,400096,121,400094,156,400057,174,400059,243,400097,243
400096,400095,117,400097,122,400056,180,400055,253,401052,271
400097,400096,119,400055,177,402506,178,400098,194,402660,197
400098,402660,59,402506,60,402505,123,400099,168,402661,177
400099,400100,145,400098,171,803165,173,404333,178,402659,225
400100,400099,147,400101,171,401074,176,404333,189,401047,209
400101,400102,144,400100,164,403980,214,400051,219,401047,246
400102,402006,108,401989,114,400103,133,400101,146,400051,181
400103,401989,46,402006,60,402005,136,400102,137,400050,194
400105,403267,77,400292,137,400107,143,404856,171,400048,190
400107,400292,6,403267,82,400108,94,400105,144,404856,145
400108,400107,94,400292,100,400109,126,400046,173,403267,176
400109,404080,105,400110,108,400108,119,400045,154,400107,213
400110,400109,94,400044,138,400111,151,404080,199,400108,213
400111,400110,123,400043,168,400042,174,400109,218,400044,230
400115,400116,110,404087,160,803180,160,404168,173,400039,175
400116,400115,92,400117,147,400038,172,400039,218,404087,252
400117,400116,126,400118,158,400037,177,400115,218,401925,218
400118,401925,69,400119,160,400036,171,400117,173,401924,194
400119,401901,94,401925,134,401926,149,803162,180,400118,182
400122,404303,59,400123,109,403989,168,401870,170,400032,172
400123,400122,121,405392,155,400031,170,404303,180,400124,247
400124,405491,108,400125,137,402303,195,400123,219,402290,220
400125,405491,36,404122,105,400124,147,400126,184,400029,192
400126,403494,62,400127,86,404122,87,400027,175,404994,187
400127,400126,94,403494,105,400128,115,405490,163,400026,178
400128,400127,118,400512,161,400364,191,400126,211,400026,223
400153,400337,142,400154,182,903048,183,400086,186,404010,208
400154,400155,123,400153,183,400085,216,405361,245,403311,251
400155,405361,122,400154,123,403311,128,402026,138,400890,171
400157,404916,115,400081,182,400159,210,403311,228,402026,297
400159,400161,198,400157,225,803192,296,903130,303,405377,330
400161,405377,131,400159,200,400913,255,403847,292,400163,303
400163,405024,140,405377,163,402118,183,401806,200,405219,215
400166,404225,83,405219,110,903146,130,402118,178,404107,191
400168,400071,123,404225,200,400170,239,404108,247,400166,285
400170,400070,90,400171,177,400069,229,400168,235,400071,251
400171,400069,105,400903,129,803164,172,400170,197,403953,208
400176,400337,130,401561,151,401559,177,403793,192,400001,195
400224,404278,31,400225,172,400290,186,400292,251,403267,256
400225,400290,51,400289,136,400224,155,404278,186,400486,208
400226,400288,84,400289,142,401045,192,400228,193,400225,217
400227,400278,85,400237,116,400238,118,400277,163,400279,193
400228,401045,67,400287,82,401078,95,404963,179,404274,184
400230,400231,86,400284,87,404963,117,400285,139,401074,235
400231,400230,87,400284,124,402658,162,404283,164,400283,184
400233,400282,90,400234,117,404283,125,400283,167,400281,168
400234,400281,82,400233,118,400282,141,400280,154,400236,235
400236,400279,122,400237,137,400280,141,400234,233,401069,238
400237,400279,78,400227,115,400236,136,400278,160,404338,234
400238,400277,88,400227,119,400239,119,400278,143,400276,159
400239,400276,87,400240,116,400238,120,400277,141,400275,214
400240,400275,100,400239,116,400241,131,400276,136,400067,236
400241,400275,101,400067,103,400242,110,400240,139,400274,156
400242,400067,30,400274,84,404129,107,400241,117,400273,162
400248,400267,48,400268,86,400266,146,400249,191,400409,235
400249,400266,49,400265,80,400250,137,400248,165,400267,187
400250,400265,48,400264,94,400249,112,400251,114,400266,161
400251,400264,43,400263,78,400250,99,400252,115,400265,146
400252,400263,45,400251,125,403910,136,403907,150,400264,151
400258,404066,69,404918,78,400624,82,903049,125,404876,133
400259,400623,71,400624,75,404918,79,403908,88,405111,121
400263,400252,40,400251,84,400264,109,403910,174,405075,174
400264,400251,41,400250,76,400263,100,400265,124,400252,138
400265,400250,61,400249,68,400266,117,400264,155,400251,175
400266,400249,50,400248,120,400265,130,400267,137,400250,187
400267,400248,54,400268,68,400266,170,400409,213,400249,220
400268,400267,80,400248,104,400266,250,400409,267,401305,272
400271,404837,120,400272,137,403338,201,401306,217,401286,228
400272,403338,74,404837,93,400273,135,400271,138,404129,186
400273,404129,77,400274,118,400272,135,403338,137,400242,160
400274,400067,75,400242,82,400273,118,404129,125,400241,162
400275,400241,94,400240,102,400276,175,400274,188,400067,199
400276,400239,88,400277,117,400240,138,400238,159,400275,174
400277,400238,88,400276,117,400278,122,400239,141,400227,164
400278,400227,85,400277,121,400238,142,400237,159,400279,172
400279,400237,77,400236,120,400278,172,400227,192,400280,197
400280,400281,102,400236,143,400234,154,400279,201,400282,227
400281,400234,83,400280,104,400282,124,400233,168,400236,247
400282,400233,90,400281,124,400234,141,400283,142,404283,166
400283,402508,42,404283,67,402658,85,400282,145,400233,169
400284,400230,86,400285,119,400231,124,404963,159,400283,231
400285,404963,87,400284,117,400230,137,400287,191,400231,223
400287,401078,69,400228,82,401045,101,400285,187,400288,188
400288,400226,83,400289,121,400287,186,401078,199,401045,211
400289,400288,116,400225,136,400226,136,400290,138,401267,256
400290,400225,53,404278,139,400289,140,400224,170,400486,212
400292,400107,6,403267,83,400108,100,400105,138,404856,139
400322,400519,35,450375,96,400518,150,400323,168,403456,172
400323,450375,105,401844,109,401822,134,400519,146,400354,168
400324,400555,56,400325,115,401844,130,401822,135,400353,173
400325,400326,112,400555,117,400324,120,400352,185,803082,232
400326,400325,114,400327,181,405380,183,400555,231,400324,234
400327,405231,167,400326,182,402130,197,400329,210,403316,271
400329,405231,98,402130,108,400330,170,402128,182,400327,211
400330,400331,164,400329,170,403914,266,405231,268,402130,278
400331,400330,167,403894,175,402857,190,401578,198,403893,263
400333,400334,116,402857,120,401562,178,403894,186,401578,189
400334,401562,63,401538,101,400333,121,400335,133,401561,135
400335,401538,40,400336,104,401562,132,400334,134,401561,166
400336,400335,96,401561,112,400337,123,401538,136,400176,222
400337,400336,116,903048,119,404010,120,400176,131,400153,146
400352,400353,110,405380,123,400325,192,400555,200,400326,246
400353,400352,100,400555,123,400324,177,400354,182,401822,201
400354,401822,149,401842,149,400353,158,400323,173,403456,184
400358,400359,123,400516,152,400561,181,402188,221,405179,237
400359,402188,99,400358,117,400360,124,402172,146,400515,212
400360,402172,21,402188,76,400359,114,402171,120,450123,170
400361,400362,184,400360,188,402172,195,400514,196,402188,263
400362,803117,95,403620,102,400363,134,400361,195,803095,222
400363,803117,72,403620,97,400362,141,402446,156,400364,191
400364,400026,155,405490,170,400363,188,400128,191,400512,233
400390,903228,14,401325,42,400486,92,401266,93,401040,101
400394,400482,44,400483,106,401079,139,401044,141,404915,144
400395,405093,31,400396,118,400479,131,401270,134,404245,151
400396,400479,57,400395,124,405289,138,405093,140,401271,147
400398,400476,50,400475,114,403276,144,401274,160,401317,163
400399,400475,58,400474,115,400476,123,400400,136,401275,153
400400,400474,20,401315,104,401277,108,400473,131,400399,135
400401,400473,39,403776,105,403982,144,401314,149,400400,162
400403,400471,76,400404,102,400472,107,403776,169,400470,196
400404,400471,39,400403,88,400470,111,400472,195,400405,198
400405,400469,108,400406,115,400404,169,400471,192,400470,221
400406,400469,76,400405,99,405227,110,400468,137,400470,189
400408,400466,54,400467,84,400409,123,402641,231,405074,242
400409,400466,73,400408,107,400467,191,400267,206,405074,218
400414,400461,56,400462,64,405111,113,404949,138,405070,154
400418,400457,74,400812,97,400796,127,404066,143,400811,147
400419,403979,49,400457,131,402535,148,400418,173,400810,183
400422,403440,35,400453,76,400454,96,404194,113,404124,127
400423,400453,88,400452,123,400422,145,403976,178,403440,180
400426,403978,71,400449,123,403976,183,404046,195,402764,249
400448,404928,61,403466,105,404046,111,400449,167,400426,268
400449,404046,92,400426,101,403978,152,400448,157,404928,219
400452,403976,75,400423,113,400453,181,403978,190,402766,245
400453,400422,77,400423,90,403440,112,400454,153,404194,170
400454,404124,31,403440,78,400422,92,403975,126,404194,136
400457,400418,62,400796,100,400812,115,400811,120,400419,131
400461,400414,53,405111,74,400462,105,405070,127,405075,130
400462,400414,60,404949,74,400461,104,404853,107,405111,174
400466,400408,52,400409,87,400467,116,402641,194,405074,205
400467,400408,94,400466,128,400468,171,405227,178,400409,217
400468,405227,54,400406,119,400467,181,400469,199,400405,218
400469,400406,85,400405,101,400470,113,405227,195,400404,211
400470,400404,98,400471,101,400469,136,400403,168,400406,221
400471,400404,45,400403,67,400470,120,400472,174,401312,214
400472,403776,62,400403,109,400473,145,400401,157,400471,184
400473,400401,36,400400,129,403776,129,401314,143,400474,150
400474,400400,21,400399,114,401315,151,400473,152,401277,153
400475,400399,57,400476,65,401317,97,400398,115,401275,134
400476,400398,49,400475,63,401317,111,400399,120,403276,126
400477,404071,62,402656,64,402510,70,402509,98,402723,137
400479,400396,57,400395,137,405093,150,405289,151,401271,160
400482,400394,44,400483,87,405092,130,401079,158,401044,160
400483,405092,43,400482,86,400394,104,405247,123,400484,154
400484,405087,44,401040,70,405092,111,400595,128,400485,140
400485,403392,38,401040,60,400595,66,401039,73,405087,80
400486,401325,69,401266,71,903228,79,400390,94,401267,110
400512,402446,99,400128,161,402228,173,803095,176,400363,217
400514,450123,100,402171,150,400361,177,400515,180,402189,216
400515,402189,21,402171,73,450123,81,402188,107,400516,173
400516,405179,122,400358,145,400515,184,402189,204,400359,230
400518,403465,76,403257,85,403805,144,403457,146,400322,154
400519,400322,35,450375,61,400323,133,403456,148,400518,185
400552,903085,4,401360,132,401361,132,403539,181,404820,201
400555,400324,58,400325,114,400353,121,401822,173,400352,188
400561,404160,94,403805,104,403457,141,403804,177,400358,178
400595,401040,50,400485,64,405087,70,403392,80,400390,102
400596,400678,75,401469,81,400595,91,401040,142,400485,150
400597,400677,73,401436,80,401467,132,400598,160,403119,186
400598,403119,27,400676,52,403150,61,403118,108,403151,144
400599,400836,36,400835,143,403149,162,400771,168,400769,254
400602,400832,85,404259,154,400772,156,405234,172,403454,183
400609,903236,59,400663,78,400610,157,803157,170,404013,174
400610,400662,88,400611,120,400663,133,400609,138,400661,162
400611,400661,90,400612,115,400610,116,400662,142,404017,212
400612,400611,118,400661,142,400613,149,403483,158,404014,182
400613,403483,85,400659,87,400614,107,400612,146,404031,173
400614,400659,83,400613,107,400615,119,403483,160,400658,161
400615,400658,90,400614,118,400616,128,400657,174,400659,201
400616,400657,90,400615,108,400617,129,400658,133,400656,215
400617,400618,116,400616,118,400656,141,400657,141,400615,225
400618,400656,98,400619,119,400655,135,400617,145,400620,248
400619,400655,62,400618,126,400620,129,400816,171,403377,214
400620,400816,90,400619,110,400621,132,403377,140,400655,151
400621,400815,91,400620,102,400816,127,400622,135,400814,171
400622,400814,89,400621,109,400815,132,400623,144,400461,162
400623,400259,69,400624,91,404918,94,400622,127,405111,128
400624,400259,69,404918,83,400258,86,400623,87,404066,93
400626,400648,59,400649,108,400627,127,400647,139,404921,170
400627,400647,53,400628,101,400648,108,400626,112,400646,163
400628,400646,66,400647,84,400627,95,400629,97,400809,153
400629,400646,34,400628,93,400808,153,400809,166,400647,176
400631,400644,57,400643,116,400632,122,400642,185,400633,221
400632,400643,43,400642,63,400631,90,400633,98,400644,147
400633,400642,55,400632,110,400634,119,400641,128,400643,153
400634,400641,57,400633,168,400640,177,400642,227,400635,235
400635,400640,55,400636,155,400639,173,400634,199,400641,227
400640,400635,62,400634,148,400641,174,400636,217,400639,231
400641,400634,41,400633,161,400642,170,400640,188,400632,227
400642,400633,40,400632,59,400643,98,400641,121,400631,149
400643,400632,57,400631,97,400644,104,400642,115,400633,155
400644,400631,73,400643,139,403670,173,400632,195,400642,254
400646,400629,35,400628,63,400647,142,400809,152,400627,154
400647,400627,52,400628,89,400648,115,400626,123,400646,151
400648,400626,57,400649,112,400627,122,400647,131,404921,177
400649,404921,66,403373,110,400626,120,400648,124,404920,213
400655,400619,69,400618,148,400816,156,400620,179,403377,199
400656,400618,87,400617,157,400657,176,400619,207,400655,207
400657,400616,90,400658,110,400617,151,400615,153,400656,172
400658,400615,91,400657,132,400616,155,400614,161,400659,177
400659,403483,77,400614,87,400613,91,400658,181,404031,197
400661,400611,93,400662,118,400612,142,400610,160,404017,171
400662,400610,89,400663,110,400661,119,400611,145,404056,171
400663,400609,72,400662,123,903236,131,400610,145,404013,165
400676,400598,53,403119,61,403150,83,403118,122,403151,166
400677,401436,66,400597,81,400596,141,401467,158,401469,185
400678,401469,68,400485,75,400596,90,403392,91,401040,117
400716,400933,46,401821,58,403539,173,803083,201,403769,204
400719,402023,72,400720,76,402022,108,400919,118,403323,160
400720,402022,32,400919,42,400719,80,404132,143,402023,152
400722,400723,204,400919,215,400720,257,401375,275,402022,289
400723,401536,87,401535,107,401564,115,401563,130,400724,188
400724,401563,88,401535,113,400725,124,401564,137,401536,162
400725,400724,118,903176,127,401577,142,403895,168,400726,174
400726,903176,46,401577,96,403895,102,404991,161,400725,170
400731,400732,117,400929,213,401363,256,402152,256,403769,261
400732,400731,116,403769,144,803083,146,803082,151,403539,197
400744,405291,42,403736,56,400948,82,404050,91,405376,117
400745,403846,31,405376,43,403562,65,803001,76,405393,88
400747,400858,88,403573,105,401348,123,401102,134,404138,143
400750,403169,97,403555,120,400856,146,403612,185,401100,193
400751,405237,43,400854,47,403168,51,903218,59,403612,93
400752,403036,78,400853,83,400852,138,405086,145,400751,188
400755,403477,112,403522,120,400756,128,400849,144,400851,172
400756,403477,43,400849,56,403522,71,400848,140,400755,148
400759,400846,51,400847,72,404290,150,400760,160,400848,189
400760,404855,104,400846,107,400761,136,400759,160,400847,225
400761,404855,48,400762,94,400843,123,400760,135,400846,237
400762,400843,31,400761,92,404855,138,404131,191,404054,195
400764,400841,40,401966,159,903004,214,400840,217,401933,247
400768,400838,51,400769,148,402018,161,400837,164,404130,188
400769,403151,129,400768,161,403118,173,400838,195,403150,201
400771,400835,73,400834,130,400772,137,400599,185,400836,204
400772,400771,117,400602,179,400834,186,400835,190,403147,199
400796,400811,66,400812,81,400457,99,400418,114,402535,125
400798,400809,67,400810,125,402535,130,400808,157,400628,160
400799,903231,34,400808,53,404124,112,404194,125,400454,142
400808,903231,19,400799,52,403670,125,404194,152,400809,160
400809,400798,68,400810,129,400808,146,400628,150,400646,151
400810,402535,72,400798,120,400809,123,400811,125,403979,140
400811,400796,65,400812,80,400457,118,402535,125,400810,130
400812,400796,97,400811,97,400418,100,400258,130,400457,131
400814,400622,87,400815,102,400621,143,403375,147,400623,173
400815,400621,89,400816,106,400814,127,403376,138,400620,146
400816,400620,88,403377,115,400655,127,400815,136,400619,150
400832,404259,86,400602,90,400834,206,400772,217,405234,229
400834,400835,119,400771,122,400772,199,400832,235,400836,243
400835,400771,79,400836,123,400834,134,400599,163,400772,217
400836,400599,40,400835,107,400771,194,403149,207,400834,242
400837,400838,144,400768,173,400836,250,404130,253,400599,290
400838,400768,56,404130,133,400837,140,400769,187,404104,191
400840,403902,60,400841,134,400764,182,404104,247,404130,282
400841,400764,48,400840,177,401966,183,403902,237,903004,240
400843,400762,29,400761,119,404855,146,404054,160,404131,160
400846,400759,51,400760,107,400847,118,404855,191,803043,196
400847,404290,78,400759,81,400848,115,400846,128,400849,230
400848,404290,47,400849,115,400756,133,400847,137,403477,176
400849,400756,58,403477,61,403522,89,400848,123,400755,166
400851,400755,160,400852,164,404289,165,403477,223,403522,231
400852,404289,65,400752,141,400851,156,403036,217,400853,224
400853,403036,66,400752,76,405086,121,400854,135,405237,141
400854,405237,5,403168,21,400751,46,903218,49,403612,83
400856,403169,114,403271,120,403472,125,400750,146,403512,146
400857,403512,67,403491,75,403271,110,403573,111,405283,113
400858,401348,77,400747,89,404138,99,401102,108,403573,142
400860,401016,71,404138,93,401348,116,903233,135,404871,163
400861,903233,52,903234,54,803007,63,803008,72,403781,96
400890,405172,47,403323,87,402024,102,405361,166,403311,172
400903,403953,79,803164,127,400171,140,450335,163,400069,194
400910,402119,6,404977,39,803105,85,404107,87,404976,98
400913,403847,133,401380,197,405377,242,400161,260,405024,261
400915,403847,157,401379,198,400916,199,803160,292,400913,315
400916,803160,94,400917,125,401379,182,400915,192,404132,246
400917,803160,30,400916,115,404132,121,402022,224,401377,230
400919,400720,42,402022,74,400719,122,404132,185,402023,194
400929,402152,43,402128,98,403914,179,402127,211,400731,218
400933,400716,45,401821,56,403539,173,803083,199,403769,202
400936,403830,53,403242,78,803081,106,803080,121,403241,128
400938,404043,121,402191,122,403132,148,402169,170,803081,228
400940,403132,100,402169,104,402191,171,400941,177,400938,229
400941,404992,174,400940,178,403621,187,402229,209,400950,259
400943,403047,91,401014,189,903169,201,404992,204,402229,241
400948,405291,40,903169,43,403736,79,400744,80,404050,115
400950,405293,21,400951,86,404050,124,403736,195,405291,201
400951,400950,95,405293,116,403760,164,403797,177,404050,220
400953,404035,161,403797,165,405297,183,403760,204,400938,261
401014,903169,92,401015,112,400948,139,903209,145,403781,160
401015,903209,33,403781,36,903234,71,404871,83,803008,108
401016,400860,72,404871,111,404138,116,401348,139,903233,170
401021,403612,46,903218,54,403103,82,405237,96,400854,100
401022,401021,122,403104,136,403103,141,403167,141,403612,168
401023,401024,124,403733,137,401022,174,403104,215,403165,216
401024,403733,46,401023,125,401025,140,403106,159,401893,173
401025,401026,124,401024,141,403107,173,403733,187,403164,198
401026,401025,116,403108,165,403107,166,401929,185,403163,194
401027,401929,37,401897,68,803166,119,404320,150,403109,155
401029,401030,116,403111,142,404320,146,403159,182,403112,211
401030,401029,123,403112,143,401964,176,401935,181,403158,182
401031,401964,44,401935,69,401965,107,401934,108,401032,119
401032,401031,118,401033,121,403114,149,401964,162,405248,184
401033,401034,110,401032,114,403114,164,403155,171,403115,172
401034,401033,100,401035,133,403115,137,403154,160,403116,169
401035,401036,122,401435,126,401034,128,402017,143,403116,171
401036,401435,62,402017,78,401035,119,404911,166,401977,192
401037,402016,51,401085,75,401086,76,401038,92,401470,135
401038,401085,45,401084,67,401037,118,401327,126,401039,133
401039,403392,33,400485,63,401084,80,401040,105,400595,111
401040,405087,20,400484,58,400595,61,400485,69,403392,89
401044,401079,39,404915,56,401269,58,405247,138,400394,139
401045,400228,68,400287,102,401078,115,404274,184,400226,194
401047,404978,91,401074,154,404341,174,404333,178,400100,205
401051,404337,78,404336,99,401052,117,404334,126,402659,194
401052,404337,102,401051,121,401070,142,405014,174,404336,220
401055,401069,85,405014,133,404338,134,401056,177,401070,224
401056,404339,76,404338,103,400091,106,400062,119,401055,182
401069,401055,84,405014,133,404338,136,401070,168,401056,235
401070,405014,91,401052,145,401069,167,404337,186,401055,223
401074,404333,87,803165,135,401047,153,400100,171,404978,185
401078,400287,67,400228,93,401045,112,401079,147,401044,185
401079,401044,39,401269,44,404915,54,405247,136,400394,137
401084,401039,70,401038,81,401085,100,403392,100,400485,133
401085,401038,39,401084,79,401037,95,401327,107,402016,114
401086,402016,53,401037,62,401470,117,401085,137,401087,147
401087,401086,135,402016,190,401037,199,401088,200,401328,239
401088,403362,175,404075,233,401087,241,401936,262,401330,273
401090,401091,118,404075,170,403362,176,401936,179,401030,236
401091,401090,122,401092,168,401029,241,401334,260,401257,269
401092,401898,166,404308,168,401091,186,401093,187,404320,212
401093,401898,44,404308,66,401094,116,401092,204,401927,204
401094,401093,127,401898,171,404308,193,401867,200,404838,203
401096,404838,179,403372,199,401023,242,401341,249,401867,250
401099,403606,45,403611,71,401100,174,403372,179,403612,225
401100,403779,167,400856,171,405283,176,401099,177,403271,184
401102,400858,108,401348,116,400747,135,403491,137,404138,138
401139,401150,64,401140,127,401149,147,403475,162,403317,211
401140,401149,42,401148,122,401139,128,401141,164,401150,189
401141,401148,69,401147,75,401142,113,401140,162,402103,167
401142,405352,66,401147,85,402103,94,404922,102,402104,107
401147,401141,75,401142,79,401148,101,405352,101,402103,133
401148,401141,69,401149,99,401147,101,401140,122,401142,182
401149,401140,43,401148,100,401139,148,401150,161,401141,169
401150,401139,62,401149,160,403317,165,403475,165,401206,174
401168,401209,66,401169,100,401208,137,402090,151,402111,160
401169,401208,35,401675,65,404843,97,401168,100,404844,113
401182,401195,31,401633,133,401587,168,402041,175,402057,185
401183,401194,27,803193,36,404029,111,401193,145,401195,172
401191,404106,79,403913,84,403871,88,401782,140,403870,149
401192,401782,64,403870,73,405340,98,401191,168,401193,168
401193,404029,80,401194,111,401687,114,803193,136,401183,139
401194,803193,25,401183,28,401193,118,404029,139,401195,161
401195,401182,30,401587,162,401633,164,401194,167,803193,176
401202,402032,42,402068,88,403320,90,402033,130,401613,160
401206,403317,31,403475,56,403318,119,405165,137,401150,169
401208,401675,30,401169,35,404843,93,401793,119,404287,122
401209,401168,68,405006,155,401210,160,402090,163,401169,168
401210,405006,36,402870,112,803077,118,403350,130,405319,152
401220,403876,163,401453,171,403312,171,401393,175,401608,177
401223,401575,57,403897,61,401609,150,903184,188,404286,189
401224,401225,166,401223,191,405298,244,401575,248,403897,252
401225,401224,166,402126,176,401226,189,402154,198,401366,250
401226,402126,68,402154,70,401227,122,401225,187,402153,192
401227,401226,117,401229,178,402126,185,402154,187,401364,256
401229,404847,123,401227,170,401363,253,401502,282,401503,282
401231,803098,2,401848,37,401819,40,401232,155,401847,183
401232,403552,116,401231,154,803098,156,401848,191,401819,194
401239,402167,168,404846,171,404948,243,405393,245,400951,254
401245,404987,55,403510,60,401345,92,403492,116,403981,179
401248,402269,51,401343,54,403610,68,401342,89,401344,174
401250,401341,57,404136,100,404024,120,404134,122,401339,202
401252,401868,48,401339,50,401890,57,404134,105,401338,152
401253,401338,43,401337,97,401899,125,401254,141,401252,157
401254,401899,27,401337,64,401927,79,401336,106,401253,133
401255,401336,45,401335,74,401256,112,401254,128,401899,155
401256,401335,57,401334,78,401255,108,401257,115,401336,153
401257,401334,59,401333,70,401258,104,401256,117,401335,174
401258,401333,62,401937,116,401257,119,401259,149,401331,162
401259,401331,62,401937,62,401258,164,401330,180,401333,209
401261,401329,74,401330,74,401262,114,401328,189,401263,234
401262,401329,59,401328,73,401261,110,401263,118,401330,184
401263,401328,63,401327,98,401264,109,401262,115,401329,176
401264,401327,45,401326,70,401265,110,401263,124,401085,155
401265,401266,53,401326,66,400486,118,400390,125,903228,131
401266,401265,58,400486,64,400390,87,903228,93,401325,121
401267,401324,66,401325,66,903228,97,400390,112,400486,117
401268,405247,55,401324,124,401267,127,404915,135,400483,150
401269,401079,44,401044,58,404915,74,404245,127,401270,149
401270,404245,44,401271,100,405289,109,405093,125,400395,137
401271,405289,36,401270,103,404245,147,400396,148,400479,161
401272,405384,94,402509,136,402657,139,405182,148,405289,170
401274,403276,62,401317,104,401275,106,405182,111,400476,150
401275,401317,39,401274,108,403276,113,401276,115,400475,143
401276,401315,75,401275,118,401277,124,401317,142,400400,190
401277,401315,66,401314,73,400400,117,401276,121,403982,132
401281,401311,64,401282,115,401312,125,403832,180,401310,189
401282,401310,74,401281,116,401311,123,403826,137,404824,214
401286,401306,61,401305,93,401287,122,401307,124,404325,222
401287,401305,51,401286,124,401306,125,404135,166,401288,192
401288,404135,26,401287,198,401305,224,401306,298,401286,317
401294,405150,60,403896,80,903176,193,403895,203,401575,208
401301,404832,95,403851,136,401377,150,401302,155,403853,156
401302,403853,39,404940,113,401375,154,401301,156,403854,184
401305,401287,49,401306,74,401286,93,404135,189,401307,196
401306,401286,61,401305,74,401307,122,401287,123,401308,223
401307,401308,101,404325,119,401306,121,401286,122,401305,195
401308,404325,34,401307,99,404825,103,404824,201,401306,220
401310,401282,74,403826,83,404824,140,401311,177,401281,190
401311,401281,64,401312,118,401282,122,401310,176,403832,193
401312,403832,75,401311,117,401313,117,401281,124,400403,218
401313,403832,62,401312,117,403982,136,403776,166,401314,196
401314,401277,77,403982,79,401315,123,400473,156,400401,159
401315,401277,67,401276,72,400400,113,401314,120,400474,160
401317,401275,38,403276,91,400475,104,401274,105,400476,120
401324,401267,68,401325,69,903228,100,400390,115,401268,118
401325,903228,31,400390,46,401267,61,401324,63,400486,71
401326,401265,61,401264,88,401327,104,401266,114,401084,149
401327,401264,43,401326,83,401085,110,401263,110,401038,123
401328,401263,65,401262,72,401329,117,401327,150,401264,176
401329,401262,60,401261,71,401328,119,401330,129,401263,180
401330,401261,67,401329,125,401331,165,401262,181,401259,199
401331,401259,63,401937,76,401330,147,401258,178,401261,214
401333,401258,54,401257,77,401334,120,401937,154,401259,187
401334,401257,57,401256,78,401333,111,401335,119,401258,161
401335,401256,58,401255,71,401336,100,401334,121,401257,174
401336,401255,47,401254,103,401335,105,401899,112,401337,149
401337,401899,28,401254,63,401253,89,401927,90,401338,116
401338,401253,45,401337,126,401252,134,401899,154,401868,166
401339,401868,2,401890,48,401252,53,404134,97,404136,120
401341,401250,57,404024,83,404136,115,404134,179,401342,183
401342,401248,89,404024,114,402269,132,401343,135,403610,139
401343,402269,23,403610,50,401248,54,401344,123,401342,135
401344,403981,55,401345,116,401343,124,402269,147,401248,174
401345,401245,81,403981,107,404987,117,401344,121,403510,123
401348,404138,22,400858,74,401102,113,400860,118,400747,120
401358,401359,113,903217,145,404153,163,403552,211,903235,228
401359,903217,22,401358,120,903235,170,401847,172,404820,181
401360,404820,69,401847,80,903085,125,400552,129,401361,160
401361,903085,132,400552,136,401360,167,401363,171,404820,236
401363,401361,175,401364,175,401229,247,400731,268,400732,297
401364,402127,128,402153,133,404244,134,401363,178,401227,248
401366,405298,159,404244,169,402127,224,401225,242,402153,249
401371,401532,91,401372,101,401533,130,401566,175,401565,178
401372,401532,10,401566,74,401565,77,401371,103,401533,118
401373,401566,130,401372,141,401565,150,401532,152,401567,154
401374,401375,86,404940,170,401373,215,404133,232,401302,245
401375,404940,83,401374,87,401302,152,403853,191,401377,228
401377,401301,143,404940,165,403851,181,404132,182,404832,185
401379,400916,182,400915,192,403851,274,803160,276,401377,292
401380,403444,116,400913,198,403847,220,404863,238,401381,313
401381,402120,97,404976,112,404969,182,400910,201,402119,208
401386,405133,44,404286,91,405265,97,401387,112,405420,171
401387,405420,61,401388,101,401386,111,403876,154,405133,154
401388,403876,54,401393,90,401387,99,401608,102,903063,138
401393,403876,38,401388,91,401608,122,405420,164,401220,183
401398,404161,113,402124,130,403802,132,403547,143,450222,228
401400,401401,77,403802,121,403547,182,402124,189,405316,251
401401,401400,74,403802,195,401402,228,401503,244,403547,257
401402,401404,197,401401,222,403192,241,401502,275,401400,296
401404,403192,44,403519,132,401402,175,404279,234,401501,254
401407,401853,59,401814,66,405512,156,401408,184,401852,200
401408,401409,123,401407,176,401853,234,402195,236,401814,241
401409,402195,113,401408,119,401410,126,402165,149,903106,242
401410,402195,13,402165,23,401409,111,401411,194,402194,214
401411,401412,160,402165,187,404058,202,401410,210,402195,223
401412,401413,100,401411,144,403992,151,403986,163,404058,208
401413,403992,51,403986,63,401412,74,402205,176,401414,185
401414,401413,158,403986,172,403992,180,401416,186,401412,232
401416,401417,160,403489,174,401414,197,405153,202,403513,238
401417,403489,73,403513,78,403472,137,401416,169,403512,172
401435,402017,60,401036,61,401035,123,401977,168,404911,169
401436,400677,62,400597,85,401467,161,401435,180,400596,202
401438,401467,63,401466,75,403886,117,400677,174,400597,177
401440,401464,137,401441,197,401465,203,403122,224,401463,235
401441,401463,58,401464,79,803161,99,401442,102,401465,197
401442,803161,57,401463,82,401462,122,401441,139,401464,216
401443,403292,39,405079,51,402512,116,403604,127,401444,137
401444,401445,56,402512,69,403604,80,403292,98,405079,108
401445,401444,53,401459,56,903089,58,401446,66,402512,125
401446,903089,7,401459,44,401445,58,401444,111,401458,114
401447,401458,69,401446,142,401448,147,903089,149,404147,151
401448,404147,59,401457,73,405078,89,401447,105,403786,140
401453,401568,40,403312,62,403313,114,401569,125,401567,134
401457,404147,54,401448,71,405078,74,401447,120,403786,125
401458,401446,89,401447,93,401459,95,903089,96,401445,146
401459,401446,47,401445,51,903089,54,401444,104,401458,121
401462,401443,116,405079,149,403292,155,401442,168,803161,173
401463,803161,40,401442,61,401441,75,401464,134,401462,164
401464,401441,60,401463,99,401465,118,803161,139,401440,142
401465,403886,71,401466,110,401464,121,401438,178,401441,182
401466,403886,62,401438,68,401467,113,401465,121,400597,225
401467,401438,67,400597,113,401466,124,400677,130,401436,137
401469,400678,58,400596,86,401470,116,400595,124,401039,131
401470,401469,104,402016,126,401084,142,401086,150,401037,154
401489,404030,104,402233,105,401490,127,403984,140,401491,224
401490,402233,53,403984,68,401491,97,401489,132,403992,183
401491,401490,113,402233,165,403984,180,401492,184,401412,208
401492,402166,97,401493,113,402194,163,401491,206,401411,254
401493,402166,16,402194,49,401492,120,402165,198,404948,207
401495,401496,82,803099,197,401497,200,903078,225,402194,227
401496,401495,89,803099,115,401497,118,903078,142,401852,154
401497,803099,3,401852,36,403238,88,401496,121,903078,130
401500,403528,98,401501,108,401818,128,403519,185,403192,260
401501,403528,63,401818,73,401500,106,403519,140,403192,205
401502,401503,109,401402,259,401501,265,405316,279,401229,280
401503,401502,116,405316,170,401401,229,402155,287,401229,289
401506,401507,115,404881,174,402155,233,402125,243,404161,244
401507,401506,115,450222,182,405265,202,405133,255,405151,256
401528,903030,40,401570,113,401529,122,401569,191,403313,206
401529,403313,85,401570,95,401528,109,401569,120,903030,135
401531,401567,88,403312,99,401532,103,401566,125,401372,138
401532,401372,10,401566,84,401565,87,401371,93,401531,106
401533,401535,109,401532,111,401372,121,401564,129,401371,135
401535,401564,14,401563,60,401536,86,400723,106,401533,111
401536,400723,85,401535,85,401564,93,401563,108,400724,166
401538,400335,42,401562,102,400334,104,400336,146,401561,166
401542,903147,48,404092,66,903148,82,401558,102,401543,113
401543,401784,37,401557,99,401542,122,401785,150,903147,170
401544,401685,54,401545,106,401556,124,404094,143,401611,154
401545,404094,36,401611,47,401555,99,401544,114,401554,137
401547,401554,40,401610,62,401555,110,401611,111,401659,111
401548,401553,53,401552,162,403307,164,401547,165,401549,172
401549,401552,60,403307,62,402039,66,403443,119,401591,132
401552,403307,51,401549,60,402039,71,401589,122,403306,165
401553,401548,51,401554,131,401547,162,401552,164,401610,173
401554,401547,39,401610,42,401659,91,401555,94,401611,95
401555,401611,52,404094,63,401554,93,401545,100,401547,108
401556,401685,68,401544,120,401555,160,401686,176,401557,186
401557,401784,61,401543,99,401558,121,405155,158,401556,174
401558,405155,37,401559,85,903147,90,402858,98,401542,101
401559,403793,35,400001,76,401558,84,405155,95,404010,114
401561,400336,115,401562,128,400334,130,401538,158,400176,160
401562,400334,66,401538,102,400335,134,401561,136,401563,172
401563,401535,58,401564,82,400724,91,401536,107,400723,127
401564,401535,14,401563,84,401536,94,400723,114,401533,131
401565,401372,80,401532,90,401566,90,401533,136,401564,141
401566,401372,75,401532,85,401565,88,401567,88,401373,126
401567,401566,87,401568,89,401531,91,401453,130,401373,149
401568,401453,42,401567,93,403312,104,401569,119,404133,140
401569,401570,69,403313,77,401529,116,401568,125,401453,132
401570,903030,63,401569,77,401529,99,401528,104,403313,155
401575,401223,54,403897,81,401609,149,903184,187,404286,189
401577,903176,49,403895,91,400726,97,400725,139,401294,206
401578,402857,66,403894,71,401579,120,403893,139,400333,182
401579,403893,53,401578,115,403906,159,400003,178,402857,182
401587,402041,27,401633,34,402057,77,401630,102,401589,133
401589,401630,49,402039,69,401552,124,403307,130,401587,133
401591,403443,33,803177,56,401628,63,401549,133,401594,135
401594,401627,4,401628,71,401595,110,401626,118,401591,132
401595,401626,58,401627,107,401594,109,401596,115,405260,174
401596,405260,57,401625,82,401626,107,401595,115,405350,142
401598,401599,79,403808,105,405350,155,401625,180,405260,205
401599,401598,85,403808,189,401600,201,405350,239,401625,264
401600,403557,136,401599,203,401598,287,803115,321,405372,324
401608,903063,70,903184,95,401388,100,403876,107,401393,119
401609,903184,38,903063,63,401608,132,401223,151,401575,152
401610,401554,43,401659,52,401547,62,401555,113,401611,113
401611,401545,48,404094,51,401555,52,401554,94,401547,109
401612,401657,53,401656,125,401545,151,404094,156,401611,167
401613,401656,51,403320,74,402068,130,402032,146,401657,163
401624,403380,96,903088,130,405350,162,403808,209,401625,222
401625,405260,49,405350,60,403808,72,401596,82,401598,171
401626,401595,57,401596,107,401627,113,401594,116,405260,164
401627,401594,4,401628,73,401595,109,401626,114,401591,134
401628,401591,60,401594,73,401627,75,403443,92,803177,111
401630,401589,49,402041,88,402039,98,401587,102,401633,129
401633,401587,34,402041,41,402057,79,401630,129,401182,140
401656,401613,53,401657,114,401612,119,403320,123,402068,183
401657,401612,54,401656,120,401545,159,404094,159,401613,170
401659,401610,53,401554,92,401547,111,803193,145,401611,165
401664,405084,73,401802,120,803185,158,803184,159,401665,178
401665,405337,56,401802,77,403754,82,401666,119,401664,175
401666,403754,54,401800,86,405337,100,401665,119,401667,130
401667,401800,65,403831,89,401666,133,404850,158,403590,168
401669,401797,71,402085,79,404850,159,403590,163,401670,174
401670,404327,77,402085,119,401797,123,903054,154,401669,157
401675,401208,28,401169,62,401793,89,404843,120,402110,159
401679,403647,55,401681,203,403732,203,403318,218,403319,236
401681,402069,112,403849,130,401682,161,401679,205,903093,205
401682,903093,44,402069,50,403849,143,402068,158,401681,165
401685,401544,52,401556,70,401555,156,401545,159,401686,172
401686,401685,173,401556,179,401193,187,401610,203,401659,204
401687,404029,110,401193,112,401688,115,401183,216,401194,223
401688,401687,117,401689,190,402142,199,903226,212,401781,222
401689,903226,22,402142,32,404099,129,903125,144,401833,165
401690,405390,45,401833,47,903125,66,402143,89,405323,89
401691,903080,14,405323,46,405396,107,401690,132,405390,177
401694,404995,131,402048,145,404950,179,403480,198,403359,203
401696,403480,106,404950,166,403359,186,401697,187,404951,203
401697,903046,122,403249,137,403248,149,401696,165,401698,227
401698,403248,65,403251,121,401699,122,903046,132,403249,147
401699,401698,135,403248,200,403251,224,401769,261,803151,262
401701,803151,72,402183,83,401702,175,402175,223,401768,233
401702,401701,165,402221,175,401703,191,803151,218,402183,229
401703,402221,34,402217,134,402222,145,401704,156,404037,160
401704,402217,81,402222,88,405138,91,401703,142,402218,147
401706,404253,137,401707,184,402355,190,402330,191,403503,200
401707,403995,61,403503,63,403997,148,401706,174,401708,179
401708,402295,112,401709,135,402298,142,403995,171,401707,175
401709,402295,52,402298,70,401708,151,803058,166,402296,167
401710,401711,122,401709,185,402336,215,401758,217,402349,222
401711,401710,117,401882,128,401876,139,401712,144,402349,200
401712,401882,41,401876,72,401711,134,401881,140,401875,187
401715,401919,41,401908,44,401716,168,404681,178,404859,201
401716,403383,108,401715,188,401910,210,401916,211,401718,224
401718,403383,131,904918,187,405003,203,403342,238,401716,256
401721,903102,65,401722,190,903003,192,401954,244,401747,267
401722,401968,163,401721,190,401951,233,404091,237,401723,242
401723,401951,55,401969,66,401968,109,401724,180,401950,185
401724,401725,133,401723,181,401969,233,401951,235,401743,236
401725,401726,112,401724,133,401742,250,402000,291,401743,302
401726,401725,113,402000,180,401727,198,405348,237,401724,246
401727,402000,42,401999,157,401726,194,405315,200,401994,238
401729,401730,131,803059,209,401998,238,401727,249,401731,251
401730,401731,120,401729,129,401739,267,402461,293,401738,300
401731,401730,118,803054,210,403673,223,401732,224,401738,240
401732,803054,13,402498,93,803153,119,803154,141,403673,142
401738,403673,40,402461,59,403676,70,402498,134,803153,161
401739,402461,169,401738,180,401740,181,403438,209,403673,220
401740,401994,176,401739,178,402001,183,401741,193,402707,210
401741,401994,39,402001,66,405348,80,401993,160,401742,177
401742,405348,99,401741,180,401743,182,402705,215,401994,219
401743,401744,121,401742,176,405347,198,402704,212,401724,227
401744,405347,77,401970,106,401743,116,401745,132,401950,140
401745,401970,52,405347,54,401950,66,401744,133,404077,156
401747,404091,115,401946,217,401748,219,401947,242,403632,244
401748,403632,25,401954,87,803182,112,401943,113,903003,136
401749,803182,67,401943,68,403342,111,401748,136,403632,139
401753,903129,41,401920,81,404681,108,405307,110,401906,173
401754,401755,125,903129,177,404681,186,401920,199,401753,213
401755,401754,133,401883,181,401875,199,401756,200,402694,230
401756,401875,79,401883,81,401758,195,401755,218,405369,220
401758,402691,179,401756,201,401710,204,401759,216,402299,225
401759,405365,26,402299,43,401760,138,402293,146,402298,160
401760,403994,116,401759,126,401761,129,405365,152,402299,169
401761,403994,36,403504,64,401760,124,401762,124,403993,159
401762,403504,129,401761,131,401763,133,403994,167,402687,214
401763,401762,133,401764,188,450051,204,401706,224,403504,259
401764,401763,181,403545,205,402223,247,401765,256,405138,257
401765,402223,74,402216,76,402215,134,403887,165,402222,188
401768,402175,42,405193,63,402174,166,402183,176,803151,186
401769,401768,189,405193,190,402175,231,402680,231,402681,232
401771,403247,71,403252,74,403246,153,401772,164,403251,196
401772,404909,132,401771,189,402677,215,402678,226,401697,238
401774,401827,40,403216,71,401826,156,404909,170,403359,176
401775,402049,118,405336,144,403525,159,401774,168,402634,188
401778,401779,136,401832,138,402144,151,403525,194,402143,204
401779,401832,62,402144,105,401778,144,402143,148,402134,162
401780,401779,167,401781,168,401689,219,403772,222,402142,228
401781,401782,142,401780,164,403870,173,401192,204,401688,213
401782,403870,31,401192,62,405340,76,401781,138,401191,146
401784,401543,38,401557,62,401542,160,401785,168,401556,176
401785,401543,146,401784,163,401786,176,402666,196,401557,225
401786,403731,153,401785,168,402762,186,405130,193,402862,209
401787,803109,12,403731,131,403849,140,402030,144,402069,157
401793,401675,87,401169,115,401208,115,405373,134,401168,164
401797,402085,31,401669,68,401670,136,404327,167,403590,187
401800,401667,64,401666,88,403831,93,403754,125,405337,170
401802,401665,78,405337,96,401664,118,403754,138,405084,192
401806,400163,218,401808,261,403350,269,405377,292,405024,323
401808,405052,147,402118,166,903145,218,402082,221,405219,234
401812,404196,36,803055,74,903084,101,402160,103,903198,108
401813,403486,57,903207,61,903107,156,401853,206,401407,211
401814,401407,62,401853,78,401852,154,405512,154,401497,193
401818,403528,62,401501,72,401500,126,403519,159,401848,160
401819,803098,39,401231,40,401848,47,404820,154,401847,163
401821,400933,55,400716,57,403539,142,803083,170,403769,173
401822,401844,76,400324,127,400323,156,400555,163,400354,164
401824,403821,82,401842,85,401840,150,401826,220,403427,234
401826,403427,79,401840,93,401827,106,401774,147,403216,158
401827,401774,41,403216,52,401826,116,404909,151,403359,157
401832,401779,65,402144,109,405390,125,402143,143,401778,149
401833,405390,43,903125,43,401690,50,402143,107,405323,139
401840,401826,88,403427,102,403821,118,403216,176,401824,191
401842,401824,79,400354,152,403821,162,401822,191,400353,200
401844,401822,79,400324,126,400323,135,400555,182,400933,199
401847,404820,71,401360,80,401819,157,903217,168,803098,176
401848,803098,35,401231,36,401819,46,401818,163,403528,173
401850,405374,21,803144,44,403239,77,403552,114,401851,140
401851,403239,65,403238,100,404919,138,405374,139,401850,142
401852,401497,39,803099,42,403238,106,401814,141,401496,160
401853,401407,62,401814,84,403486,151,405512,174,401813,201
401857,903027,47,401858,93,404264,306,402052,313,405323,384
401858,401857,95,903027,142,903028,347,404951,361,404264,401
401867,404838,85,401890,158,401868,167,401339,189,401094,202
401868,401339,2,401890,28,401252,51,404134,95,404136,122
401869,401889,102,403989,357,401870,379,401868,392,404303,392
401870,403989,49,404303,105,401887,126,404858,129,400033,145
401875,401756,78,401883,79,401882,166,401876,177,401712,182
401876,401882,60,401712,76,401711,133,401877,147,402348,147
401877,401881,61,402348,61,401880,126,402347,147,401876,155
401878,401880,116,401877,207,402347,266,401881,268,402348,268
401880,401878,118,401877,146,401881,170,402348,170,401876,263
401881,401877,59,402348,79,401882,107,401880,148,401712,150
401882,401712,43,401876,58,401881,99,401711,120,401877,158
401883,401875,75,401756,76,405369,159,403433,166,401884,175
401884,405369,45,403433,72,404860,113,402826,114,405169,118
401887,400033,60,404858,64,400032,115,401870,124,403989,125
401889,401869,99,401252,369,401868,377,401339,379,401890,405
401890,401868,30,401339,51,401252,61,404134,126,401867,148
401893,403523,31,403165,52,403106,70,403522,142,403477,145
401897,401929,56,401027,74,803166,86,403109,107,401930,109
401898,401093,40,404308,42,401094,156,401092,180,401927,181
401899,401254,26,401337,27,401927,62,401336,114,401253,116
401900,401899,136,401254,162,401337,173,401927,208,401253,242
401901,400119,91,400034,132,401924,211,401925,215,803162,219
401903,401924,44,400036,72,401925,152,401922,160,401901,211
401905,403419,81,401921,86,403434,98,401906,113,401922,141
401906,403434,86,401921,94,903129,115,401905,131,401920,137
401908,401919,26,401715,41,402345,158,404681,159,404859,161
401909,401917,54,404859,65,402345,66,401910,98,402339,156
401910,401917,58,401909,119,401916,121,404859,141,403367,164
401916,403367,43,405003,91,904918,110,401910,133,401917,187
401917,401910,48,401909,65,404859,83,402345,127,401916,165
401919,401908,26,401715,38,404681,159,404859,160,402345,161
401920,903129,34,401753,70,404681,82,401906,148,401921,166
401921,403434,67,401906,82,401905,92,403419,138,401920,143
401922,403419,89,401905,127,401903,170,401921,178,401924,180
401924,400036,28,401903,43,401925,123,401922,169,400037,173
401925,400118,77,400119,121,401924,124,400036,153,401903,153
401926,400119,150,401925,182,400118,230,401901,244,401924,317
401927,401899,71,401254,87,401337,98,401898,163,404308,165
401929,401027,38,401897,51,803166,102,403109,138,401930,160
401930,403162,42,403560,62,803166,62,803043,74,403109,83
401933,903004,24,405249,90,401965,127,401934,129,401966,144
401934,401965,44,405249,82,405248,83,401933,98,401964,113
401935,401964,54,401031,66,401934,98,401965,117,405249,180
401936,404075,73,403362,79,401937,153,401935,200,401090,208
401937,401259,59,401331,72,401258,128,401936,155,401333,173
401939,404191,36,401960,50,404087,115,803180,115,400041,142
401941,401958,52,403418,54,401957,115,403749,147,401942,150
401942,401957,67,403777,90,803182,138,401943,139,401749,152
401943,803182,37,401749,71,401748,114,403632,117,401942,171
401946,401947,125,402816,194,401747,208,403777,213,401974,226
401947,401948,119,401946,130,401973,189,401974,218,404091,218
401948,401971,112,401947,117,404077,122,403436,135,404076,189
401950,401970,62,405347,65,401745,68,401744,143,404077,166
401951,401723,57,401969,79,401968,102,401950,178,403326,201
401954,903003,48,403632,67,401748,93,903102,172,803182,183
401957,401942,55,403777,69,401941,152,401958,155,403418,167
401958,401941,48,403418,74,401957,115,403749,147,401942,170
401960,404191,35,401939,51,404087,115,803180,115,400041,121
401961,404081,71,404168,71,404087,129,803180,129,400041,151
401964,401031,42,401935,55,401965,94,401934,95,405249,156
401965,401934,48,405249,63,405248,64,401933,98,401964,115
401966,903004,99,400764,120,405249,123,405248,125,401933,132
401968,403326,99,401951,100,401723,109,803066,123,401969,131
401969,401723,64,401951,75,401968,129,401970,163,405347,166
401970,405347,29,401745,52,401950,60,401744,107,401971,134
401971,403436,39,404077,46,404076,113,401948,114,401970,134
401973,403417,124,401974,145,401947,188,404079,192,404076,194
401974,402816,111,401973,117,401947,175,401946,191,403749,202
401977,404911,26,405394,37,403117,50,402018,60,403152,83
401988,404341,75,404274,95,401989,176,402006,216,404978,217
401989,402006,40,400103,45,402005,116,400102,117,401988,176
401990,401991,61,400050,72,402005,78,402004,134,402006,150
401991,401990,61,402004,73,400050,133,401992,135,402005,139
401992,402003,38,403416,38,402004,107,405135,109,402809,127
401993,405181,39,402002,52,405135,78,401994,116,402003,154
401994,401741,38,402001,48,405348,117,401993,121,405181,160
401998,803059,56,405315,126,401999,229,401729,235,401727,327
401999,405315,104,402000,116,401727,160,401998,230,803059,286
402000,401727,44,401999,115,401726,177,405315,219,401994,220
402001,401994,48,401741,65,402002,115,405348,144,405181,153
402002,405181,38,401993,52,405135,56,402001,111,402003,133
402003,401992,40,405135,71,403416,75,402004,108,402002,125
402004,401991,74,402003,100,401992,101,401990,135,403416,136
402005,402006,72,401990,79,400050,81,401989,111,400103,130
402006,401989,39,400103,58,402005,76,400102,110,401990,155
402016,401037,44,401086,60,401085,88,401470,100,401038,105
402017,401435,60,401036,77,401977,108,404911,134,401035,139
402018,403152,48,401977,59,404911,65,405394,79,403117,92
402022,400720,32,400919,74,404132,105,400719,112,402023,119
402023,400719,73,402022,118,402024,133,403323,146,400720,151
402024,405172,89,403323,103,400890,112,402023,130,400719,204
402026,403311,64,405361,79,400083,118,405172,134,400155,135
402028,404155,72,402071,110,402863,119,402030,129,402760,131
402030,402760,0,402863,68,402071,83,403731,116,405130,124
402032,401202,41,402068,69,403320,71,402033,111,401613,141
402033,402067,73,402034,83,402032,118,401202,136,402068,151
402034,402067,70,402033,88,404100,137,403303,150,402032,206
402036,403304,54,402037,115,403305,140,403303,142,404100,149
402037,403305,52,402036,118,402038,122,403306,135,403304,172
402038,403306,65,403305,122,403307,124,402037,127,401549,167
402039,401549,68,401589,68,401552,73,403307,79,401630,97
402041,401587,27,401633,41,402057,84,401630,88,402042,129
402042,402056,40,402057,79,402043,101,402041,132,401587,136
402043,402055,66,402042,107,402056,126,402057,186,402054,193
402048,404995,30,405396,117,401694,142,402049,144,903080,205
402049,405336,81,403525,96,401775,119,402048,133,404995,163
402052,404264,37,401833,215,903002,216,402054,232,401690,254
402054,903002,17,405367,33,402055,127,402043,193,404264,198
402055,402043,66,402056,118,402054,127,903002,154,402042,160
402056,402042,42,402057,83,402055,115,402043,123,401587,160
402057,402042,75,401587,77,401633,79,402056,80,402041,84
402067,402034,68,402033,76,403303,155,403320,168,402068,170
402068,403320,54,402032,68,401202,86,401613,124,402069,124
402069,401682,48,403849,92,903093,92,401681,114,402068,118
402071,402863,72,402030,82,402760,82,402862,107,402028,109
402080,405065,40,404973,111,404864,168,405056,179,404969,184
402082,903145,17,903146,120,404101,125,400166,208,404225,210
402085,401797,28,401669,73,401670,129,404327,160,403590,215
402087,903054,29,402088,70,402112,103,405319,118,404327,149
402088,402112,33,405319,47,402087,67,903054,90,405006,185
402090,402111,41,404844,113,402110,145,402091,148,401168,164
402091,402110,24,404843,50,404844,68,402109,98,904920,128
402092,402108,45,402109,58,402093,75,402107,133,402091,161
402093,402108,37,402107,72,402092,82,402094,135,402109,140
402094,402107,59,402106,63,402093,122,402095,137,402108,145
402095,402105,70,402096,73,402106,79,402094,132,402097,187
402096,402105,56,402095,73,402097,130,402104,147,402106,150
402097,402104,36,402103,81,404922,89,402096,131,401142,139
402100,903025,21,803115,57,405372,60,405352,173,404922,175
402102,402103,110,404922,152,402104,161,402097,193,401142,202
402103,404922,42,402104,51,402097,83,401142,92,402102,99
402104,402097,36,402103,49,404922,57,401142,103,401147,146
402105,402096,56,402095,70,402106,94,402094,151,402097,170
402106,402094,57,402095,78,402105,93,402107,112,402096,149
402107,402093,67,402094,67,402108,88,402106,126,402092,135
402108,402093,34,402092,49,402107,90,402109,101,402094,155
402109,402092,53,402108,91,402091,105,402110,109,402093,127
402110,402091,24,404843,42,404844,60,402109,101,904920,124
402111,402090,43,405319,146,404844,152,402112,162,401168,175
402112,402088,31,405319,49,402087,98,903054,121,405006,152
402118,405052,54,405219,70,402119,122,404977,122,400910,128
402119,400910,6,404977,45,803105,92,404107,94,404976,104
402120,404976,42,401381,96,404969,99,404973,131,400910,140
402124,403802,68,403547,77,401398,129,404881,190,401400,191
402125,404881,66,402155,74,405316,149,402124,201,402126,209
402126,401226,68,402154,77,401225,174,401227,190,402127,199
402127,404244,53,402153,72,401364,131,402126,189,402152,204
402128,400929,96,402152,115,400329,187,405231,211,402130,221
402130,405231,45,400329,108,404833,137,400327,198,402132,211
402132,403782,69,404833,100,400007,136,405272,173,402145,178
402134,402854,63,402145,76,403855,81,402144,136,401779,156
402142,401689,33,903226,55,404099,97,903125,178,401833,198
402143,405390,77,401690,84,903125,97,401833,99,401832,147
402144,401779,102,401832,104,402854,120,402145,133,403855,138
402145,402854,34,403855,72,402134,73,402144,128,405272,170
402152,400929,45,402128,119,402127,195,403914,200,402153,219
402153,402127,75,404244,81,401364,139,401226,185,402126,192
402154,401226,73,402126,80,401227,195,401225,199,402155,199
402155,404881,58,402125,77,405316,121,402124,193,403802,194
402157,404834,44,803150,89,404926,140,404927,155,403547,161
402160,404196,66,401812,102,903082,103,903084,119,803055,150
402161,403956,104,402162,122,403955,170,903106,205,402163,219
402162,403955,48,402163,97,402161,122,403954,168,403956,180
402163,403955,49,402162,97,903214,142,403954,169,903087,170
402164,903087,31,403954,104,402163,161,903106,185,403955,210
402165,401410,24,402195,37,401409,135,401411,171,402166,186
402166,401493,16,402194,65,401492,103,402165,170,401410,215
402167,404846,56,404948,129,403760,161,401239,179,403797,197
402169,403132,37,400940,108,402191,108,400938,167,402171,234
402171,450123,50,400515,72,402189,104,400360,118,402172,126
402172,400360,24,402188,100,402171,130,400359,138,450123,181
402173,403424,43,402186,117,402174,119,402682,120,402841,127
402174,402682,56,402175,108,402185,112,402173,130,401768,148
402175,401768,40,405193,103,402174,124,402682,180,402183,216
402183,803151,11,401701,91,401768,177,405193,179,402175,219
402185,402682,55,402174,107,402681,114,402186,136,402841,145
402186,402841,57,403424,89,402173,112,402185,123,402842,173
402188,400360,81,400359,93,402172,102,400515,114,402189,135
402189,400515,22,402171,106,450123,118,402188,129,400516,194
402191,403132,89,402169,111,400938,122,400940,182,404035,211
402194,401493,51,402166,67,402195,164,401492,171,404948,187
402195,401410,13,402165,36,401409,98,402194,178,401411,207
402205,404121,73,403987,75,403626,147,803013,159,401413,220
402214,403617,81,405480,100,402838,117,402224,119,402215,148
402215,405480,59,402224,101,401765,138,402214,141,402223,149
402216,401765,70,402223,80,402222,113,402215,140,402217,172
402217,402218,66,402222,76,401704,88,401703,126,404266,159
402218,402217,74,404266,93,402328,142,402222,150,404037,154
402221,401703,41,404037,126,401702,172,402217,175,402222,186
402222,402217,72,401704,90,402216,115,401703,132,402218,137
402223,401765,72,402216,84,405480,139,402215,143,402224,161
402224,405480,59,402215,107,402214,118,403617,121,402223,173
402228,803095,58,402446,70,803117,139,400512,169,403621,176
402229,404992,51,403621,85,403047,160,405291,201,400941,210
402233,401490,52,403984,65,401489,109,401491,149,403992,180
402269,401343,24,403610,48,401248,52,401342,133,401344,147
402290,402303,56,400030,82,402301,193,400031,199,400029,202
402292,403421,35,402301,59,402300,102,402829,115,402293,135
402293,403432,66,402300,77,401759,121,405365,134,402292,137
402295,401709,49,402298,64,803058,113,402296,115,401708,125
402296,803058,2,402351,49,402334,55,402295,127,403726,133
402298,402295,61,401709,64,401708,152,405365,163,401759,170
402299,401759,40,405365,53,402298,167,403432,169,402293,173
402300,403432,70,402293,75,402292,102,403421,115,402301,119
402301,403421,52,402292,59,402829,112,402300,119,403432,189
402303,400030,47,402290,56,400031,164,400029,187,405392,207
402328,404266,50,404938,103,404154,113,903094,139,402218,148
402330,402355,43,405389,88,402331,176,403735,177,404154,218
402331,403997,54,403735,58,403996,85,403563,142,403297,158
402334,402296,61,402351,63,803058,63,403726,82,803159,107
402336,402349,58,803159,130,402348,132,403726,161,401877,192
402338,402347,48,402346,72,402339,128,401877,180,402345,202
402339,402346,58,402345,74,404859,111,402338,114,401909,125
402345,404859,36,401909,55,402339,94,401917,105,402346,148
402346,402339,59,402338,60,402347,104,402345,130,404859,166
402347,402338,58,402346,126,401877,136,402339,185,401881,193
402348,401877,64,401881,83,402349,116,402336,126,401880,152
402349,402336,57,402348,121,803159,140,403726,167,401877,185
402351,402296,50,803058,52,402334,58,403726,137,403297,159
402355,402330,43,405389,88,402331,177,403735,178,404154,211
402446,402228,73,803095,76,400512,99,400363,153,803117,157
402458,903075,18,402503,40,403671,61,404255,72,402662,103
402460,403537,107,402502,113,403438,115,404255,128,903042,133
402461,401738,58,403673,98,403676,128,402460,160,401739,168
402498,803153,26,803154,49,401732,89,803054,102,403673,117
402502,403537,53,903042,79,402458,107,402460,115,402503,119
402503,402458,39,903075,57,403671,72,404255,82,402662,110
402504,402661,62,403415,63,402662,80,400054,109,402505,120
402505,402506,64,400054,65,402661,74,402504,115,400098,126
402506,400098,61,402660,61,402505,63,400054,128,402661,137
402507,404334,88,402659,99,404336,117,803165,117,402658,135
402508,400283,41,404283,82,402658,100,402657,129,400282,186
402509,402656,36,405384,55,405182,75,402657,76,400477,104
402510,400477,70,403139,73,402656,74,404071,78,402723,87
402512,403604,11,405079,67,401444,69,403292,77,402653,94
402517,403786,59,403757,69,405078,73,402647,120,401448,122
402518,402646,63,402647,66,402519,114,402517,155,403786,214
402519,402646,88,402645,118,402518,139,402520,170,402647,205
402520,402644,71,402645,74,402521,135,402519,178,400612,239
402521,402644,88,402643,129,402520,143,405103,197,402645,217
402526,403698,32,402639,52,402638,160,405074,169,405073,185
402535,400810,72,403979,116,400796,118,400811,120,400798,125
402634,402674,77,403427,139,403822,185,401775,188,401826,217
402638,405073,45,402639,132,402526,158,400249,179,400266,182
402639,402526,52,403698,60,402638,134,405073,177,405074,195
402641,405074,42,400466,157,402642,157,400408,192,403698,201
402642,405103,44,402643,106,402641,164,400467,194,405074,195
402643,405103,88,402642,112,402521,126,402644,194,400468,237
402644,402520,75,402521,84,402645,131,402643,193,400469,234
402645,402520,72,402519,124,402644,125,402646,192,402521,207
402646,402518,71,402519,71,402647,121,402645,169,400610,218
402647,402518,64,402517,109,402646,111,403786,158,403757,160
402653,402512,94,403604,105,401444,115,403292,123,405079,133
402656,402509,35,400477,68,404071,72,402510,73,405384,89
402657,405384,59,402509,77,405182,79,402656,113,402508,132
402658,404283,64,400283,85,402508,101,402507,135,400231,162
402659,404334,70,402507,100,803165,137,404336,157,404333,187
402660,400098,61,402506,62,402661,118,402505,125,402504,178
402661,402504,60,400054,67,402505,77,403415,103,400053,120
402662,402504,82,403415,96,402458,100,402503,108,403671,113
402666,903148,71,404092,87,903147,121,401542,132,402762,155
402670,402856,77,403772,117,403913,176,405061,178,401781,210
402673,403855,172,402674,173,402851,189,402852,196,402854,206
402674,402634,73,402673,172,403822,180,402049,208,401775,211
402677,402678,111,402846,194,401772,200,404909,236,402845,245
402678,402677,113,403246,177,402679,188,403253,192,402845,197
402679,403253,67,403246,72,402680,126,403245,130,403254,151
402680,402679,123,402681,171,402843,188,403253,190,403246,195
402681,402185,120,402682,122,402680,173,402174,175,402841,193
402682,402174,52,402185,56,402681,118,402173,128,405193,150
402687,403505,103,450051,131,402688,144,403993,179,401762,193
402688,403993,35,403505,61,402689,98,403497,103,402687,138
402689,402688,97,403993,119,403505,158,402293,170,401760,185
402691,402692,129,401758,163,403432,180,404854,204,405369,234
402692,405369,105,402691,129,403433,143,401884,152,404854,194
402694,403433,176,403434,181,404321,194,401755,201,401754,214
402696,402697,161,405307,173,401921,184,405066,189,403434,195
402697,403765,109,402696,173,404947,189,405233,190,403342,250
402704,403436,175,402811,190,402705,192,401743,214,401971,215
402705,405181,188,402704,189,401742,205,402809,209,402002,225
402707,402002,172,405181,179,401993,193,405135,198,401740,205
402723,403139,26,402510,93,402653,139,400477,143,402656,148
402740,402772,61,402741,108,402773,121,405069,169,405076,197
402741,405069,61,402740,103,402772,112,405077,178,402773,223
402744,403439,61,402767,140,402769,143,402745,157,404125,185
402745,402767,33,402766,129,405185,146,402744,150,403439,203
402748,402764,59,404008,123,405186,157,402749,158,405185,212
402749,404008,65,803020,149,402748,164,402764,175,404046,287
402753,402869,90,402868,130,405006,185,401210,191,405269,215
402755,402867,73,402865,121,405269,128,402757,199,402868,295
402757,402865,95,402864,134,402755,194,402867,267,402030,268
402760,402030,0,402863,70,402071,83,403731,116,405130,124
402762,402861,83,405130,135,402862,145,402666,154,401786,183
402764,402748,59,404008,116,405186,146,402749,169,405185,221
402766,405185,53,405186,104,402745,110,402767,114,402744,250
402767,402745,37,402744,136,402766,137,405185,172,403439,179
402769,405077,80,404125,99,402744,137,403439,146,405069,213
402772,402740,60,402773,114,402741,116,405069,163,405076,209
402773,405076,95,402774,102,402772,154,402740,161,404876,187
402774,405076,43,402773,110,404876,156,903049,165,403907,169
402805,404255,170,405057,181,402458,241,402503,253,403671,254
402809,403416,93,401992,131,402003,168,402705,203,402004,237
402811,402704,190,404079,240,402809,252,403417,261,404076,262
402816,403749,92,401974,98,401946,152,401973,215,401941,256
402819,403418,98,404947,142,401941,143,401958,167,403765,169
402826,405169,24,404860,39,401884,107,405369,121,404854,145
402829,403421,118,402301,123,402292,126,404854,179,402300,186
402831,903105,96,403422,98,403497,121,403421,137,403506,161
402835,803158,134,404171,176,403545,187,450051,241,400364,285
402838,402214,117,403617,120,402224,178,404171,199,405480,201
402841,402186,60,403424,102,402842,116,402173,125,402185,135
402842,402843,112,402841,118,402186,178,402681,186,403424,219
402843,402842,113,403254,152,402680,177,403245,202,403425,216
402845,403425,94,402846,135,402678,167,403254,177,403245,194
402846,402845,126,402677,158,403821,196,403425,220,401840,244
402851,402852,117,403822,164,402673,185,405272,232,402674,247
402852,405272,115,402851,122,403316,168,402673,197,403782,226
402854,402145,35,403855,60,402134,61,402144,115,405272,143
402856,402670,75,403913,119,403772,171,403871,180,404106,192
402857,403894,66,401578,69,400333,116,403893,154,401579,189
402858,405155,62,403526,80,401558,99,400001,122,401559,139
402861,402762,83,402862,125,400085,161,405130,165,402666,175
402862,405130,22,402071,109,402861,124,402762,145,402030,146
402863,402030,68,402760,70,402071,73,402028,117,402864,143
402864,402757,130,402863,143,402865,189,402030,191,402760,191
402865,402757,98,402755,118,402867,171,402864,195,405269,247
402867,402755,72,405269,90,402865,173,402868,223,402757,270
402868,402869,100,402753,129,405269,165,402867,218,405006,253
402869,402753,92,402868,105,405006,153,401210,159,402870,173
402870,803077,6,403350,62,401210,118,405006,129,402088,175
403036,400853,72,405086,76,400752,77,405071,115,404865,167
403037,403608,54,403076,97,403038,106,405071,124,405086,137
403038,403487,33,803057,50,403076,56,405308,92,803056,95
403047,400943,103,404992,136,402229,173,403621,191,903169,240
403076,403487,44,403038,51,803057,61,403037,117,405308,123
403103,401021,82,403167,87,903218,105,403612,117,405237,121
403104,403166,81,401022,136,403167,137,403103,144,401023,215
403106,401893,71,403523,81,403165,102,403164,157,401024,171
403107,403164,81,403163,99,403108,122,403106,182,401025,187
403108,403163,83,403162,104,403107,113,803166,121,403109,142
403109,803166,35,401930,78,403162,98,403161,103,401897,120
403110,403161,83,403160,102,403109,118,404320,152,803166,153
403111,403159,89,403112,117,403160,139,401029,156,403158,156
403112,403158,87,403111,128,403159,151,401030,163,401965,167
403114,403155,83,405248,142,403115,143,401032,155,401033,176
403115,403154,66,403116,110,403114,130,403155,135,401034,146
403116,403153,80,403115,102,403154,126,401034,172,403152,172
403117,405394,13,401977,49,404911,59,402018,93,403118,116
403118,403151,68,403150,109,400598,114,403117,115,403119,122
403119,400598,25,400676,58,403150,67,403118,114,403149,126
403122,403147,50,404260,154,403148,169,403454,183,400772,187
403125,403145,88,403126,160,403144,184,404262,186,401462,229
403126,403144,78,403127,84,403142,148,403763,187,403903,205
403127,403142,75,403126,110,403763,114,403903,132,403144,188
403139,402723,26,402510,79,400477,149,402656,155,404071,157
403142,403127,69,403903,99,403144,136,403126,168,403763,168
403147,403122,53,403148,118,400772,163,404260,169,400834,269
403148,404260,80,403149,115,403147,130,400771,166,403122,183
403149,403119,118,403150,118,403148,124,400599,131,404260,133
403150,400598,61,403119,69,400676,82,403151,84,403118,103
403151,403118,69,403150,90,400769,117,403117,138,405394,150
403152,402018,49,401977,82,404911,88,405394,103,403153,106
403153,403116,76,403152,114,403154,116,403115,157,402018,163
403154,403115,63,403155,112,403153,124,403116,130,401034,166
403155,403114,81,403154,127,403115,148,401033,181,401032,216
403158,403112,90,403159,124,403111,169,401933,188,401030,206
403159,403111,92,403158,115,403160,117,403112,145,401029,200
403160,403110,96,403161,114,403159,124,403111,150,404320,185
403161,403110,86,403109,99,401930,112,403160,122,803166,132
403162,401930,42,803166,82,403108,101,403109,103,403560,104
403163,403108,88,403107,94,403164,112,403162,125,401930,167
403167,403103,88,405237,125,403166,128,400854,130,403168,134
403168,405237,9,400854,20,400751,49,903218,52,403612,86
403216,401827,50,401774,70,404909,160,401826,166,403427,196
403238,401497,86,803099,89,401852,101,401851,106,403239,142
403239,401851,62,405374,72,401850,75,803144,95,404919,103
403240,403259,97,404153,104,403354,134,405297,170,803144,233
403241,403830,108,403354,111,400936,132,403242,153,404153,173
403242,403830,70,400936,74,404040,107,403241,145,803081,180
403245,403254,56,403425,106,403253,108,403246,113,402679,124
403246,402679,70,403253,74,403245,117,403254,158,401771,165
403248,903046,67,401698,78,403249,82,403251,116,401697,133
403249,903046,20,403248,101,401697,139,401698,179,403251,217
403251,403248,96,401698,114,403247,159,903046,163,401771,172
403253,402679,67,403246,76,403254,84,403245,114,403425,169
403254,403245,52,403253,74,403425,84,403459,119,403804,122
403267,400105,76,400107,79,400292,81,404856,107,400047,177
403271,403779,94,403512,95,405283,103,400857,106,400856,124
403276,401274,62,401317,90,401275,110,405182,116,400476,134
403292,405079,44,401443,48,402512,77,403604,88,401444,98
403306,402038,66,403307,111,403305,117,402037,142,401552,162
403307,401552,51,401549,62,402039,78,403306,114,401589,128
403311,402026,69,404916,105,405361,111,405172,129,400155,130
403312,401453,58,401568,98,401531,102,403313,109,401567,150
403313,401569,71,401529,74,403312,115,401453,117,401570,141
403317,401206,31,403475,47,403318,128,405165,148,401150,160
403318,403732,94,401206,122,403317,131,403319,134,403475,178
403320,402068,57,401613,71,402032,73,401202,91,401656,118
403338,400272,73,404837,85,404129,123,400273,137,400271,201
403350,402870,64,803077,70,401210,138,405006,151,402869,189
403354,403259,99,403241,116,403240,125,403830,127,404153,127
403359,404950,50,403480,77,903028,151,404951,159,401696,188
403376,403375,111,403377,112,400815,140,400621,174,400814,220
403377,400816,111,400620,135,403376,137,400815,203,400621,222
403383,401718,116,401716,124,403367,158,904918,160,405003,176
403392,400485,34,401039,39,401040,75,400595,78,405087,95
403415,402504,63,402662,94,402661,105,402503,139,400053,164
403416,401992,38,402003,75,402809,90,402004,144,405135,146
403417,404079,68,404076,70,401973,127,401971,185,404077,195
403418,401941,46,401958,70,402819,116,401957,122,401942,157
403421,402292,32,402301,49,402829,104,402300,112,402831,155
403422,903105,2,403497,54,403506,63,402831,102,402688,150
403424,402173,41,402186,92,803163,96,402841,102,402174,159
403425,403254,82,403245,99,402845,111,403459,146,403253,156
403427,401826,78,401840,107,402634,146,403216,187,403821,200
403432,402293,69,402300,75,402299,150,402292,155,402829,186
403433,405369,56,401884,73,402692,136,401883,153,404860,186
403434,401921,70,401906,77,401905,107,401920,158,403419,188
403436,401971,40,404077,70,404076,137,401948,138,401970,174
403440,400422,38,400454,85,404194,102,400453,114,404124,116
403443,401591,32,803177,70,401628,93,401549,118,401594,166
403447,803157,99,903236,114,404011,128,403786,140,403461,172
403457,404160,95,400561,125,403805,125,400518,147,403465,179
403459,403804,36,403254,103,404160,114,403245,120,403425,134
403461,903092,19,903230,87,404232,96,903229,100,803157,178
403465,403257,55,400518,79,403805,95,404160,133,405179,156
403472,403513,112,403555,122,401417,125,400856,134,403169,188
403475,403317,49,401206,58,405165,135,401150,162,403318,177
403480,404950,60,403359,80,401696,111,903028,149,404951,151
403483,400659,77,400613,90,404031,120,404015,149,400612,159
403487,803057,17,403038,32,403076,48,405308,104,803056,108
403488,403038,112,403487,113,404826,120,803057,130,403076,136
403489,401417,69,403491,112,403513,147,401416,179,400857,189
403491,400857,78,403573,93,403489,103,405283,115,401102,145
403492,404987,68,404988,85,403510,121,404049,124,401245,130
403494,400126,63,400127,98,400027,133,404122,150,404994,157
403495,400028,61,405489,63,403508,92,400029,122,404994,156
403497,903105,51,403422,53,402688,96,403506,116,403993,118
403504,401761,61,403994,97,401762,120,403505,123,402688,188
403505,402688,65,403993,100,402687,101,403504,108,402689,163
403508,405489,33,400028,36,404994,84,403495,102,400027,106
403510,404987,51,401245,65,403492,112,401345,139,404988,177
403512,400857,69,403271,101,403779,127,405283,136,403491,144
403513,401417,83,403472,128,803057,133,403489,156,403512,163
403519,403192,111,401404,133,401501,142,403528,143,401818,162
403522,403477,45,400756,61,400849,77,400755,130,403523,162
403523,401893,30,403165,41,403106,79,403522,132,401024,193
403526,402858,82,405155,124,404106,125,400002,158,401558,161
403537,903042,26,402502,54,403787,71,402460,110,803154,113
403539,803083,50,403769,53,803082,89,401821,147,400716,176
403547,403802,63,402124,80,401398,144,401400,186,404834,198
403555,403169,66,403472,118,400750,127,403168,161,400856,163
403556,403906,83,403871,94,400003,116,404106,147,403913,172
403560,803043,12,401930,73,403162,115,803166,135,403109,156
403562,803001,16,403846,33,405393,50,400745,65,405376,81
403563,403297,16,403996,61,403997,132,402331,134,403735,136
403573,405283,71,403491,90,403779,105,400747,111,400857,111
403604,402512,11,405079,78,401444,80,403292,88,402653,105
403608,403037,46,405086,101,405071,107,403076,133,404865,155
403610,402269,49,401343,52,401248,70,401342,141,401344,175
403612,903218,33,401021,45,405237,75,400854,80,403168,83
403632,401748,27,401954,62,903003,110,803182,117,401943,118
403670,400808,125,404194,148,903231,164,400799,197,400644,203
403671,402458,62,402503,74,903075,80,404255,85,403537,116
403673,401738,41,403676,54,402461,100,402498,118,401732,140
403676,403673,53,401738,70,402498,117,402461,129,803153,144
403726,803159,29,402334,92,402296,148,803058,150,402351,151
403731,803109,103,402030,118,402760,118,402071,119,401787,129
403736,405291,40,400744,55,404050,69,400948,80,903169,123
403754,405337,42,401666,54,401665,81,401800,122,401802,136
403757,403786,58,405078,72,402517,91,401457,128,401448,133
403763,403127,127,403903,130,403604,134,402512,145,403142,188
403776,400472,65,400401,101,400473,127,401313,148,403982,190
403777,401957,83,401942,92,403749,227,401941,235,403418,250
403779,405283,53,403271,94,403573,103,403512,120,400857,132
403781,401015,36,903234,79,903209,81,400861,99,803008,116
403782,402132,67,404833,95,403316,121,400007,151,405272,166
403786,405078,47,403757,55,402517,78,401457,103,403447,105
403787,903042,45,403537,72,803154,103,402502,122,803153,125
403793,401559,35,400001,91,903147,91,404010,106,903048,107
403804,403459,33,403254,104,404160,110,403245,141,403425,154
403805,404160,85,400561,95,403465,101,403257,110,403457,132
403808,405350,50,401625,75,401598,99,405260,100,401596,157
403830,400936,53,403242,74,403241,104,403354,119,803081,159
403846,400745,32,403562,34,803001,50,405393,57,405376,75
403849,402069,91,401681,131,401682,140,401787,146,803109,158
403853,401302,40,404940,123,403854,145,401301,159,401375,194
403855,402854,59,402145,72,402134,78,405272,125,402144,132
403870,401782,30,401192,69,405340,84,401191,154,403913,179
403871,404106,73,403913,78,401191,85,403556,98,402856,174
403876,401393,36,401388,53,401608,108,401387,151,401220,169
403895,903176,57,401577,93,400726,104,400725,166,401294,201
403903,403142,122,403763,134,403127,149,903229,165,404232,170
403907,403910,25,405075,53,405070,56,405111,140,400252,150
403908,405111,87,400259,101,404876,152,400461,161,903049,161
403910,403907,26,405075,63,405070,66,400252,137,405111,152
403913,403871,82,401191,84,404106,93,402856,115,403870,174
403953,400903,81,803120,116,803184,143,803185,143,803164,208
403954,903087,98,403955,106,402164,109,903106,139,402162,154
403982,401314,79,401313,135,401277,136,400401,155,400473,164
403986,401413,68,403992,90,401412,142,402205,195,401414,204
403989,401870,49,404303,103,401887,127,400033,147,404858,151
403993,402688,39,403505,100,403994,107,402689,124,403497,129
403994,401761,34,403504,98,401760,109,403993,123,401762,159
403995,401707,61,403503,124,403996,129,403563,173,403297,187
403996,403563,61,403997,71,403297,75,402331,77,403735,78
403997,402331,48,403735,49,403996,73,403563,134,403297,148
404010,903048,1,400086,49,403793,106,400337,115,401559,115
404011,803157,69,404012,86,903236,136,403447,153,404019,164
404014,404017,50,404015,129,404031,185,400661,218,400612,235
404015,404031,55,404014,109,403483,189,400612,223,400613,247
404029,401193,81,401183,105,401687,113,401194,133,803193,142
404031,404015,53,403483,158,404014,162,400613,216,400659,235
404050,403736,71,405291,77,400744,92,405293,93,400950,112
404066,903049,63,400258,69,404876,71,400624,87,400259,133
404071,400477,62,402656,68,402510,78,402509,102,402723,145
404076,404079,69,403417,71,401971,115,404077,124,403436,138
404077,401971,46,403436,69,404076,123,401948,124,401970,150
404080,400045,59,400109,112,400046,124,400044,179,400108,205
404081,401961,81,404168,127,400041,138,404087,185,803180,185
404087,404168,71,404191,106,401961,118,401960,121,401939,122
404092,903148,16,903147,32,401542,63,402666,88,401558,106
404094,401545,37,401611,51,401555,63,401554,101,401547,116
404106,403871,75,401191,77,403913,91,403526,127,403556,153
404107,803105,30,400910,84,402119,93,404977,93,803106,142
404116,903078,65,404919,92,403239,149,401851,180,403238,260
404120,403906,108,404936,115,400003,147,403556,179,401579,183
404122,400126,79,400125,123,403494,142,403508,172,404994,183
404124,400454,29,403440,107,400799,116,403975,116,400422,121
404125,402769,106,404124,171,400454,180,403439,180,402744,186
404129,400273,79,400242,108,403338,124,400274,127,400067,140
404132,402022,103,400917,117,400720,141,401377,181,400919,183
404134,404136,65,401868,100,401339,102,401252,112,401250,121
404136,404134,66,401250,100,401341,115,401339,125,401868,127
404138,401348,21,400860,94,400858,95,401016,116,401102,134
404147,401457,72,401448,75,401447,124,405078,146,403786,197
404155,400083,59,402028,74,405361,113,402071,118,402026,155
404160,400561,92,403805,93,403804,103,403459,104,403457,109
404168,401961,67,404087,78,803180,78,404081,113,401960,178
404191,401960,34,401939,36,404087,100,803180,100,400041,125
404194,403440,95,400422,109,400799,130,400454,136,403670,156
404196,401812,36,402160,67,803055,77,903084,104,903082,127
404232,903229,4,903092,104,403461,128,903230,140,403903,142
404245,401270,42,405289,131,401269,136,405093,141,401271,143
404255,402458,71,402503,83,403671,84,903075,88,402460,126
404266,402328,49,402218,99,404938,148,402217,172,903094,184
404283,402658,64,400283,67,402508,83,400233,126,400282,168
404287,401208,133,405165,138,402109,150,402092,157,401675,175
404327,401670,77,903054,119,402087,145,402085,150,401797,154
404329,903086,16,405453,91,903162,104,450222,119,903237,127
404334,402659,69,404336,88,402507,89,401051,128,803165,145
404336,404334,86,401051,101,402507,117,404337,119,402659,155
404338,401056,103,404339,120,401055,137,401069,138,400091,200
404355,803027,95,404356,105,803028,114,803034,237,803026,243
404356,803027,79,404355,105,803034,132,803026,138,803028,152
404681,903129,69,401920,91,401753,105,401908,142,401919,143
404820,401360,69,401847,71,903217,177,903085,194,400552,198
404833,403782,91,402132,94,402130,142,403316,159,400007,178
404834,402157,43,803150,106,404926,167,404927,191,403547,204
404843,402110,38,402091,46,404844,82,401208,102,401169,105
404844,402110,59,402091,67,404843,85,402090,112,401169,122
404856,400047,70,403267,110,400048,125,400292,140,400107,145
404857,402870,44,803077,50,403350,64,401210,99,405006,103
404858,401887,63,400033,83,400032,118,401870,127,403989,149
404859,402345,45,401909,62,401917,69,401910,116,402339,138
404860,402826,36,405169,40,401884,103,405369,137,403433,175
404865,405071,119,405086,132,405112,151,403608,173,403037,182
404871,903209,75,401015,86,401016,119,403781,134,903233,151
404876,903049,9,404066,78,405076,130,402774,135,403908,136
404911,401977,27,405394,48,403117,61,402018,67,403152,90
404915,401079,53,401044,55,401269,72,405247,81,401268,138
404918,400259,75,400258,84,400624,84,400623,92,404066,153
404919,404116,87,403239,103,401851,134,404872,135,903078,152
404922,402103,45,402104,62,402097,94,401142,103,405352,126
404926,404927,102,402157,144,404834,172,803150,188,903134,193
404927,404926,102,402157,159,803150,186,404834,197,404085,220
404938,903094,36,404154,39,402328,123,405389,153,404266,168
404969,404973,66,803147,95,402120,107,404976,115,803107,151
404973,404969,71,402080,103,803147,110,405065,123,402120,144
404976,402120,39,404969,105,401381,108,400910,109,402119,116
404977,400910,38,402119,45,803105,92,404107,94,404976,104
404987,403510,53,403492,61,401245,62,404988,127,401345,136
404994,400027,22,403508,92,405489,104,400028,107,405490,135
405006,401210,37,405319,117,402870,124,803077,130,402112,131
405052,402118,55,405219,87,404977,139,401808,143,402119,159
405063,405053,88,403878,149,405056,151,405054,152,405062,152
405065,402080,42,404864,128,404973,133,405056,201,405062,222
405070,403907,54,403910,63,405075,68,400461,135,405111,143
405071,405086,67,404865,106,403608,112,403037,121,403036,127
405075,403907,51,403910,60,405070,68,400461,138,405111,160
405078,403786,51,401457,55,401448,68,403757,73,402517,96
405079,403292,44,401443,60,402512,67,403604,78,401444,108
405084,401664,78,803002,128,803019,144,803185,150,803184,151
405086,405071,60,403036,81,403608,98,404865,112,403037,127
405087,401040,26,400484,38,400595,87,400485,95,403392,116
405092,400483,42,400484,114,400482,128,400394,143,405247,149
405093,400395,31,401270,122,400396,134,404245,139,400479,143
405111,400461,74,403908,87,400414,111,403907,131,400259,133
405130,402862,22,402030,124,402760,124,402071,125,402762,135
405135,402002,54,405181,61,401993,75,402003,76,401992,116
405151,903232,115,450222,130,903237,142,405157,152,405453,159
405155,401558,37,402858,61,401559,97,903147,102,401542,113
405157,903232,47,903237,85,405453,121,405151,159,404329,216
405169,402826,21,404860,40,401884,108,405369,122,403433,180
405172,400890,48,402024,80,403323,124,403311,141,402026,151
405179,400516,120,403257,155,403465,166,400561,204,403805,214
405181,402002,37,401993,38,405135,63,402003,139,402001,148
405182,405384,68,402509,76,402657,79,402656,112,401274,121
405193,401768,59,402175,101,402185,163,402682,167,402174,219
405219,402118,70,405052,86,400166,111,803105,116,404977,134
405234,403454,62,404262,70,403145,113,400602,167,400832,222
405237,400854,5,403168,9,400751,41,903218,44,403612,78
405247,401268,57,404915,80,400483,119,401079,133,401044,135
405248,401965,66,405249,84,401934,89,401966,108,401933,140
405249,401933,71,401965,71,405248,92,401934,94,903004,95
405272,403855,121,402852,122,402854,138,402145,167,403782,173
405283,403779,54,403573,70,403271,104,403491,111,400857,112
405284,803003,12,400087,18,803024,28,400065,53,400088,84
405289,401271,37,401270,111,404245,135,400396,140,400479,153
405291,400948,40,403736,40,400744,41,404050,75,903169,83
405308,803056,4,403038,119,403487,132,803057,150,403076,155
405319,402088,45,402112,49,402087,111,903054,135,405006,138
405323,401691,48,903080,62,401690,86,405390,131,401833,133
405340,401782,74,403870,84,404105,94,401192,95,401191,179
405347,401970,29,401745,55,401950,63,401744,78,404077,153
405350,403808,48,401625,61,405260,86,401596,143,401598,147
405352,401142,73,401147,114,823252,117,404922,132,903025,136
405361,400083,75,402026,78,403311,107,404155,118,400155,120
405365,401759,28,402299,58,402298,155,402293,161,401760,166
405369,401884,47,403433,58,402692,101,402826,130,405169,134
405374,401850,20,803144,23,403239,73,403552,134,401851,136
405376,400745,43,803008,45,803007,63,803001,65,403846,74
405384,402509,52,402657,55,405182,64,402656,88,401272,93
405389,402355,92,402330,93,404154,123,404938,167,903094,203
405390,903125,37,401833,39,401690,44,402143,81,405323,133
405393,403562,53,403846,59,803001,69,400745,91,405376,134
405394,403117,13,401977,37,404911,47,402018,81,403152,104
405453,903237,35,903086,79,903162,95,404329,96,405157,122
405480,402224,59,402215,65,402214,99,402223,151,402838,200
405489,400028,3,403508,29,403495,69,404994,93,400027,115
405490,400026,14,400027,120,404994,145,400127,158,403494,177
450123,402171,50,400515,80,400514,98,402189,116,400360,168
450222,404329,112,404161,114,405151,128,903086,128,405453,203
803001,403562,16,403846,49,405376,65,405393,66,400745,76
803002,803019,16,803185,125,803184,126,405084,130,803120,147
803003,400087,6,405284,12,803024,16,400065,52,400088,84
803007,803008,10,903234,45,400861,63,405376,63,400745,106
803008,803007,10,903234,36,405376,46,400861,73,400745,89
803013,403987,85,903076,87,903074,101,404058,147,402205,154
803019,803002,16,803185,107,803184,108,803120,129,405084,146
803024,400087,9,803003,15,405284,26,400065,67,400088,106
803026,803034,17,404356,144,803027,151,404355,249,803028,291
803027,404356,79,404355,95,803028,140,803034,142,803026,144
803028,404355,114,803027,140,404356,152,803034,282,803026,284
803034,803026,17,404356,139,803027,148,404355,244,803028,288
803043,403560,13,401930,86,403162,128,803166,138,403109,159
803054,401732,13,402498,106,803153,132,803154,155,403673,156
803055,903084,25,903082,48,401812,69,404196,72,402160,140
803056,405308,5,403038,124,403487,138,803057,155,403076,160
803057,403487,14,403038,46,403076,62,405308,117,803056,121
803058,402296,2,402351,50,402334,56,402295,126,403726,134
803077,402870,7,403350,69,401210,125,405006,136,402088,182
803080,803081,15,404043,117,400936,122,403830,175,403242,200
803081,803080,15,404043,102,400936,107,403830,160,403242,185
803099,401497,3,401852,39,403238,91,401496,118,903078,127
803105,404107,29,400910,82,402119,90,404977,90,405219,118
803106,803107,81,404976,133,803147,140,402120,146,404107,157
803107,803147,80,803106,96,404969,157,404973,167,402120,242
803109,401787,12,403731,105,402030,132,402760,150,403849,152
803117,403620,58,400363,71,400362,101,402228,144,803095,147
803120,803185,80,803184,87,803121,108,403953,122,803019,124
803121,803185,42,803120,107,803019,150,803002,168,803184,194
803131,803130,27,903199,112,403191,131,403816,154,405285,157
803144,405374,21,401850,41,403239,94,403552,155,401851,157
803147,803107,79,404969,100,404973,110,803106,154,402080,192
803150,402157,93,404834,111,404927,184,404085,187,404926,187
803153,803154,22,402498,26,903042,112,401732,115,403787,128
803154,803153,22,402498,48,903042,90,403787,106,403537,117
803157,404011,69,403447,123,903230,123,903236,127,404019,135
803159,403726,30,402334,118,402336,138,402349,148,402296,179
803164,450335,36,400903,133,400069,143,404983,145,400171,189
803165,404333,108,402507,119,401074,134,402659,137,404334,146
803166,403109,36,401930,58,403162,78,401897,100,403108,114
803180,404168,71,404191,106,401961,118,401960,121,401939,122
803182,401943,35,401749,68,401748,110,403632,114,403342,134
803184,803185,0,803120,88,803019,101,803002,119,405084,147
803185,803184,0,803121,44,803120,81,803019,100,803002,118
803193,401194,25,401183,37,401193,143,401659,147,404029,148
903003,401954,52,403632,119,903102,123,401748,145,401721,190
903004,401933,32,401966,120,405249,123,401965,159,401934,161
903025,402100,18,803115,77,405372,80,405352,152,404922,154
903042,403537,27,403787,45,402502,81,803154,87,803153,109
903046,403249,14,403248,81,401697,119,401698,159,403251,197
903048,404010,1,400086,31,403793,107,400337,115,401559,116
903049,404876,8,404066,69,400258,131,405076,138,402774,143
903054,402087,31,402088,95,404327,125,402112,128,405319,142
903063,903184,25,401609,64,401608,70,401388,136,401387,174
903075,402458,18,402503,59,403671,80,404255,90,402662,122
903078,404116,70,803099,124,401497,127,401496,142,404919,161
903082,803055,47,903084,51,402160,101,401812,121,404196,124
903084,803055,26,903082,48,401812,97,404196,100,402160,115
903086,404329,17,405453,75,903162,88,903237,111,450222,136
903089,401446,8,401445,52,401459,52,401444,105,401458,121
903093,401682,45,402069,95,405098,133,403849,188,401613,193
903094,404938,26,404154,65,402328,149,405138,179,405389,179
903105,403422,2,403497,52,403506,65,402831,100,402688,148
903125,405390,38,401833,40,401690,65,402143,102,903226,123
903145,402082,16,903146,101,404101,122,404225,191,400166,202
903147,404092,32,401542,45,903148,48,401558,88,403793,92
903148,404092,16,903147,48,402666,72,401542,79,401558,122
903169,400948,47,405291,86,401014,90,403736,126,400744,127
903184,903063,24,401609,40,401608,94,401388,160,401387,177
903209,401015,34,404871,73,403781,82,903234,117,400861,137
903217,401359,23,401358,153,401847,160,404820,169,903235,193
903218,403612,34,405237,42,400854,47,403168,50,401021,54
903226,401689,22,402142,54,903125,121,401833,141,404099,148
903228,400390,15,401325,28,400486,78,401267,89,401324,90
903229,404232,6,903092,109,403461,134,403903,138,903230,145
903230,903092,70,403461,94,404232,115,903229,119,803157,165
903231,400808,19,400799,33,404194,158,403670,164,400809,189
903233,400861,51,903234,109,803007,118,803008,127,400860,140
903234,803008,37,803007,47,400861,56,401015,70,403781,78
903236,400609,61,803157,113,404011,122,403447,124,400663,139
903237,405453,36,405157,87,903086,114,404329,131,903162,131
