bike_id,bus1,time1,bus2,time2,bus3,time3,bus4,time4,bus5,time5
72,903076,116,903087,128,903214,129,402164,159,903074,163
79,401380,64,400913,156,404894,162,403444,180,404883,197
82,404327,54,903054,71,401670,87,402087,95,402088,165
83,303526,84,303295,94,308641,95,308536,96,303254,136
119,306953,120,306813,142,306814,177,302933,237,306936,279
120,307552,103,307572,105,307848,108,307904,122,307948,155
127,404133,29,401568,151,401453,161,401569,181,403313,211
128,404132,34,402022,123,400917,149,400720,154,400719,157
143,801026,173,306053,189,303517,193,302434,201,305216,203
144,307943,60,304647,63,306801,77,901329,101,302935,118
146,401381,62,402120,65,404976,93,404969,150,404891,182
150,403304,61,403303,84,404100,91,402036,94,401625,165
151,400081,41,903130,145,803192,151,400157,167,404916,233
152,803105,81,404107,84,404976,102,803106,103,402120,119
157,305217,20,305110,30,308647,94,305109,96,305216,112
161,403323,230,402024,281,400722,285,401538,287,400154,289
164,401769,92,402681,154,401768,176,405193,177,402175,218
167,402678,52,402677,97,402845,144,803035,145,904040,148
168,404991,51,403914,159,400726,209,404897,225,903176,254
173,404035,39,403797,99,403760,118,400953,150,404846,183
174,405323,27,401691,45,903080,59,803036,107,401690,113
195,403971,26,404934,31,404221,44,903117,44,404188,48
212,405151,43,903232,123,903237,150,405157,160,450222,173
216,302355,227,306437,301,302357,310,302356,364,801071,380
217,302355,93,306437,124,801071,127,308626,134,308025,251
223,405150,72,401294,112,403896,127,400725,239,403895,249
228,402681,50,402185,92,402682,115,402841,142,402174,167
229,400085,105,400154,108,402861,184,402762,210,400083,221
232,303011,36,801145,49,901070,89,307175,99,901007,122
236,401543,59,401784,71,401557,133,401685,158,401544,164
237,404105,59,405340,153,401557,164,401784,165,403526,174
238,401393,184,403876,219,401529,262,401388,272,401608,280
239,308638,167,303102,176,308535,225,306925,231,302947,264
241,301933,1,301934,112,301931,196,303101,255,303019,264
242,304649,46,304717,72,306779,169,307588,174,304716,191
243,302430,77,303017,93,302948,152,302428,188,302368,207
244,304391,177,304440,233,304441,248,306659,250,308832,263
245,306931,18,306935,59,306936,80,306930,110,306932,151
247,401220,105,401531,139,401567,191,401608,196,403876,196
248,403444,231,450162,267,400915,296,401380,302,404883,313
249,404863,31,403444,126,404864,183,401380,228,401381,242
251,402028,139,402864,155,404155,181,400081,230,402863,238
252,400723,125,404896,136,401536,144,401538,179,400335,221
253,402857,62,400333,109,403894,128,401578,131,403893,216
254,400724,58,400725,95,401563,146,401535,171,401564,195
257,400161,74,405218,100,903035,111,405276,146,400159,187
258,305810,23,305834,41,303096,59,303094,155,305809,169
259,803019,37,803002,53,405043,129,803185,144,803120,145
260,401803,69,905079,76,405084,100,401664,112,405043,151
261,308535,146,307996,157,307998,176,308638,231,307493,299
262,306934,196,306930,205,306929,206,301933,223,301931,254
264,401800,124,903101,133,903100,143,401667,151,403831,180
265,401787,123,803109,123,403731,184,402030,203,402760,203
266,401594,44,401627,47,401628,59,401591,121,803177,147
267,400716,97,400933,104,903235,112,401821,140,903217,176
268,400159,214,803192,218,903130,225,400161,273,405218,299
270,306929,46,306934,74,307152,92,307831,163,305125,181
274,302368,43,302428,72,302427,105,303017,138,303019,179
275,307596,49,307550,52,303022,176,307573,180,307549,188
276,404973,138,404969,148,404863,176,401381,182,803147,187
278,307998,183,304646,191,307996,199,307995,271,307943,278
279,803074,115,405044,118,401669,124,901110,133,803071,169
280,400334,59,401562,122,400333,132,401538,152,401561,170
281,450119,68,400512,80,402446,109,402228,182,803095,185
282,901333,142,901334,147,308603,229,305141,243,302304,267
285,404197,42,404993,51,401579,87,403906,110,400003,129
289,307948,101,307904,117,302514,148,303804,152,302459,168
291,402105,31,402095,38,402106,62,402096,87,402094,119
293,404010,32,903048,32,400086,63,401559,83,403793,94
295,401169,59,401793,72,401208,74,401675,79,401168,101
296,405006,91,401210,97,402869,128,402753,145,402870,169
297,403913,57,402856,101,403871,119,404106,130,401191,141
298,303294,107,303524,143,303256,163,305411,188,308323,191
301,402067,90,402034,107,402033,168,401613,184,403320,185
302,401596,13,405260,46,401625,70,401626,117,401595,127
303,400157,104,404916,170,405277,217,400081,237,405172,249
304,400903,63,404908,69,905195,89,903115,95,903205,99
305,405013,82,402380,97,405480,97,402224,99,904045,135
306,403590,135,404850,145,403831,166,903100,203,401667,229
307,404287,74,405165,117,401675,189,402109,190,402092,193
308,402870,71,803077,77,403350,91,405006,99,404857,115
309,803107,126,405031,129,405063,178,405053,189,905149,189
310,307010,59,305395,104,305407,120,901074,143,901055,149
311,403475,113,403317,127,403318,131,401206,136,401150,162
312,403849,37,401681,93,402069,128,401682,177,401787,183
313,306777,35,306759,96,301919,128,306954,152,301925,185
314,306533,43,901463,44,307988,120,302434,125,901007,163
315,401666,210,403754,225,401665,228,401802,269,405337,270
316,403590,241,903118,241,402082,242,404220,244,404850,249
317,401612,177,401657,180,403305,203,402037,228,401548,257
319,903118,68,404220,71,450402,86,903096,117,404240,119
320,404959,79,404242,88,405024,106,404892,133,400911,137
321,302440,179,307355,180,302357,182,302356,217,901172,228
322,901070,25,307175,35,302358,42,303011,58,307403,72
323,307935,51,302445,93,306969,112,306960,121,305211,137
324,303102,43,303101,125,306925,130,302430,147,302948,156
325,403772,56,402670,97,405061,117,401780,166,402856,174
326,401686,55,401556,162,401685,176,404105,194,401610,206
327,404966,97,405053,99,403878,102,405054,107,905149,123
328,404990,214,905090,259,401379,292,404832,317,403851,326
330,400165,44,402118,79,404185,109,405052,115,405219,131
331,904920,73,405359,78,402110,92,402091,96,404843,118
332,402102,68,402100,166,402103,177,803115,194,903025,195
334,401366,44,404244,165,401225,199,405298,204,402127,220
335,400153,53,404184,81,400154,161,400337,195,400085,196
336,400722,200,400719,282,400723,286,404896,297,401538,307
337,401665,65,401802,102,803033,109,405337,121,403754,147
339,401591,114,403443,130,803177,134,401628,172,401589,224
340,402107,32,402093,61,402108,84,402094,95,402092,129
341,401599,99,401600,117,401598,156,403557,238,403808,254
342,401624,39,403380,58,903088,92,405350,199,823252,221
343,304716,84,801157,89,301925,90,301919,151,306778,257
344,801163,65,307675,113,304213,136,303413,165,302461,171
345,400725,65,903176,105,401577,120,404897,135,403895,146
346,403876,58,401393,70,401388,111,401608,119,401220,125
347,404294,55,403854,73,403853,87,401302,127,404940,210
349,404100,249,402034,307,403303,316,903088,327,403319,332
350,401139,56,401150,71,403475,169,401140,183,401149,204
351,401666,89,903101,117,401667,118,401800,128,403754,146
353,302369,113,302426,126,307577,132,302427,144,307547,149
354,308624,72,303811,103,304394,120,308832,131,304440,179
355,403350,233,402869,237,401806,268,402753,275,402868,288
356,401148,142,903088,190,401149,196,403380,199,401140,219
357,400176,171,400001,186,400002,189,404993,198,404197,207
358,401569,51,401568,74,401453,81,403313,81,401570,121
359,402842,109,404175,127,402841,162,402186,217,400359,218
360,401800,225,401666,227,903101,236,403754,253,403971,262
361,405373,39,405320,100,401793,130,401675,152,405165,162
362,903235,47,400716,157,903217,158,400933,164,404039,174
363,405125,6,403397,31,404986,81,404979,118,803108,185
364,303808,42,303024,67,307848,125,303023,159,303092,159
365,302376,18,302419,43,302375,122,302418,165,303803,184
366,304442,40,306927,42,304390,51,305125,98,304441,109
368,400722,75,400919,175,401375,206,400720,217,401373,234
369,400723,87,404896,98,400722,150,401536,174,401535,194
372,304437,31,304396,49,303869,57,304436,113,303420,155
373,303445,126,304398,162,303419,164,304435,172,303444,194
376,403831,201,903118,233,903100,238,404240,251,400168,254
377,400915,103,401379,148,450162,169,403847,192,400916,196
379,401361,56,903085,113,400552,117,401360,168,403769,207
380,401532,43,401372,59,401566,66,401565,73,401531,103
382,401579,41,403893,71,404197,112,404993,121,401578,133
383,401535,93,401533,122,401564,123,401371,143,400724,150
386,401806,60,401808,203,404208,243,404199,245,803072,258
387,401808,64,903145,149,402082,152,405052,170,903146,195
388,401400,55,401401,68,403802,176,903134,196,403547,217
389,302306,56,304943,67,308577,111,306461,122,302297,150
390,307935,197,307492,199,307491,203,302445,213,306969,232
391,302358,165,302437,195,302359,235,302357,254,901070,258
392,308472,48,801134,49,307426,51,307493,97,306961,132
393,402037,39,403305,43,402036,126,403306,154,402038,160
394,403307,56,401549,98,401552,107,402038,111,402039,113
396,307665,50,308073,61,901087,66,302378,133,302417,143
397,302371,45,302423,66,302424,101,305837,104,305807,107
398,801007,168,801133,176,308049,204,305108,221,308563,255
399,303022,72,303023,160,307550,195,306659,213,303094,229
400,404100,137,403303,184,403304,208,402036,247,402034,283
401,403647,70,404167,100,401679,122,401681,171,403849,197
402,400329,106,405231,107,905033,116,402130,117,404942,130
403,401786,59,405130,132,403731,135,402862,148,402762,191
405,405420,152,401387,207,401386,239,405265,279,405133,283
406,308647,325,305109,361,306533,399,901463,400,305217,438
407,302356,47,302357,120,302440,129,306437,175,307355,201
408,402090,155,904920,159,402111,168,405359,174,901111,268
409,303091,88,303871,103,303090,106,303418,119,303872,193
410,402033,102,402067,143,402034,151,401202,208,402032,220
411,401595,47,401626,53,401627,102,401594,106,401596,162
412,401793,152,401168,193,405373,206,405269,216,401675,227
414,901338,166,901327,185,901328,244,901172,255,308025,258
415,405337,99,401802,100,401665,109,403754,125,803033,127
416,303019,108,303020,111,307547,155,307577,169,302426,210
417,404108,100,903015,101,404890,130,450402,141,404225,179
418,306952,112,306796,113,901328,144,307039,169,306834,178
419,306755,47,306779,75,306813,154,306778,220,305126,221
420,305809,98,303020,107,305835,108,303021,112,307575,142
421,306778,84,305126,85,305831,91,306755,108,306757,108
422,401414,68,403986,169,401413,175,403626,186,403992,197
423,401491,84,401492,162,401490,196,403984,244,402233,249
426,402080,75,405065,115,405056,152,405062,169,404973,186
427,803120,47,803184,99,803185,100,405043,132,403953,134
432,401545,90,404094,95,401612,103,401611,106,401657,110
433,803193,72,401194,97,401183,109,401659,118,401610,171
435,403914,73,402152,180,400929,182,404991,223,402128,235
436,303412,53,302511,99,303411,120,303413,136,302512,151
437,307928,111,302464,117,302380,121,302463,122,308435,123
438,401685,58,401544,65,401556,108,401543,166,401545,171
439,401786,104,401785,109,402762,153,402861,180,405098,230
440,402680,39,402679,162,402681,163,402843,180,401769,214
441,403887,123,402175,157,401768,167,401702,190,405193,230
442,401363,42,401364,145,401361,218,400731,238,401227,272
443,306461,173,304943,198,305141,198,302297,200,308603,201
445,401547,34,401554,74,401610,96,401553,125,401548,126
446,401364,45,402127,106,402153,111,404244,112,401226,213
447,401239,49,402167,165,404846,167,404948,221,401492,239
448,404279,44,805118,176,405512,192,903110,226,401404,228
449,401492,44,402166,142,401493,158,401491,204,402194,207
450,404948,56,402194,126,404846,133,401493,149,402166,165
453,401225,110,402126,113,402154,115,401226,126,404881,228
454,401701,105,401702,112,803151,138,402183,149,402175,227
455,401699,68,401698,97,403251,145,403248,162,901449,218
456,400361,20,400022,23,404906,61,404300,95,904043,98
457,803008,19,803007,29,903234,47,405376,65,400745,78
458,903134,46,903133,133,903161,179,404926,232,401401,237
459,903162,64,803150,146,903086,154,405453,159,404329,171
460,308456,79,308455,84,308397,176,308396,182,901124,200
461,401780,53,401779,160,401689,167,402142,176,903226,189
462,401398,44,402124,108,403802,111,403547,121,404161,157
465,404153,80,403354,89,403241,138,403259,142,403240,149
466,903034,82,400929,134,400731,140,402152,178,400327,223
467,308570,45,305560,48,801172,70,308571,122,305412,151
468,405376,115,400745,126,803001,128,404050,130,405393,139
469,400951,79,405177,80,400950,131,405293,152,401239,169
470,401225,49,401224,161,401506,217,402126,228,402154,230
471,308444,102,304938,121,309445,128,308448,192,302289,226
472,404239,158,400353,170,401824,175,403822,186,403821,192
473,402864,176,402757,181,401787,213,803109,230,403647,234
474,400326,43,404183,49,405042,73,404211,89,404207,102
476,402634,35,402674,112,403427,151,403822,154,401775,204
477,401850,29,405374,30,803144,53,403239,86,403552,143
478,903207,34,403486,87,401813,95,903107,166,903110,208
479,401495,59,401496,61,803099,162,401497,165,903078,170
480,401411,39,401412,177,404058,199,402165,225,903076,231
481,302298,44,302299,102,304940,152,302297,186,308455,193
482,405150,103,403896,104,405298,111,401294,129,401223,231
483,400002,73,403526,84,404106,140,402858,146,400003,184
484,405179,14,400134,51,803038,62,450126,82,404204,114
485,450375,1,803039,28,400519,66,400323,96,400322,102
486,400732,124,803082,146,400326,160,404183,163,403769,182
487,405367,68,402054,111,903002,138,402055,198,404099,206
490,404173,75,401819,78,401848,85,803098,87,401231,88
491,403782,66,403316,72,905030,88,903064,98,404833,106
492,401360,48,404280,96,903085,108,400552,112,404820,117
494,401227,53,401226,170,401229,171,402154,220,402126,238
495,401409,40,401408,107,402195,153,401410,166,402165,189
496,400331,55,403894,175,401578,178,402857,190,400330,222
497,404936,124,400331,186,404120,193,401579,210,403893,223
498,403539,43,803083,93,403769,96,803082,120,401821,128
499,401016,30,400860,95,404871,96,903233,142,903209,143
500,403760,126,405177,136,400951,138,403797,162,404035,163
501,404951,84,903028,97,403480,179,404950,235,401696,238
502,401142,49,401147,73,401141,80,402103,103,404922,111
503,400007,76,400145,125,404936,151,903064,182,402132,207
504,401687,38,401688,95,404029,142,401193,144,401183,209
505,403539,64,803083,93,403769,95,401821,103,400933,111
507,401778,52,405323,167,402135,168,401832,170,401779,178
508,903106,82,402161,138,903107,144,403956,222,403954,225
509,404881,75,401506,118,402125,124,402155,134,405316,209
513,401412,58,401413,85,403992,136,403986,148,401411,202
514,903198,103,803055,141,903084,172,903082,186,401812,211
515,401407,64,401853,123,401814,130,401408,172,405512,220
516,401699,143,803151,151,402183,162,401701,204,401769,216
517,904041,58,403459,58,403804,59,404176,102,403425,105
518,401772,51,401771,183,404909,183,401697,184,402678,220
519,904041,34,403459,34,403804,35,404160,113,404176,131
520,400514,24,450122,26,803037,45,404179,46,404215,99
522,803163,56,403424,59,402839,94,402173,100,402186,151
523,403552,62,401232,83,401850,182,405374,203,401358,217
524,400936,65,803081,105,403830,118,803080,120,403242,143
525,403191,34,403816,38,405285,41,803079,106,803131,117
526,400324,50,404206,70,400555,86,803040,90,401822,110
528,401775,57,402049,153,401774,157,401827,197,405336,199
529,403238,63,403239,75,401851,99,401497,149,803099,152
530,403626,15,404121,101,404036,141,905057,147,803102,149
531,402755,173,402865,181,403647,206,402867,246,404167,250
532,305185,99,305186,133,901444,179,302297,211,304940,218
533,903235,77,404039,134,401358,142,401359,195,903217,217
534,803185,26,803184,27,405043,29,905079,64,401803,71
536,402048,82,401694,85,404995,88,405396,173,404950,223
537,405272,33,402852,85,402146,103,402133,118,403855,154
539,307616,41,306806,87,304850,129,302300,136,305182,145
540,402851,70,403822,93,402674,175,402852,186,402634,248
545,401833,20,405390,72,903125,72,401690,79,803036,85
546,403822,118,400352,173,404901,174,404877,176,404296,233
2000,308626,158,308025,163,801071,164,901338,243,901327,266
2001,901337,20,302935,46,901329,49,306801,71,304647,191
2002,901324,46,901302,133,308399,152,901323,196,901124,215
2003,401688,83,402142,124,401689,133,903226,155,401687,200
2005,901335,400,901332,404,305191,507,305140,541,901334,710
2006,903036,33,400943,49,403047,61,404923,86,404992,174
2008,404983,84,404980,108,901113,155,901195,172,901112,176
2009,405319,95,402112,113,402088,140,901111,180,405006,202
2010,400159,150,903035,188,405277,213,400915,257,403847,258
2012,405396,39,903080,83,401691,97,404995,128,402048,139
2021,404872,55,404919,133,404116,200,403239,216,401495,222
2022,405138,430,903094,500,401704,516,404938,526,404253,541
2023,402838,58,402839,166,404169,168,904044,173,402214,175
3002,403399,0,405124,93,803108,105,803104,142,405017,249
3016,901303,67,901304,140,901323,182,901322,208,901302,276
3041,303726,76,303725,90,302383,93,307258,101,303724,139
3042,307247,21,303672,63,307092,76,307253,97,307248,118
3043,301078,60,301079,81,301080,170,301077,172,307251,186
3044,307541,48,301108,66,301107,82,307926,83,303727,159
3046,301105,63,301106,70,307511,78,302468,82,301104,152
3047,303774,48,302466,52,302508,62,302465,128,302509,168
3048,302462,55,303451,68,302463,192,307905,203,307928,228
3049,307573,201,302419,242,302375,253,307551,254,307948,264
3050,303730,52,303731,106,301103,197,304209,208,303729,212
3052,301082,45,301081,87,304207,156,307681,163,301083,172
3053,303028,10,303087,181,303769,184,303027,186,303029,187
3054,303733,35,303734,119,303030,153,303732,172,304209,207
3055,303448,53,303447,117,303027,161,307676,229,304212,236
3056,303446,105,303088,121,303027,122,303447,129,303445,236
3057,308085,94,303029,113,303086,113,303769,115,303028,239
3058,307987,58,303083,88,301087,104,303032,114,301088,163
3059,301098,46,306466,105,301099,113,301097,126,301087,209
3060,303766,38,303765,105,304401,139,304432,165,308085,186
3061,304431,29,303737,45,304402,58,307124,176,303738,187
3062,304433,30,304400,38,304434,174,304432,177,304401,203
3063,304434,28,304399,46,303444,75,304398,129,304435,175
3064,301090,40,304404,45,304429,50,307320,93,301089,122
3065,308343,85,304709,100,303863,180,304660,223,304662,225
3066,303762,48,304662,51,304708,70,308067,74,308343,190
3067,303657,38,303159,81,303175,107,305312,134,307354,134
3068,306600,142,304705,201,305312,202,305311,209,304665,235
3069,303173,5,303818,25,303161,37,303861,44,303162,127
3070,306676,119,305311,161,305310,171,306677,234,305027,247
3071,303162,30,303172,72,303161,118,303819,136,303860,151
3072,305026,127,303819,153,303860,172,305025,177,305010,193
3073,303170,42,303164,50,305023,116,305022,175,305014,176
3074,305029,33,306713,98,305030,127,305028,160,305006,162
3075,308600,170,302293,173,302310,189,305021,249,302311,251
3076,305009,97,305308,111,306474,123,306805,144,305027,166
3077,305013,118,305012,140,303821,191,303858,198,305024,212
3078,308601,33,302294,36,901325,38,901465,47,901049,62
3080,305015,31,302311,60,302312,103,305021,109,305014,181
3081,305263,54,305306,55,304373,56,305305,78,304244,88
3082,308271,86,308272,113,304239,156,304376,192,303824,207
3083,301857,80,308503,106,301856,169,304246,200,304244,204
3085,305182,111,309445,130,308444,135,304938,168,308448,188
3086,305265,48,302319,72,301860,80,305304,88,306570,98
3087,302288,19,309446,44,302315,83,302314,104,308448,188
3088,303853,173,302288,202,309446,221,302315,224,303828,250
3090,307798,46,306809,108,305181,128,305179,161,306810,175
3091,303853,91,303828,95,303827,179,303852,200,303829,226
3092,306809,124,901322,168,306810,195,901323,225,306808,235
3093,306808,56,305181,127,306809,128,307616,179,901323,213
3094,306570,55,306476,62,305301,118,305265,198,307114,212
3095,307114,33,305300,81,305301,98,306622,148,306476,222
3096,305177,110,305179,163,303852,180,303829,198,308623,215
3100,303848,24,303833,81,303835,121,303849,137,303847,154
3101,308623,47,306810,183,305177,195,305179,212,901321,260
3102,303830,20,305175,58,306623,88,305174,159,303831,161
3103,901321,66,901322,166,901305,196,901304,215,308623,287
3105,901320,168,901321,211,901306,247,901305,264,801198,318
3106,302278,228,303837,248,303845,271,303847,274,302276,292
3107,801198,51,303831,54,303850,121,307121,121,305174,129
3108,303847,61,303835,89,303837,129,303845,152,303848,219
3109,901320,127,901306,165,901319,209,901307,241,305172,280
3110,305172,48,305156,56,305171,86,305155,145,305157,151
3112,901318,72,901307,76,901319,90,901308,109,308364,114
3113,302351,34,302254,45,302352,47,305159,48,801067,52
3115,308188,36,308186,54,901310,159,305167,170,801165,188
3116,901309,56,801164,82,801165,88,901308,240,308186,257
3117,801164,175,308189,248,305286,249,305284,254,305287,254
3118,305166,76,305284,179,305162,213,308189,219,308187,228
3119,503962,232,901326,294,503963,349,504416,415,901311,429
3121,504415,91,551926,122,551925,167,504409,168,504410,173
3123,503293,258,503337,312,503338,343,503295,418,503336,435
3125,901313,61,901312,87,551925,150,901315,198,901314,204
3126,504519,69,505215,107,504526,147,504410,216,504415,228
3127,901313,316,901314,419,901315,425,901312,436,551925,509
3128,901314,239,901315,245,904047,276,551925,371,901313,431
3129,503341,121,904915,205,504549,231,505158,239,504430,295
3131,402688,24,403993,46,403505,85,402689,105,403497,114
3132,805064,37,402377,54,903174,79,400363,97,403593,125
3134,403545,54,450051,98,402835,177,402380,179,402441,210
3135,401758,51,402691,122,402692,251,401710,255,401756,259
3136,400128,27,400127,90,400126,183,400512,188,400026,195
3137,400124,102,400123,133,402303,171,400030,186,402290,196
3139,402290,61,402303,116,402301,133,400030,143,403421,165
3140,401711,62,401882,130,401710,135,401876,141,401712,146
3141,403503,60,403995,63,401707,64,403997,165,401708,181
3142,404253,62,405138,162,401706,195,405389,199,903094,216
3143,404303,9,400122,67,403989,100,401870,102,400032,156
3144,404321,167,404860,207,402826,208,405169,212,400033,250
3145,404321,165,403419,183,401922,206,401901,232,400034,233
3146,403433,122,402694,138,405369,154,401884,171,404321,197
3147,403434,61,401921,131,401906,138,401905,168,402694,175
3148,405100,115,401908,160,401919,161,401754,174,401715,176
3150,402339,65,402345,66,404859,103,402346,119,401909,121
3151,402347,64,402338,122,401877,128,401881,185,402348,185
3152,402689,63,402293,110,403432,126,402300,136,402688,161
3155,402835,67,803158,81,402443,162,450051,169,403545,234
3156,402296,51,803058,53,402351,54,402334,56,403726,138
3157,402345,224,404859,227,401909,230,401917,238,401910,281
3158,401102,43,400858,54,401348,74,404138,96,400747,100
3159,400856,81,403271,94,403472,108,403512,120,400857,131
3160,404024,44,401341,63,401250,76,404136,152,401342,158
3161,401096,116,403372,138,401023,250,401022,255,404024,271
3162,403165,58,403523,96,401893,106,403106,155,403166,168
3163,403981,109,401344,139,401345,172,401245,233,401343,259
3164,403606,51,401099,72,403611,77,403372,185,401100,188
3165,402269,57,401343,60,401248,69,403610,74,401344,105
3166,400852,70,400752,73,404289,135,403036,149,400853,156
3167,401022,70,403103,73,401021,74,903218,116,403612,120
3168,401337,58,401899,58,401253,59,401254,74,401338,102
3169,400848,40,404290,52,400847,93,400849,155,400756,173
3170,401094,59,401093,129,401898,173,404308,195,401253,209
3171,401025,52,401026,70,403107,153,403164,183,401024,193
3172,403372,42,403606,173,403611,179,401342,190,401099,196
3173,803056,99,405308,104,405112,124,403038,223,403487,236
3175,403555,67,403169,95,400750,130,403168,140,405237,149
3176,404826,74,405153,94,403488,137,403038,182,403487,183
3177,403108,51,403163,85,403107,115,401026,125,403162,154
3178,400755,61,403477,106,403522,114,400756,121,400849,138
3179,301095,52,308312,93,307393,103,901017,105,303658,147
3223,404169,48,405488,129,405480,139,402838,160,405013,161
3226,401252,58,401868,87,401339,89,401890,95,401338,112
3231,403506,93,403508,140,403422,151,903105,153,405489,173
3232,302947,16,302431,21,306925,39,306892,106,302948,126
3233,404873,42,400515,83,402189,103,400516,113,400359,119
3235,403458,26,403457,27,450040,45,903044,60,404298,86
3236,401852,58,401814,88,401497,97,803099,100,401407,130
3241,303771,51,307678,104,304210,106,308023,160,307677,222
3242,306053,13,801026,89,305215,104,303517,109,305397,130
3243,401704,26,405138,91,402217,107,402222,114,402328,162
3244,400336,39,400335,89,401561,105,401538,129,400337,162
3249,302414,35,302380,104,302381,140,308435,169,302415,173
3255,404847,61,404173,165,401848,175,401819,178,401229,180
3256,404294,295,403854,315,905090,396,403853,426,401302,466
3258,401401,23,401400,98,401503,219,403802,219,401402,222
3260,400155,105,400890,157,404931,164,400154,168,405172,183
3263,903147,60,403793,72,404010,86,903048,87,903148,90
3282,400118,78,400117,89,401925,137,400037,174,400116,215
3283,401092,63,401091,193,401335,211,401255,215,404320,219
3284,405066,116,401922,174,400037,209,403419,238,402696,247
3285,401027,53,401929,90,401897,101,403109,110,404320,136
3286,402696,57,405307,129,402697,168,405066,200,401921,241
3288,401716,114,401715,134,401919,175,401908,178,405307,198
3289,404320,83,401029,102,403160,169,403110,199,403111,199
3290,401910,57,401916,108,401917,111,403367,151,401716,172
3292,400116,29,400115,65,400117,176,400039,191,400038,201
3293,403159,17,403111,73,403158,96,403112,126,403160,134
3294,400038,120,404947,172,400037,212,400039,236,400116,276
3295,401937,54,401258,71,401259,87,401331,100,401333,133
3296,403342,53,405233,106,401749,159,403765,182,803182,192
3297,307936,33,305676,48,305630,154,305675,159,305632,200
3298,305616,73,305617,133,306055,167,305554,197,305618,313
3299,400041,81,404081,211,400042,225,401960,236,404191,242
3300,305852,92,306072,195,306018,248,305853,254,305794,320
3301,401090,84,401936,104,404075,115,403362,121,401091,201
3302,401087,47,401088,178,401086,182,402016,217,401037,226
3303,305617,80,305616,141,307911,183,305618,200,306055,289
3304,308119,41,306070,55,306069,147,308118,170,308204,191
3305,405233,47,403342,150,405307,155,402697,194,403383,208
3306,305629,42,305677,48,306634,81,305678,106,308118,106
3307,903004,119,401933,152,403158,154,404054,171,403112,195
3308,305617,171,305616,230,308562,343,305618,351,306055,378
3309,403777,24,401957,107,401942,116,401748,151,403632,154
3310,305627,46,305679,53,305628,89,305680,111,305678,164
3311,308562,34,308564,58,308563,124,308049,158,305224,246
3312,401718,66,403383,152,904918,207,405003,223,403342,227
3313,308334,186,306070,196,308119,198,305377,228,305678,230
3314,401965,104,401934,107,403112,115,405249,142,405248,143
3315,305103,309,305224,309,305618,322,305617,388,308562,397
3317,305423,43,305377,62,306021,104,306069,111,308204,117
3318,803182,4,401943,38,401749,66,401748,114,403632,117
3319,308333,36,305426,100,308334,102,305427,206,308332,214
3320,401261,41,401330,51,401329,115,401262,155,401331,194
3321,305618,189,306060,246,307910,307,305617,353,305103,368
3322,901482,152,302962,176,306633,187,306022,232,308334,261
3323,401327,40,401264,72,401085,79,401038,92,401326,124
3324,302963,48,308258,80,302962,88,901482,93,308746,233
3326,801155,27,801156,101,306109,120,306107,182,306089,203
3327,401946,12,401947,137,402816,178,403777,196,401747,221
3328,401088,129,401330,150,401261,158,401329,214,401262,272
3329,307911,99,307910,125,305618,213,305554,274,305617,279
3330,306110,126,306089,127,306088,175,306109,207,306111,217
3331,404130,37,404104,96,400768,98,400838,105,400837,221
3332,307911,250,307910,276,305613,388,305618,399,305554,425
3333,306112,33,306087,35,306111,101,306113,122,306086,146
3335,901175,37,901174,113,308214,203,308209,222,302957,227
3336,400041,64,401960,96,404191,102,401939,118,401961,130
3337,306115,18,306114,110,306116,128,901145,143,901462,145
3338,401747,96,401748,121,403632,146,401721,190,903102,207
3339,308209,128,308213,192,308214,203,308210,243,305672,276
3340,306086,47,306113,52,306114,88,306112,141,306115,174
3341,401262,35,401329,40,401261,75,401328,110,401330,149
3342,305098,158,308620,206,305230,228,305097,262,305099,277
3343,401470,64,402016,103,401084,104,401038,108,401085,127
3344,305098,38,308620,84,305230,104,305097,144,305099,157
3345,400042,70,400041,111,400043,158,400044,224,404081,240
3346,305672,24,305634,44,305635,75,305673,110,305671,176
3347,305232,36,305097,42,305096,43,308620,99,305233,152
3348,305233,145,305095,186,305096,211,305232,218,305234,259
3349,308061,140,306716,184,308062,191,308070,208,307853,213
3350,403155,36,403114,93,403154,139,403115,160,401033,193
3351,401722,45,401721,181,401968,208,903102,246,404091,253
3352,306087,208,306112,208,308561,209,901462,215,901145,216
3355,404994,33,400027,55,403508,106,405489,119,400028,122
3356,403513,47,401417,69,403489,103,403472,118,403512,153
3357,402017,27,401977,81,401435,87,401036,104,404911,108
3358,305633,173,305674,180,305632,294,305673,335,305675,361
3359,403495,49,400028,50,405489,52,403508,81,400029,107
3360,401024,60,403733,73,401023,84,403106,166,403523,170
3361,308208,189,305633,243,308215,249,308214,263,305673,266
3362,400034,65,400033,128,803162,182,401887,184,401901,197
3363,400043,112,400042,153,400044,175,401974,219,401973,240
3364,308208,47,308215,87,308214,101,901174,161,308209,171
3365,305632,40,305675,50,305674,176,307936,178,305633,217
3366,402018,72,403151,93,403117,95,405394,107,403152,120
3367,400110,72,400111,84,400043,132,400044,148,400109,167
3368,308216,31,308207,49,305380,111,307833,157,308215,172
3369,401878,134,402347,182,402338,184,401880,230,402346,256
3370,401756,39,401875,118,401883,120,402692,181,401758,190
3371,901174,161,308207,239,901173,243,308263,270,308215,272
3372,401710,104,401709,119,803159,149,403726,150,402295,171
3373,308263,32,901173,36,302914,169,302960,198,302957,312
3374,400225,47,400290,49,400289,111,400486,157,404278,188
3375,402300,44,403432,53,402293,58,402292,124,402299,139
3376,401762,67,402687,147,401763,149,403504,196,401761,198
3377,302957,374,307909,420,308263,458,307910,465,901173,479
3378,405392,141,404854,170,400031,183,400032,192,404858,276
3379,401973,38,401974,141,401947,149,403417,162,401948,204
3381,307909,258,307908,265,308156,373,306061,376,306062,416
3382,307909,110,307910,135,306060,159,306061,220,307908,261
3383,403150,27,400598,55,403119,63,400676,75,403151,110
3384,307908,86,307909,97,308156,195,306061,205,306062,245
3386,306061,176,306060,246,307909,303,306062,311,305618,402
3387,400045,2,404080,57,400046,109,400044,121,400109,159
3388,306060,285,305103,316,305224,328,307893,379,305618,387
3389,307893,29,305226,44,305103,158,305224,170,801205,213
3390,402704,41,403436,134,401971,174,402811,179,401743,204
3391,401951,18,401723,75,401969,97,401968,120,803066,192
3392,305229,17,305100,64,305099,106,305230,151,308109,212
3393,305099,163,305230,191,305229,198,305100,243,305098,259
3394,306112,225,306087,227,306111,293,306086,303,306113,314
3396,306062,195,306063,265,307908,290,801156,341,308156,344
3397,306063,42,306064,141,308156,143,306107,181,307696,194
3398,308082,36,307696,39,308081,70,901165,73,306064,148
3399,801173,81,302960,87,302914,96,306023,144,308121,174
3400,404856,42,400047,47,400048,106,403267,134,400292,160
3401,307695,21,308080,46,306023,201,308121,211,308746,223
3402,305215,58,305112,68,305397,70,306053,86,305396,128
3403,306633,29,306022,54,308121,140,306023,150,801173,193
3404,308217,40,308206,42,307833,95,308204,120,305380,154
3405,305380,164,307833,177,308206,242,308216,245,307936,257
3407,302957,181,302956,258,302955,378,901175,388,901483,391
3408,306055,159,305111,215,305616,225,305216,237,305110,308
3409,306034,45,305554,104,305613,144,305395,216,307010,220
3410,305613,97,305408,165,305394,183,305612,190,306034,206
3411,305612,36,305611,172,305613,185,305409,220,305393,232
3412,305410,83,305392,111,305611,122,308323,189,305411,192
3413,901485,83,305610,92,308259,108,308260,133,307595,167
3414,305607,59,303297,72,303253,74,308131,77,305608,94
3415,303297,114,307360,125,307210,128,305607,172,303253,177
3417,308212,47,308210,107,308211,116,308213,158,305608,214
3418,307853,42,303301,67,303249,106,308061,120,308071,142
3419,901175,169,308213,203,308210,217,901483,225,302955,232
3420,302955,42,901483,55,302956,77,308259,162,901485,168
3421,305613,182,305554,214,305612,275,307911,311,306034,334
3422,305224,98,305103,118,308562,173,308564,196,307893,240
3423,307938,21,306075,40,306941,47,305733,57,305731,134
3424,404076,0,404079,70,403417,71,401971,115,404077,124
3425,404091,53,401745,111,401970,162,401747,164,405347,165
3427,400083,124,402026,139,405361,158,404155,167,400081,173
3429,303254,62,303524,82,305412,88,307540,90,303295,93
3430,302323,163,302279,190,305301,214,302322,218,302281,229
3431,401840,115,401826,126,403427,141,803035,157,904040,160
3434,803043,131,403161,141,403560,154,403110,178,400760,195
3435,402867,113,402755,122,405269,188,402865,223,803192,258
3437,400843,23,400762,52,404054,139,404131,139,400761,142
3438,402691,64,402692,105,404854,180,401758,185,405369,210
3440,307408,54,307460,63,302434,95,306533,150,901463,155
3443,403133,43,400940,68,405046,117,403132,168,402169,172
3447,401708,63,402295,88,401709,111,402298,126,402351,167
3449,305299,98,305271,103,305272,162,306622,179,305175,181
3452,303852,94,303829,104,303828,178,306622,244,303853,255
3453,303825,34,303855,44,302316,78,302287,82,303856,97
3454,307860,151,303857,166,303858,173,303821,179,303823,195
3456,303827,99,303853,178,303854,179,303826,190,302286,218
3457,400363,30,903174,35,805064,75,803117,83,404907,103
3458,400941,59,405046,120,404992,165,403621,178,402229,180
3459,405488,16,404169,156,402839,179,403887,183,402174,212
3461,803107,23,803147,82,803106,94,404969,155,404973,169
3462,401769,127,403252,155,401771,165,402680,167,403247,172
3463,404120,136,402856,143,403556,152,404936,181,403906,205
3466,404043,39,803081,86,803080,101,400938,157,400936,164
3467,400917,184,805200,208,803160,211,402024,244,403323,257
3469,801165,142,901309,148,302252,151,801164,254,308364,282
3472,903232,51,405151,95,405157,95,405152,150,903237,183
3474,803160,4,400917,35,805200,37,400916,81,404132,157
3476,305155,94,305173,101,307096,177,305172,197,303849,198
3477,302784,16,302678,48,307177,122,308194,133,302679,184
3478,302784,210,302678,220,305907,245,302975,248,302900,274
3486,306892,134,305393,175,305409,183,306901,186,302947,191
3489,404101,98,402085,149,401797,177,803071,181,401669,222
3490,401994,64,402001,71,401741,81,402000,154,405348,160
3491,401727,138,401740,172,402000,180,401729,201,405315,248
3492,405057,110,402004,151,400051,176,401991,190,401992,232
3493,402707,47,402002,149,405181,156,401993,170,401740,174
3494,403416,27,402809,63,401992,65,402003,102,402004,171
3495,401726,44,401725,157,402000,157,401727,176,405348,224
3496,401724,67,401725,108,401743,195,401726,219,401723,235
3497,401999,48,405315,96,402000,164,401727,208,401998,222
3498,803059,24,401998,51,405315,177,401729,205,401999,280
3499,401739,57,402461,176,401738,187,403438,216,401730,222
3500,400050,72,404103,109,401990,146,401991,153,402005,154
3501,400051,60,400102,118,402005,173,400101,202,401990,205
3502,402811,79,402809,172,402704,215,402705,239,400048,262
3503,403980,79,400101,126,400051,155,400053,196,400102,273
3504,404255,117,402805,138,402460,149,403671,181,402458,188
3505,903075,108,402458,126,403787,150,402503,168,403671,169
3506,402805,76,405057,103,404255,247,401992,269,402003,270
3507,403415,24,402504,87,402662,118,402661,129,400053,140
3508,404071,61,400477,67,402656,131,401272,133,402510,137
3509,401988,105,404341,116,404274,136,400103,245,404978,256
3510,400231,48,400284,95,400230,136,400283,136,402508,152
3511,400288,77,400287,109,400226,116,401078,123,401045,135
3518,404336,32,404334,66,402507,85,402659,123,401051,131
3520,400228,89,404963,91,400287,119,400285,135,401045,156
3521,400224,50,404278,64,400290,219,400225,223,400289,274
3527,402506,76,402660,95,400098,96,400097,99,402505,139
3529,401052,17,401070,126,404337,131,401051,138,405014,158
3531,401317,30,401275,33,401274,96,403276,102,400475,132
3533,402656,105,405182,107,400398,109,402510,113,400477,113
3534,401269,42,401079,86,404245,87,401044,100,401270,109
3535,400100,58,400101,114,401047,176,400099,209,401074,222
3536,403147,28,403122,53,400772,141,403148,147,403454,159
3537,307816,41,305606,108,306665,139,801174,186,303578,189
3538,400596,102,400677,102,400597,105,401436,109,401469,167
3539,401465,58,403886,113,401464,117,401441,159,401466,168
3540,402723,141,403139,147,402511,156,400479,166,400396,181
3541,402512,9,403604,20,405079,46,401444,62,403292,70
3542,401441,28,401463,37,803161,77,401442,80,401464,107
3543,401462,94,401442,174,401443,190,803161,200,403292,229
3544,303575,79,303531,80,303532,118,303576,172,303574,188
3545,403145,34,403125,72,403144,134,405234,183,404258,195
3546,303802,60,307819,116,303801,131,307827,182,303803,238
3547,403126,36,403127,54,403144,114,403142,118,403791,134
3549,308054,23,308056,96,303574,141,303533,151,307828,158
3551,402705,22,402704,168,401742,200,405181,210,402809,230
3552,404260,41,403148,96,403149,123,403119,177,400598,202
3553,401324,46,401267,49,401268,97,401325,115,903228,146
3555,904915,109,503341,150,504549,189,505158,193,504430,263
3556,503341,231,904915,355,504549,413,904047,420,505158,421
3558,305805,34,307829,47,305839,56,307817,102,305841,132
3562,303800,64,307827,107,303801,108,307819,168,303799,199
3569,303880,90,303881,97,305600,108,303966,172,303882,219
3571,306495,47,303968,51,303967,77,303959,89,303958,107
3574,303534,179,303573,185,305804,215,307828,218,305841,245
3576,305842,48,305803,57,305804,103,305841,133,308059,161
3578,303881,60,303882,85,303570,120,308547,187,303969,202
3579,303970,32,303569,51,303539,115,303956,131,303971,137
3580,303536,61,303535,64,303572,113,303798,179,303537,192
3581,308070,242,308062,282,306716,293,308059,297,305803,311
3582,303798,70,303537,103,307310,138,308021,159,303799,174
3583,307310,130,303796,194,303536,263,303535,269,303798,277
3584,303884,26,303883,115,303885,150,308547,152,303972,168
3585,306500,111,303972,145,303954,176,303974,177,303955,184
3587,303796,130,307964,136,303886,223,307310,229,303887,309
3590,303886,36,303885,148,303887,173,303974,184,306500,217
3596,303790,94,303711,111,303975,114,303976,120,303888,219
3599,303710,51,303791,52,306958,99,303888,142,306325,147
3601,303976,46,303711,102,303977,114,303790,125,303978,233
3604,303712,65,303789,67,303950,75,303949,125,303463,228
3606,504409,212,551926,230,503963,244,503962,265,504416,277
3611,901326,242,503962,291,504416,310,901312,340,503963,347
3615,901314,111,901315,117,504519,242,551925,243,504415,248
3618,504526,100,904047,140,504430,143,504549,212,505158,243
3622,400055,43,400056,91,400097,159,400054,160,400096,224
3623,400602,80,405234,110,400832,116,404262,127,404259,163
3625,904915,260,503341,305,504549,340,505158,344,504430,414
3628,404341,22,401988,97,404274,108,404978,121,401047,151
3629,404283,30,400283,88,402658,94,400233,96,402508,113
3630,404915,41,405247,56,401079,94,401044,96,401268,112
3631,303974,68,303975,103,306500,151,303886,213,303951,253
3632,401195,144,401182,156,401548,156,401553,156,401589,165
3635,401500,73,403528,151,401501,181,401818,181,405026,223
3637,302372,38,302421,54,302374,113,305837,160,305807,167
3641,400327,79,405231,150,903213,165,403353,165,905033,179
3648,304716,31,801157,36,301925,144,306778,204,301919,205
3649,403942,21,401446,116,903089,123,401459,141,401445,174
3656,401613,40,403320,45,401656,91,402068,101,402032,117
3658,401507,36,401506,95,450222,151,405265,238,404161,261
3659,401507,38,401506,153,405265,184,405151,219,450222,220
3660,401224,93,401223,120,401575,177,403897,181,405298,229
3661,303887,83,307964,104,303886,192,307963,245,303975,250
3663,305671,37,305636,46,305670,78,303300,133,303250,136
3664,405136,96,403444,132,405305,143,404863,199,404864,219
3668,307096,32,303849,57,303850,59,307121,75,305174,103
3669,801156,215,306110,263,306089,272,801155,282,306107,305
3671,401755,49,401883,161,401875,179,401756,180,401754,182
3673,303966,38,303880,68,305600,103,303878,111,303967,169
3674,901327,5,901338,27,304722,163,901172,191,901328,192
3675,401942,73,401957,84,403777,107,403765,115,401749,160
3676,305095,19,305233,25,305234,91,305096,137,305232,144
3680,400134,46,405179,80,403257,94,403465,98,803038,119
3684,401608,66,903063,67,903184,75,401609,115,401388,132
3686,401387,77,401386,92,405133,136,405420,136,404286,163
3687,404950,105,403359,137,403480,142,401694,150,401774,189
3688,403887,69,401765,108,402223,182,402216,184,404169,191
3689,401035,41,401034,112,403116,155,401036,163,403153,165
3692,901336,166,901331,168,304717,246,304649,283,307588,356
3693,901305,83,901304,106,901321,138,901322,242,901320,270
3120,404951,550,903028,563,503962,747,901311,766,901326,791
3122,901326,351,503962,379,503963,470,504416,488,551926,538
3124,901312,318,901313,411,551925,472,901326,533,551926,547
3130,503341,367,904047,448,904915,491,504549,523,901314,530
3180,302355,436,306437,540,801071,561,308626,568,801007,581
3182,901171,349,305230,894,305099,947,305229,1040,305100,1087
3221,503293,393,503337,446,503338,478,503295,551,503336,569
3254,901171,922,null,inf,null,inf,null,inf,null,inf
3354,305632,349,305675,361,305852,404,305674,485,307936,489
3513,504007,537,503357,550,null,inf,null,inf,null,inf
3514,803029,2386,803034,2474,803026,2476,null,inf,null,inf
3515,504007,404,503357,528,503870,750,505254,850,null,inf
3516,503357,93,504007,198,505254,528,503870,648,null,inf
3517,504007,56,503357,163,503870,552,505254,613,null,inf
3519,505254,504,503870,624,503357,784,504007,953,null,inf
3522,503870,183,505254,283,504007,376,503357,442,null,inf
3523,504007,229,503357,361,503870,541,505254,641,null,inf
3524,504007,700,503357,805,803029,2252,803030,2358,null,inf
3525,504007,568,503357,691,503870,828,505254,942,null,inf
3526,504007,439,503357,546,503870,635,505254,749,null,inf
3528,503870,229,505254,343,504007,711,503357,771,null,inf
3530,504007,859,503357,981,null,inf,null,inf,null,inf
3532,803029,2705,803030,2811,null,inf,null,inf,null,inf
3554,503341,715,901313,756,904047,806,901314,848,901315,854
3557,503341,854,904047,936,null,inf,null,inf,null,inf
3559,503341,785,904047,866,904915,892,504549,948,505158,956
3560,904915,481,503341,526,504549,561,505158,565,504430,635
3561,504458,749,904915,767,505158,928,504549,936,503336,1002
3563,904915,705,503341,746,504549,785,505158,789,null,inf
3588,401878,4978,null,inf,null,inf,null,inf,null,inf
3602,503357,734,504007,903,null,inf,null,inf,null,inf
3603,503357,698,504007,803,null,inf,null,inf,null,inf
3605,503357,890,504007,995,null,inf,null,inf,null,inf
3608,503962,406,901326,468,503963,532,901311,542,504416,589
3612,503357,905,504007,980,null,inf,null,inf,null,inf
3613,901326,485,503962,515,504416,597,503963,606,901312,626
3614,503357,639,504007,714,null,inf,null,inf,null,inf
3616,505254,316,503870,436,503357,600,504007,769,null,inf
3617,503357,357,505254,519,504007,526,503870,653,null,inf
3619,503357,523,504007,598,null,inf,null,inf,null,inf
3620,901313,384,904047,447,901314,450,901315,456,901312,505
3647,503293,628,503338,649,504224,669,504226,677,503337,682
3654,504458,373,904915,384,504413,487,503341,506,504549,524
3662,505254,731,503357,1018,null,inf,null,inf,null,inf
3666,503357,444,504007,563,505254,828,503870,948,null,inf
3691,505254,540,503870,660,503357,820,504007,989,null,inf
79,403847,221,405024,266,400161,376,404208,392,400910,457
82,402085,200,981004,236,403293,303,450331,496,402082,569
83,308753,249,302923,343,303294,468,308734,478,303256,494
143,302434,210,306533,272,303290,422,303259,424,982179,436
146,400910,187,405024,296,404241,316,450356,337,450420,412
151,400161,541,403847,774,null,inf,null,inf,null,inf
152,400910,138,450356,163,404241,228,450420,238,405060,310
157,302434,501,306533,563,null,inf,null,inf,null,inf
164,450049,236,450005,313,450006,316,403640,340,450004,349
167,402678,45,450001,62,450002,85,450048,125,403425,284
168,450078,648,450082,652,450084,666,450083,673,450054,706
173,403797,121,450021,292,450020,325,450023,394,450067,410
174,402143,153,402135,338,402134,475,402145,504,null,inf
195,404932,71,400071,108,450386,186,404202,196,450378,222
216,982179,640,303011,645,null,inf,null,inf,null,inf
228,450049,74,450006,154,403640,178,403424,248,450005,265
232,303011,24,982179,30,350208,151,306533,206,302434,288
239,306892,356,303256,388,306901,434,303294,437,303258,469
241,302923,610,303256,613,303294,662,null,inf,null,inf
243,303256,229,302923,233,303294,278,306892,377,308753,467
245,303256,797,null,inf,null,inf,null,inf,null,inf
248,403847,278,400161,567,405024,585,404208,711,null,inf
249,405024,265,404208,393,400910,404,403847,453,404241,533
257,400161,67,403847,227,404208,339,405024,408,404241,559
259,405399,242,450391,303,450203,375,450202,381,450036,440
260,405399,76,450391,137,450203,233,450202,239,405337,286
261,303011,569,982179,575,350208,586,306892,629,303258,638
264,401800,119,405220,156,450331,182,405337,278,404932,324
267,450066,81,450392,103,450011,116,450453,143,450013,182
268,400161,266,403847,484,404208,538,405024,627,null,inf
274,302923,244,303294,326,303256,352,308753,391,306892,541
276,405024,365,400910,366,404241,473,450356,482,404208,492
278,303011,649,982179,655,350208,681,306533,866,null,inf
279,403293,151,402085,185,981004,233,450331,298,401800,382
281,450064,76,402377,207,450107,212,450352,216,450031,220
296,402085,529,981004,565,404208,595,400161,731,null,inf
297,402145,495,402134,497,402135,627,402132,670,404833,714
298,302923,100,303294,124,303256,160,308753,328,306892,339
303,400161,490,403847,608,null,inf,null,inf,null,inf
304,450202,43,450203,49,450036,104,400171,158,450419,172
305,450030,109,402215,114,981010,129,402379,146,981005,184
306,450331,142,403293,199,401800,255,405220,292,402085,306
308,402085,367,981004,403,403293,470,404208,510,404241,693
309,450420,358,450356,382,405060,430,400910,469,404220,520
310,303290,166,303259,180,303258,289,306901,320,306892,440
314,306533,50,302434,120,350208,217,303011,257,982179,278
315,405337,254,405220,267,401800,302,450391,343,405399,403
316,402082,254,404220,267,450331,267,405500,288,403293,308
319,404220,94,405060,104,405500,135,450386,139,404932,151
320,405024,78,404208,178,400910,275,400161,301,403847,312
321,303011,341,982179,347,350208,484,null,inf,null,inf
322,982179,63,303011,68,306533,232,350208,240,302434,303
323,303259,229,303290,244,303258,266,306901,317,302434,379
324,303256,233,306892,262,303294,282,306901,384,303258,419
325,402134,261,402145,279,402135,374,402132,471,402143,536
327,405060,587,450420,624,450356,640,null,inf,null,inf
328,403847,454,null,inf,null,inf,null,inf,null,inf
330,404241,99,404208,181,400910,186,405024,299,450356,358
337,405337,121,450391,176,405399,236,405220,239,401800,274
351,405220,98,401800,123,405337,175,450331,201,450391,359
353,308753,379,302923,436,303294,543,303256,569,null,inf
355,400161,400,404208,453,405024,553,404241,673,400910,747
359,450100,159,450099,179,404299,240,403424,268,450041,275
360,405220,194,401800,229,405337,282,404202,301,404932,305
362,450011,102,450392,120,450453,125,450012,136,450013,140
363,450419,391,450336,406,405256,472,400070,493,450036,512
376,450331,179,401800,269,404932,283,405220,306,450386,338
377,403847,180,400161,443,405024,543,404208,672,null,inf
379,401360,161,450066,440,450157,455,450392,481,450011,516
386,404208,229,405024,333,402082,408,404241,409,400161,451
387,402082,146,404241,225,405500,263,404220,322,400910,351
390,303258,313,306901,320,306892,329,303259,347,303290,360
391,982179,283,303011,288,306533,447,350208,458,302434,513
392,350208,176,303011,315,982179,321,306533,384,303259,395
402,450078,205,450082,209,450084,223,450083,243,981013,260
406,306533,406,302434,458,982179,501,303011,506,350208,553
407,982179,486,303011,491,350208,652,null,inf,null,inf
408,402085,612,null,inf,null,inf,null,inf,null,inf
415,405337,99,450391,172,405220,219,405399,232,401800,254
416,302923,506,308753,643,null,inf,null,inf,null,inf
417,450420,53,450356,120,405060,126,404220,216,450386,238
422,401348,531,400747,587,null,inf,null,inf,null,inf
423,405291,577,403797,597,401348,625,null,inf,null,inf
426,400910,475,404241,597,450356,602,450420,628,405024,661
427,405399,225,450203,231,450202,237,450391,286,450036,315
435,450078,549,450082,553,450084,567,450083,574,450054,607
440,450005,81,450004,117,450049,245,450048,275,450006,325
441,403640,269,450006,293,405403,356,450049,372,404169,373
442,401360,378,981012,480,450054,502,450157,641,450066,716
446,450054,593,981012,615,null,inf,null,inf,null,inf
447,403797,329,405046,485,405291,500,450022,508,450023,508
449,403797,499,405291,703,null,inf,null,inf,null,inf
450,403797,355,450021,533,450020,567,null,inf,null,inf
454,403640,343,450006,367,450049,446,403424,501,405403,548
455,450005,331,450004,380,450048,509,403425,585,402678,593
456,450105,24,450106,73,450104,99,450102,129,450042,133
457,405291,200,400943,380,401348,402,450377,404,450376,441
461,402135,211,402143,345,402134,348,402145,397,402132,589
465,450045,80,450014,209,404040,213,450015,222,450417,312
466,450054,266,981012,288,981014,356,981013,366,450083,380
467,308753,77,308734,230,302923,379,308259,397,303294,502
468,405291,174,450376,331,400742,347,450024,355,450377,370
469,403797,227,405046,284,405291,299,400742,394,450023,403
472,401824,160,400353,163,403821,197,450087,198,401842,202
474,450157,86,981012,142,450457,146,450054,163,405380,172
476,450228,129,401826,210,401840,236,981015,267,403821,284
477,450045,199,450014,454,404040,458,450015,466,450417,555
479,450045,647,403797,725,null,inf,null,inf,null,inf
484,450060,92,450097,152,450096,158,450525,167,450098,183
485,405049,139,450057,139,450055,159,450093,167,450058,181
486,450157,189,981012,240,450054,262,450457,283,405380,309
487,402143,529,402135,692,null,inf,null,inf,null,inf
490,401360,218,450066,555,450392,596,450011,626,450453,658
491,404833,89,450083,115,402132,120,450084,122,981013,130
492,401360,41,450066,330,450392,371,450011,406,400324,429
494,401360,654,null,inf,null,inf,null,inf,null,inf
496,450078,568,450082,572,450084,586,450083,593,404833,632
497,404833,439,402132,450,450078,491,450082,495,450084,509
498,450066,200,400324,238,450392,241,450011,276,450157,286
499,401348,169,400747,207,400943,432,405291,477,450377,674
500,403797,129,450022,311,450023,313,405046,385,405291,401
501,401827,415,401826,556,450002,626,401840,627,450228,634
503,402132,194,404833,237,450078,305,450082,360,450084,374
504,402143,464,402135,629,null,inf,null,inf,null,inf
505,450066,155,450392,196,450011,231,401360,236,400324,246
507,402135,159,402143,275,402134,296,402145,323,402132,534
513,401348,678,400747,726,null,inf,null,inf,null,inf
516,450049,430,450006,490,450005,492,403640,534,450004,539
517,403425,127,403457,195,450048,244,450095,254,450094,275
518,402678,213,450001,230,450002,236,450048,293,401827,326
519,403425,103,403457,224,450097,266,450048,273,450095,283
520,450046,66,450122,76,450062,136,450104,164,450063,178
522,403424,55,403640,158,450006,182,450330,243,450049,261
523,450045,380,450417,432,450013,467,450012,470,401360,477
524,450016,48,450017,81,450015,94,450018,107,450014,144
526,400324,28,401822,95,401844,110,450055,125,450038,127
528,401827,194,450228,278,401826,335,401840,406,981015,437
529,450045,348,450015,512,450014,542,450016,609,404040,628
530,401348,765,null,inf,null,inf,null,inf,null,inf
533,450417,132,450012,170,450013,170,450453,187,450011,207
534,405399,100,450391,161,450203,255,450202,261,450036,318
536,401827,403,402143,432,450228,490,401826,544,401840,615
537,402145,169,402132,185,402134,217,404833,242,450083,284
540,450457,280,405380,299,403821,302,450081,343,450228,376
545,402143,87,402135,252,402134,389,402145,438,null,inf
546,450087,219,450457,219,405380,245,401824,273,400353,276
2003,402143,324,402135,489,402134,626,402145,675,null,inf
2006,400943,53,450377,209,450376,247,450024,300,400742,325
2008,450419,140,450336,155,450036,261,450202,285,450203,291
2009,402085,464,981004,500,403293,567,null,inf,null,inf
2010,403847,315,400161,342,405024,509,404208,614,null,inf
2012,402143,251,402135,436,402134,573,401827,599,402145,602
2021,450019,465,450045,477,450018,503,403797,521,450067,527
2022,981016,548,450338,553,450050,775,981005,794,402215,867
2023,402838,65,405403,146,404169,151,403617,194,981010,206
3002,400071,392,450386,470,450378,508,404932,516,400070,531
3118,552162,621,982175,626,null,inf,null,inf,null,inf
3119,552128,26,552131,93,982175,104,552162,108,552130,114
3120,552162,433,982175,438,552128,572,552131,579,552130,592
3121,551926,120,551986,139,551927,151,551925,183,553172,286
3122,552130,182,552131,207,552132,237,552128,269,552161,324
3123,551364,68,551363,71,553054,137,551437,155,551365,234
3124,552134,142,552161,186,552136,285,552132,297,552135,322
3125,551925,116,551986,178,551923,208,552134,228,553171,242
3126,553173,14,550653,56,553172,100,550654,146,504526,150
3127,552135,37,552136,70,552137,129,552134,228,552139,270
3128,550657,33,550658,168,551359,175,553007,178,553060,217
3129,503341,131,551441,135,982109,175,553034,187,553033,202
3130,550659,84,550671,89,552091,97,552092,98,550670,129
3131,402689,86,450051,257,402831,260,403595,365,450050,429
3132,450107,32,402377,47,450109,64,450108,78,450224,180
3134,450050,44,450051,139,402379,248,450338,272,981016,277
3135,450397,297,402826,481,402689,491,402831,587,450413,766
3136,400128,26,450111,179,450110,183,450064,255,450109,287
3137,400124,44,450413,235,400125,238,450035,295,404303,312
3139,450413,172,450035,235,400124,242,402831,277,400125,436
3140,450397,385,402826,580,null,inf,null,inf,null,inf
3141,402689,451,450051,562,981016,632,450338,637,402831,638
3142,981016,260,450338,265,450050,381,450051,494,981005,525
3143,404303,10,400120,235,450037,277,400124,365,402826,426
3144,402826,204,450037,231,400120,314,450112,346,450397,373
3145,450112,179,403419,191,403434,297,402826,377,450434,379
3146,450397,213,402826,230,403434,320,450434,402,403419,405
3147,403434,63,450434,145,450435,155,450436,173,403419,220
3148,403434,418,450434,500,450435,510,450436,518,403419,576
3150,403434,526,450434,608,450436,616,450435,618,450152,5736
3151,450397,669,450152,5507,null,inf,null,inf,null,inf
3152,402689,83,402831,177,450051,394,450413,398,450035,410
3155,403595,124,450051,210,450050,224,402379,254,450111,286
3156,450141,4347,450146,4351,450074,4356,450148,4436,450144,4440
3157,450152,5985,null,inf,null,inf,null,inf,null,inf
3158,400747,73,401348,74,null,inf,null,inf,null,inf
3159,400747,369,401348,386,401021,419,401099,427,null,inf
3160,401339,268,401868,302,401099,477,401021,650,null,inf
3161,401099,289,401021,395,401868,498,401339,519,null,inf
3162,401021,454,401099,675,null,inf,null,inf,null,inf
3163,401099,469,400747,604,401021,651,401348,675,null,inf
3164,401099,48,401021,258,400747,529,null,inf,null,inf
3165,401099,256,401021,458,400747,649,null,inf,null,inf
3166,401021,356,401099,562,null,inf,null,inf,null,inf
3167,401021,91,401099,328,null,inf,null,inf,null,inf
3168,401868,269,401339,276,null,inf,null,inf,null,inf
3170,401868,384,401339,391,null,inf,null,inf,null,inf
3171,401868,492,401339,526,null,inf,null,inf,null,inf
3172,401099,170,401021,332,401339,584,401868,605,null,inf
3173,401021,732,null,inf,null,inf,null,inf,null,inf
3175,401021,200,401099,372,400747,602,null,inf,null,inf
3176,400747,602,401348,624,401021,719,null,inf,null,inf
3177,401868,677,401339,721,null,inf,null,inf,null,inf
3178,401021,626,null,inf,null,inf,null,inf,null,inf
3180,982179,1188,303011,1192,null,inf,null,inf,null,inf
3221,551365,104,551366,138,551364,227,551363,230,551368,261
3223,405403,25,404169,31,402838,167,450030,168,402215,173
3226,401868,91,401339,98,null,inf,null,inf,null,inf
3231,403595,260,402831,279,450035,332,402689,367,400125,374
3232,306892,92,306901,214,303258,249,303256,255,303294,267
3233,450059,23,404299,128,450100,179,450122,183,450099,184
3235,403457,66,450095,125,450094,146,450058,182,450039,186
3236,450045,579,null,inf,null,inf,null,inf,null,inf
3242,302434,185,306533,245,303290,334,303259,344,350208,443
3243,981016,299,450338,304,981005,324,402215,389,450030,452
3255,401360,314,450066,665,450392,691,450011,726,450453,753
3282,400118,77,400115,306,450112,394,404168,399,400120,425
3283,401868,678,null,inf,null,inf,null,inf,null,inf
3284,403419,230,450436,279,450435,285,450434,294,400118,353
3286,402697,155,450436,159,450435,164,450434,173,403434,251
3288,450436,390,450435,409,450434,418,403434,496,402697,523
3290,450436,636,402697,651,450435,656,450434,665,403434,743
3292,400115,64,404168,157,404081,329,400118,334,450351,512
3294,402697,279,400115,367,403418,403,400118,452,404168,460
3296,402697,272,403777,402,403418,447,450436,533,450435,538
3298,303290,675,null,inf,null,inf,null,inf,null,inf
3299,450351,139,404081,215,403777,347,403418,350,404168,390
3304,308736,413,308735,599,null,inf,null,inf,null,inf
3305,402697,181,450436,421,450435,426,450434,435,403434,513
3309,403777,22,403418,288,402697,405,450351,535,404081,595
3312,402697,521,403777,567,403418,626,450436,771,450435,787
3313,308736,457,null,inf,null,inf,null,inf,null,inf
3317,308736,179,308437,436,308735,506,null,inf,null,inf
3318,403777,258,403418,402,402697,472,null,inf,null,inf
3319,308736,401,308437,659,null,inf,null,inf,null,inf
3322,308736,133,308437,374,308735,460,null,inf,null,inf
3324,308437,336,308736,402,null,inf,null,inf,null,inf
3327,403777,194,403418,460,450351,676,404081,767,null,inf
3332,308259,633,null,inf,null,inf,null,inf,null,inf
3335,308734,385,308735,448,302915,488,308259,528,null,inf
3336,450351,139,404081,199,404168,251,400115,355,403777,362
3338,403777,280,403418,566,402697,692,450351,813,null,inf
3339,308734,568,308259,711,null,inf,null,inf,null,inf
3345,450351,19,404081,244,404168,421,400115,524,403777,531
3351,403777,658,null,inf,null,inf,null,inf,null,inf
3355,450111,209,450110,232,400125,273,450035,278,450413,334
3356,400747,422,401021,439,401348,451,401099,611,null,inf
3359,450035,135,400125,181,450413,191,450111,321,402831,344
3360,401021,398,401868,541,401339,575,401099,634,null,inf
3361,308735,643,null,inf,null,inf,null,inf,null,inf
3362,450037,109,450112,123,400120,188,404303,373,402826,403
3363,450351,255,404081,480,403777,614,403418,617,404168,657
3364,308735,463,302915,507,308734,637,null,inf,null,inf
3367,404081,318,450351,344,404168,497,null,inf,null,inf
3368,308735,230,302915,345,308736,573,308437,599,null,inf
3369,450154,5511,450150,5518,450152,5750,null,inf,null,inf
3370,450397,155,402826,339,403434,639,450037,674,null,inf
3371,308735,172,302915,265,308736,515,308437,542,null,inf
3372,450397,628,402689,701,null,inf,null,inf,null,inf
3373,302915,27,308735,242,308437,326,308736,585,null,inf
3375,402689,212,402831,286,450397,361,450413,457,450035,519
3376,450051,181,403595,276,450050,353,402689,370,450338,385
3377,302915,465,308735,712,null,inf,null,inf,null,inf
3378,402826,323,404303,336,450037,358,450397,403,450413,425
3379,403777,489,450351,504,403418,539,404081,727,null,inf
3381,302915,432,308437,711,null,inf,null,inf,null,inf
3387,450351,411,404081,630,null,inf,null,inf,null,inf
3398,308437,582,null,inf,null,inf,null,inf,null,inf
3399,308437,80,302915,267,308735,314,308736,339,null,inf
3401,308437,240,308736,401,302915,561,308735,633,null,inf
3402,302434,252,306533,316,303290,391,303259,405,303258,514
3403,308736,70,308437,193,308735,263,302915,514,null,inf
3404,308735,331,308736,356,308437,395,302915,582,null,inf
3405,308735,430,308736,639,null,inf,null,inf,null,inf
3407,302915,462,308259,498,308734,677,308735,740,null,inf
3408,302434,614,303290,720,303259,734,null,inf,null,inf
3409,303290,403,303259,417,303258,526,306901,557,306892,677
3410,306901,350,303258,363,303290,468,306892,470,303259,475
3411,306892,410,308259,441,306901,512,303294,565,303258,567
3412,303294,275,303256,279,302923,291,308753,322,308259,399
3413,308259,109,308734,260,308753,348,302923,357,303294,578
3414,308753,390,308734,419,308259,588,302923,659,null,inf
3415,308734,396,308753,525,null,inf,null,inf,null,inf
3417,308734,224,308259,361,308753,468,null,inf,null,inf
3419,308734,195,308259,336,308753,439,302915,671,null,inf
3420,308259,161,308734,344,302915,480,308753,588,null,inf
3421,308259,502,306901,547,303258,560,303290,665,306892,669
3424,450351,691,null,inf,null,inf,null,inf,null,inf
3425,403777,544,null,inf,null,inf,null,inf,null,inf
3429,308753,157,302923,214,303294,339,303256,365,308734,386
3431,401826,107,401840,113,981015,144,450228,164,403821,195
3435,400161,572,null,inf,null,inf,null,inf,null,inf
3438,450397,151,402826,333,402689,467,402831,560,404303,650
3440,302434,95,306533,116,350208,236,303259,277,303290,283
3443,450022,103,405046,104,450023,105,400742,214,450021,217
3447,402689,489,402831,586,null,inf,null,inf,null,inf
3457,450108,36,450224,94,402377,99,450033,102,450107,104
3458,400742,29,450024,41,450376,92,450377,130,405046,133
3459,405403,122,404169,139,403640,151,450006,175,450049,254
3461,450356,234,450420,297,400910,321,405060,345,404241,414
3462,450005,141,450004,177,450048,335,403425,411,402678,419
3463,402132,507,402145,537,402134,539,404833,551,450078,619
3466,450019,4,450018,54,450017,81,450067,82,450016,115
3467,403847,470,400161,668,null,inf,null,inf,null,inf
3474,403847,417,null,inf,null,inf,null,inf,null,inf
3486,306892,120,306901,188,303258,201,303294,274,303256,278
3489,981004,114,402085,154,402082,234,403293,270,405500,351
3490,450451,355,403438,581,null,inf,null,inf,null,inf
3491,450451,330,403438,557,null,inf,null,inf,null,inf
3492,400053,479,400098,620,403438,673,450451,806,null,inf
3493,403438,271,450451,332,400053,784,null,inf,null,inf
3494,403438,590,450451,677,null,inf,null,inf,null,inf
3495,450451,654,null,inf,null,inf,null,inf,null,inf
3497,450451,676,null,inf,null,inf,null,inf,null,inf
3498,450451,430,403438,630,null,inf,null,inf,null,inf
3499,450451,77,403438,211,null,inf,null,inf,null,inf
3501,400053,363,400098,487,403438,858,null,inf,null,inf
3503,400053,194,400098,290,403438,692,450451,914,null,inf
3504,403438,248,400053,324,450451,466,400098,482,null,inf
3505,403438,414,400053,477,400098,556,450451,635,null,inf
3506,400053,451,403438,458,400098,599,450451,681,null,inf
3507,400053,142,400098,250,403438,376,450451,598,null,inf
3510,400098,535,null,inf,null,inf,null,inf,null,inf
3512,552985,37,552986,45,553050,75,553049,94,550519,127
3513,553074,73,553103,96,553028,101,550697,107,552806,150
3514,553103,330,553074,339,550697,389,553028,394,552116,413
3515,550650,219,552807,222,553026,274,553102,284,552806,349
3516,550609,31,550608,193,504007,216,503960,304,550527,339
3517,504007,75,503960,162,550609,188,550650,241,550611,255
3518,400098,375,400053,529,null,inf,null,inf,null,inf
3519,550534,167,550599,186,552050,200,552051,203,550600,206
3522,550613,28,503870,128,550611,142,550612,149,552055,154
3523,504007,206,503960,299,550650,310,550611,321,550609,386
3524,553102,110,553026,120,553125,191,550697,204,553028,220
3525,553099,233,553079,253,553080,264,553076,320,553100,324
3526,550707,174,550706,195,553080,281,553098,310,553099,370
3527,400098,116,400053,277,403438,697,null,inf,null,inf
3528,552056,25,552057,62,550709,164,552054,169,552059,174
3529,400098,569,400053,738,null,inf,null,inf,null,inf
3530,553100,29,553078,58,553079,80,553099,123,553080,196
3532,553077,150,552956,155,553101,273,553078,298,553229,325
3535,400098,324,400053,418,null,inf,null,inf,null,inf
3554,552142,39,552085,141,552086,160,552087,265,552140,265
3555,503340,116,503341,160,505158,194,982098,207,553034,210
3556,550671,211,552092,220,503341,223,552091,223,550670,231
3557,552147,42,552146,52,552084,59,552148,60,552145,84
3559,550675,19,550674,24,550677,98,550676,128,550679,222
3560,552097,195,552098,198,552096,263,552095,277,552099,298
3561,552035,138,552034,163,552033,183,552032,186,552099,265
3563,552102,266,552101,267,552099,286,552100,286,551851,297
3564,550678,8,550679,73,550680,108,550681,148,550676,170
3565,552078,93,982054,99,552080,194,552150,261,552149,282
3566,551851,28,551922,97,550680,256,551853,276,550681,296
3567,982177,188,552163,198,552149,204,552150,211,550680,267
3568,553154,58,551855,60,551852,181,552103,205,551853,214
3570,551858,98,552041,121,552040,125,551857,129,551855,140
3572,552043,61,552042,75,551858,180,552041,209,552040,213
3573,551855,142,553154,144,552181,261,552043,263,552105,264
3575,551851,153,551922,218,552173,250,552174,257,550682,264
3577,550683,27,550682,39,550680,164,550681,194,553107,204
3586,982177,114,552163,124,550683,188,550682,200,552207,265
3588,552153,58,552155,78,552156,83,552154,115,552165,120
3589,552165,80,552166,86,552167,107,552155,122,552156,161
3591,553040,73,550686,86,552169,120,552170,120,550685,124
3592,552173,26,552174,33,552175,112,552176,127,552171,137
3593,552107,40,552108,69,552177,69,552178,70,552106,158
3595,552181,25,552182,35,552179,114,552184,129,552183,142
3597,552187,59,552190,67,552189,83,552188,94,552185,168
3598,552190,181,552189,215,552192,241,552047,259,552046,266
3602,552109,210,552110,212,552111,270,550602,280,552182,290
3603,552110,58,552109,76,552111,126,552125,141,552124,260
3605,552954,247,552110,250,552174,256,552109,268,552173,269
3606,982058,0,551928,66,551927,181,551926,216,551930,282
3607,552954,158,552166,191,552167,191,550686,224,552157,230
3608,982175,184,552162,188,552128,231,552131,251,552130,291
3609,552157,48,552158,49,552155,170,552165,172,552159,183
3610,552159,28,552160,62,552157,106,552158,146,552119,228
3611,552132,29,552161,99,552130,132,552131,158,552134,190
3612,550523,50,550604,78,550689,86,550688,93,550520,108
3613,552132,316,552130,346,552131,371,552161,384,552128,433
3614,550603,18,550524,68,550526,114,550522,182,550525,184
3615,550654,47,553060,70,553172,93,553171,99,551923,106
3616,552051,23,552050,36,552048,156,550533,163,550532,182
3617,550530,185,550602,208,550601,212,550529,254,552051,272
3618,504526,103,982168,150,553184,155,550653,165,553174,178
3619,550607,129,550693,132,550692,135,552122,148,552115,161
3620,550657,207,552140,257,552139,265,550658,320,551359,350
3621,552989,66,550519,72,552986,157,552985,163,552987,172
3622,400053,348,400098,373,403438,705,null,inf,null,inf
3625,552094,192,552980,226,552030,243,503340,267,553187,274
3628,400098,659,400053,722,null,inf,null,inf,null,inf
3629,400098,548,null,inf,null,inf,null,inf,null,inf
3635,401360,566,450045,703,null,inf,null,inf,null,inf
3641,450054,122,981012,144,981014,212,450083,217,450084,224
3646,552149,125,552150,132,982177,237,552163,247,552207,255
3647,551368,211,551367,214,551369,320,551984,321,551365,339
3653,551852,21,552103,28,551853,32,552104,33,552105,129
3654,552980,7,552094,47,552095,68,552096,101,552073,132
3662,552046,29,552047,42,552044,205,552049,255,552185,263
3664,403847,441,405024,475,400910,574,400161,598,404208,603
3666,550527,55,550529,77,550528,119,552124,122,550602,126
3671,450397,330,402826,421,403434,433,450434,515,450435,525
3674,303011,701,982179,707,null,inf,null,inf,null,inf
3675,403777,126,403418,192,402697,258,450436,519,450435,524
3680,450060,29,450097,159,450096,177,450525,186,450098,202
3687,401827,226,450228,310,401826,367,401840,436,981015,467
3688,405403,158,404169,174,981005,207,402215,270,450030,333
3691,550599,152,550534,207,550535,235,552050,236,552051,243
