bus_id,subway1,time1,subway2,time2,subway3,time3,subway4,time4,subway5,time5
400030,627,506,628,518,Q03,554,B08,864,A22,948
400034,626,420,627,592,Q04,687,A20,999,625,1014
400036,626,263,Q04,539,625,783,627,814,A20,964
400037,626,405,625,629,Q04,678,Q05,895,627,956
400038,625,476,626,563,Q05,736,Q04,839,624,912
400041,625,407,624,549,Q05,609,A19,910,623,956
400053,621,318,225,448,622,695,226,789,A15,1021
400055,621,411,225,516,224,786,622,934,A15,1006
400056,621,533,225,638,224,668,416,897,622,1056
400095,224,432,225,642,621,779,416,884,302,973
400096,225,521,224,549,621,665,416,1001,A15,1001
400097,225,399,621,543,224,667,A15,891,226,939
400234,225,478,224,540,A15,553,A14,760,A16,990
400280,224,447,A14,602,225,625,A15,634,302,1037
400281,225,522,A15,536,224,551,A14,706,A16,972
400423,111,10,A06,475,110,566,A07,629,A09,874
400453,111,70,A06,475,A07,569,110,656,A09,806
400599,118,292,117,405,119,671,A17,858,116,1079
400602,117,397,116,621,118,709,A15,962,A16,1042
400644,A06,120,A07,337,111,373,A05,779,110,959
400752,123,264,122,576,124,691,A22,752,121,1066
400755,122,320,123,613,121,794,A21,999,124,1040
400756,122,251,121,666,123,734,A21,924,120,1159
400759,121,412,122,579,120,852,A20,979,123,1036
400760,121,356,120,702,122,727,A20,870,123,1190
400761,121,468,120,566,122,857,A20,977,119,1097
400762,120,472,121,513,122,947,119,1003,A20,1022
400764,120,401,119,643,A19,868,121,919,118,960
400768,119,332,118,379,117,736,120,865,A18,919
400769,118,231,119,417,117,588,A17,828,120,950
400771,117,275,118,436,119,818,116,910,A17,1002
400772,117,244,118,553,116,798,119,935,A16,1046
400832,117,461,116,657,118,764,A15,1004,A16,1080
400834,117,336,118,558,116,880,119,950,A17,1124
400835,117,354,118,440,119,830,116,989,A17,1006
400836,118,337,117,450,119,723,A17,903,116,1124
400837,119,488,118,508,117,700,120,1021,A18,1059
400838,119,371,118,418,117,775,120,919,A18,967
400840,119,524,120,561,118,831,A18,1021,A19,1028
400841,120,427,119,667,A19,894,121,945,118,994
400843,120,459,121,531,122,956,119,990,A20,1038
400846,121,367,122,620,120,801,A20,928,123,1083
400847,121,466,122,499,120,929,123,962,A21,983
400848,122,384,121,543,123,847,A21,868,120,1037
400849,122,269,121,650,123,752,A21,910,120,1143
400851,122,431,123,559,121,900,124,986,A22,1047
400852,123,405,122,556,124,828,A22,893,121,1030
400853,123,181,122,572,124,608,A22,667,121,1062
401094,A21,436,A20,444,121,494,122,601,A22,977
401141,F16,535,M18,598,F15,663,D22,848,M19,1065
401142,F16,644,M18,719,F15,784,D22,969,M19,1186
401147,F16,611,M18,630,F15,688,D22,881,M19,1098
401148,M18,529,F16,534,F15,587,D22,780,M19,997
401182,L06,277,L05,626,635,945,L03,975,636,1088
401195,L06,249,L05,595,635,914,L03,944,636,1057
401338,A20,217,A21,218,121,682,A19,741,A22,752
401445,116,316,A15,377,115,864,A14,890,A16,894
401446,116,304,A15,435,115,795,A14,833,A16,952
401447,116,430,A15,577,115,655,A14,721,A12,1062
401458,116,363,A15,522,115,740,A14,786,A16,1039
401459,116,312,A15,428,115,803,A14,861,A16,945
401462,116,452,A15,454,117,669,A16,730,225,950
401548,L06,525,636,867,L05,869,F14,963,M18,1009
401549,L06,698,L05,1043,636,1044,F14,1126,M18,1172
401552,L06,642,L05,986,636,988,F14,1084,M18,1130
401553,L06,474,L05,816,636,818,F14,934,R21,987
401587,L06,418,L05,764,635,1083,L03,1113,636,1226
401589,L06,563,L05,908,636,1091,635,1187,F14,1194
401591,L06,831,L05,1176,636,1177,F14,1259,M18,1283
401594,L06,969,F14,1122,M18,1149,F15,1185,636,1194
401595,F14,1014,M18,1041,L06,1062,F15,1077,636,1238
401596,F14,897,M18,924,F15,960,L06,1176,F16,1210
401598,M18,939,F14,945,F15,975,F16,1198,637,1358
401599,M18,1023,F14,1029,F15,1059,F16,1282,637,1442
401600,M18,904,F15,941,F16,1191,F14,1232,M19,1389
401624,M18,619,F15,656,F16,909,F14,987,M19,1104
401625,F14,825,M18,844,F15,880,F16,1130,637,1222
401626,F14,1004,M18,1031,F15,1067,L06,1069,636,1247
401627,L06,976,F14,1118,M18,1145,F15,1181,636,1198
401628,L06,902,636,1172,F14,1194,M18,1221,L05,1247
401630,L06,534,L05,879,636,1140,635,1198,L03,1228
401633,L06,417,L05,766,635,1085,L03,1115,636,1228
401690,L06,637,634,646,L05,832,R19,848,633,852
401694,632,740,633,800,L06,1090,634,1099,723,1123
401696,723,814,632,850,631,881,901,1057,633,1119
401697,723,628,631,695,901,871,632,1015,724,1091
401701,F11,524,630,558,723,941,631,1005,F12,1027
401702,F11,347,630,555,F12,850,629,907,R11,908
401709,Q03,213,628,747,627,751,Q04,1031,B08,1032
401710,Q03,398,627,576,Q04,856,628,932,626,1162
401712,Q04,590,627,637,Q03,649,626,896,Q05,1179
401716,Q04,405,Q05,580,626,713,625,875,624,1233
401718,Q05,356,625,651,Q04,661,626,969,624,1009
401721,Q05,407,624,668,625,727,Q04,1051,623,1102
401722,624,549,Q05,572,625,925,623,949,Q04,1221
401723,624,657,623,703,Q05,814,622,1045,625,1168
401724,623,533,624,824,622,875,Q05,983,227,1209
401725,623,536,622,742,624,957,Q05,1116,227,1130
401726,622,631,623,647,624,1070,621,1162,227,1196
401727,622,503,623,841,621,930,226,1116,624,1264
401729,621,686,622,753,623,1091,225,1322,619,1332
401730,621,588,622,882,619,1201,623,1220,225,1223
401731,621,515,622,1000,619,1081,225,1103,618,1132
401732,621,430,622,953,225,1007,619,1100,618,1151
401738,621,332,622,803,225,924,623,1138,619,1266
401739,621,468,622,623,623,963,225,1104,226,1236
401740,622,441,621,646,623,781,226,1054,624,1209
401741,622,314,623,589,621,838,226,937,624,1016
401742,623,412,622,461,624,839,227,961,621,987
401743,623,324,622,637,624,657,Q05,816,227,999
401744,623,439,624,536,Q05,695,622,753,625,1025
401747,Q05,285,624,424,625,614,623,817,Q04,933
401754,Q04,149,626,455,627,696,Q03,719,Q05,749
401755,Q04,272,626,568,627,571,Q03,594,Q05,862
401759,Q03,6,628,505,627,602,B08,813,Q04,890
401812,726,661,A27,850,725,1100,902,1122,127,1132
401813,726,511,A27,617,725,865,902,889,127,897
401833,L06,592,634,644,L05,811,R19,846,633,898
401857,L06,1109,633,1119,634,1126,632,1239,L05,1303
401858,632,1147,L06,1204,633,1214,634,1221,L05,1398
401869,A21,427,A20,759,627,808,A22,872,122,1008
401876,627,635,Q03,658,Q04,664,626,982,628,1181
401877,Q04,767,627,790,Q03,806,626,1073,Q05,1274
401878,Q04,882,627,997,Q03,1022,626,1200,Q05,1393
401880,627,899,Q04,908,Q03,922,626,1226,Q05,1420
401881,627,729,Q04,738,Q03,752,626,1056,628,1275
401882,627,622,Q04,631,Q03,645,626,949,628,1168
401889,A21,412,A20,724,A22,746,627,838,122,993
401900,A20,199,A21,483,121,674,A19,717,626,975
401903,626,211,Q04,477,627,748,625,805,A20,953
401908,Q04,200,626,506,Q05,792,627,1045,Q03,1068
401909,Q04,395,626,703,Q05,821,625,1144,627,1240
401910,Q04,514,Q05,723,626,822,625,1046,627,1359
401916,Q05,602,Q04,643,625,925,626,951,624,1260
401917,Q04,456,626,764,Q05,767,625,1090,627,1301
401924,626,230,Q04,506,627,777,625,814,A20,943
401939,625,236,Q05,461,624,669,626,823,A19,930
401946,624,308,Q05,403,625,440,623,726,626,1036
401947,624,184,Q05,494,625,570,623,602,622,917
401951,624,650,623,764,Q05,809,622,1074,625,1174
401954,Q05,153,625,499,624,670,Q04,802,623,1080
401960,625,258,Q05,482,624,656,626,845,A19,929
401968,624,580,Q05,738,623,818,625,1104,622,1126
401969,624,593,623,687,Q05,752,622,997,625,1117
401973,624,58,623,439,625,528,Q05,668,622,782
401974,624,132,625,382,623,556,Q05,587,622,899
401993,622,154,623,484,621,680,226,777,624,915
401994,622,275,623,605,621,801,226,898,624,1036
401998,622,831,621,894,623,1170,226,1444,225,1530
401999,622,602,623,942,621,1118,226,1215,624,1373
402000,622,486,623,826,621,1002,226,1099,624,1257
402001,622,258,623,598,621,774,226,871,624,1029
402002,622,143,623,483,621,659,226,756,624,914
402036,F14,711,M18,757,F15,794,L06,1051,F16,1089
402037,F14,828,M18,874,F15,911,L06,935,636,1087
402038,L06,814,F14,955,M18,1001,636,1029,F15,1038
402039,L06,632,L05,977,636,1061,F14,1143,M18,1189
402041,L06,446,L05,791,635,1110,L03,1140,636,1228
402042,L06,556,L05,901,635,1220,L03,1250,R20,1273
402043,L06,663,L05,1008,634,1293,R20,1322,635,1327
402048,633,655,632,781,634,964,L06,970,R18,1011
402049,633,511,632,637,634,820,R18,867,L05,992
402052,L06,800,634,859,L05,1019,R19,1061,633,1089
402054,L06,636,L05,1006,634,1090,R19,1292,633,1311
402055,L06,565,L05,918,634,1227,635,1237,L03,1267
402056,L06,553,L05,900,635,1219,L03,1249,R20,1264
402057,L06,470,L05,817,635,1136,L03,1166,R20,1255
402094,F16,311,M18,589,F15,638,D22,823,M19,1040
402095,F16,443,M18,684,F15,742,D22,929,M19,1146
402096,F16,516,M18,755,F15,813,D22,1000,M19,1217
402097,F16,631,M18,812,F15,870,D22,1058,M19,1275
402100,F16,832,M18,907,F15,972,D22,1157,M19,1374
402102,F16,805,M18,877,F15,935,D22,1128,M19,1345
402103,F16,695,M18,767,F15,825,D22,1018,M19,1235
402104,F16,644,M18,776,F15,834,D22,1027,M19,1244
402105,F16,460,M18,699,F15,757,D22,944,M19,1161
402106,F16,366,M18,642,F15,691,D22,876,M19,1093
402157,A30,651,726,699,130,834,A31,961,L01,1047
402160,726,709,A27,869,902,1116,725,1140,127,1171
402161,726,874,A27,1036,A25,1048,R15,1119,126,1216
402162,A25,927,726,995,R15,1019,126,1094,A27,1158
402163,A25,832,126,997,726,1092,R15,1116,D14,1235
402164,A25,651,126,816,R15,949,726,969,D14,1055
402183,F11,521,630,558,723,858,631,922,F12,1022
402205,A24,801,125,802,124,915,R14,922,A25,1020
402290,628,437,Q03,481,627,515,B08,782,A22,946
402296,Q03,324,628,848,627,926,B08,1133,Q04,1218
402298,Q03,143,628,677,627,735,B08,965,Q04,1027
402299,Q03,23,628,497,627,555,B08,785,Q04,897
402303,628,472,Q03,506,627,530,B08,817,A22,921
402334,Q03,385,628,909,627,920,B08,1194,Q04,1203
402336,Q03,623,627,676,Q04,959,628,1153,626,1265
402338,Q04,566,626,872,627,970,Q03,986,Q05,1073
402339,Q04,439,626,745,Q05,946,627,1084,Q03,1100
402345,Q04,365,626,671,Q05,872,627,1174,Q03,1190
402346,Q04,494,626,800,Q05,1001,627,1026,Q03,1042
402347,Q04,620,627,922,626,926,Q03,938,Q05,1127
402348,627,729,Q03,745,Q04,826,626,1132,628,1275
402349,Q03,629,627,665,Q04,948,628,1159,626,1254
402351,Q03,374,628,846,627,975,B08,1134,Q04,1258
402458,621,57,622,579,225,616,623,920,619,1060
402460,621,143,622,583,225,781,623,923,226,1168
402461,621,299,622,743,225,935,623,1083,619,1316
402498,621,338,622,861,225,915,619,1170,623,1201
402502,621,115,622,638,225,695,623,978,619,1135
402503,621,67,225,576,622,590,623,930,619,1099
402662,621,108,225,529,622,631,623,971,226,1070
402694,626,340,Q04,354,627,460,Q03,794,625,923
402704,623,176,622,491,624,495,227,851,Q05,902
402707,622,284,621,485,623,622,226,897,624,1049
402745,111,259,A06,695,110,786,A07,850,A09,1082
402766,111,319,110,659,A06,785,A07,940,A05,1176
402767,111,231,A06,667,110,807,A07,823,A09,1066
402773,A09,290,112,353,A10,484,A07,828,113,921
402816,624,230,625,272,Q05,477,623,654,626,859
402829,627,212,628,330,Q03,365,B08,677,626,796
403036,123,253,122,577,124,661,A22,696,121,1067
403037,123,427,124,548,122,774,A22,828,125,1035
403125,116,328,117,444,A15,645,118,792,A16,913
403126,116,168,A15,641,117,653,115,826,118,1001
403142,116,103,A15,698,115,749,117,775,118,1123
403144,116,209,117,639,A15,672,115,855,118,987
403150,118,69,117,397,119,416,A17,639,120,943
403191,726,29,A28,798,128,1057,A27,1142,D17,1210
403249,723,614,631,685,901,861,724,1074,F11,1102
403297,Q03,529,628,698,B08,975,627,1130,R11,1131
403303,F14,567,M18,613,F15,650,637,980,F16,1024
403304,F14,656,M18,702,F15,739,F16,1050,637,1051
403305,F14,833,M18,879,L06,913,F15,916,636,1063
403306,L06,802,F14,950,M18,996,636,1017,F15,1033
403307,L06,691,636,1012,L05,1036,F14,1064,M18,1110
403326,624,687,Q05,845,623,925,625,1211,622,1233
403359,632,672,723,930,633,949,631,1001,D17,1083
403367,Q05,583,Q04,658,625,940,626,979,624,1241
403380,M18,523,F15,560,F16,813,M19,1008,F14,1077
403383,Q05,472,Q04,530,625,767,626,838,624,1125
403415,621,202,225,494,622,655,226,943,623,1002
403432,Q03,173,627,386,628,392,B08,680,R11,836
403438,621,256,622,516,623,854,225,892,226,1129
403443,L06,814,L05,1159,636,1164,F14,1246,M18,1292
403461,116,294,115,381,A15,766,114,814,A14,857
403477,122,208,123,691,121,698,A21,927,124,1118
403480,632,744,723,925,631,992,633,1013,D17,1155
403486,726,504,A27,625,725,883,902,897,127,915
403522,122,200,123,663,121,690,A21,919,124,1090
403537,621,169,622,696,225,749,623,1032,619,1086
403557,M18,767,F15,804,F16,1047,M19,1252,F14,1291
403563,Q03,545,628,698,B08,959,R11,1115,627,1146
403608,123,391,124,586,122,746,A22,792,125,1073
403626,125,807,A24,810,124,851,R14,1029,123,1032
403671,621,50,622,573,225,646,623,913,619,1120
403673,621,292,622,815,225,884,623,1155,619,1250
403676,621,274,622,797,225,854,623,1137,619,1259
403726,Q03,462,627,838,628,995,Q04,1121,B08,1285
403787,621,183,622,706,225,760,623,1046,619,1072
403808,M18,834,F14,840,F15,870,F16,1120,637,1253
403816,726,34,A28,815,128,1072,A27,1148,129,1191
403835,A03,538,A05,645,109,905,A02,1074,108,1281
403902,119,464,120,611,118,774,A18,986,A19,1078
403903,116,69,A15,640,115,650,117,898,A14,1084
403954,A25,759,726,923,126,927,R15,941,A27,1086
403955,A25,879,726,1043,126,1047,R15,1061,A27,1206
403956,726,975,A25,1111,A27,1135,R15,1179,126,1276
403987,125,871,A24,874,R14,932,124,981,A25,1019
404011,115,248,116,451,114,684,A14,769,A15,980
404012,115,349,116,552,114,785,A14,870,A15,1081
404013,115,218,114,627,116,706,A12,1005,D13,1005
404019,115,347,116,530,114,783,A14,858,A15,1059
404036,124,695,125,770,A24,773,123,876,R14,1178
404054,120,364,121,718,119,889,A19,969,122,1152
404058,A25,791,D14,869,R14,901,126,918,A24,950
404091,624,341,Q05,396,625,726,623,737,Q04,1045
404099,L06,512,L05,749,634,861,R19,1063,635,1065
404100,M18,608,F14,616,F15,644,F16,975,637,1043
404104,119,274,118,584,120,748,A18,787,117,941
404117,A05,467,A03,618,109,980,A06,1118,A02,1154
404118,A05,502,A03,633,109,985,A06,1153,A02,1169
404121,125,795,A24,798,124,911,R14,979,A25,1077
404130,119,321,118,568,120,786,A18,834,117,925
404131,120,364,121,734,119,894,A19,979,122,1159
404147,116,461,115,503,A14,624,A15,637,114,936
404191,625,272,Q05,497,624,673,626,840,A19,914
404196,726,680,A27,851,725,1109,902,1123,127,1141
404232,116,198,115,509,A15,670,114,942,117,983
404255,621,64,622,508,225,655,623,848,226,1101
404258,116,430,117,580,A15,829,118,893,115,1076
404259,117,545,116,701,118,848,A15,1048,A16,1124
404264,L06,786,634,892,L05,1044,R19,1094,633,1113
404289,123,450,122,499,124,877,A22,947,121,973
404290,122,429,121,527,123,890,A21,911,120,1021
404321,626,218,627,327,Q04,484,625,812,628,872
404350,617,1471,618,1652,621,1840,619,2178,622,2273
404351,617,1277,618,1458,616,1578,621,1705,619,1984
404353,617,1625,621,1695,618,1806,622,2128,619,2332
404354,621,2026,Q05,2047,624,2086,622,2459,623,2467
404355,Q05,2174,624,2213,625,2497,623,2594,622,2877
404356,Q05,2279,624,2318,625,2602,623,2699,Q04,2892
404821,116,261,A15,840,117,891,115,907,118,1204
404822,116,423,117,899,115,969,A15,1002,118,1212
404826,124,543,123,724,125,853,A24,856,122,1071
404834,A30,643,726,726,130,806,A31,968,D18,1020
404855,121,456,120,610,122,809,A20,967,119,1141
404859,Q04,374,626,682,Q05,835,625,1158,627,1219
404865,123,427,124,661,122,769,A22,828,125,1148
404922,F16,706,M18,778,F15,836,D22,1029,M19,1246
404926,726,687,A30,720,130,971,A31,1089,129,1166
404927,726,712,A30,735,130,986,A31,1099,L01,1185
404950,632,684,723,958,633,961,631,1023,D17,1095
404951,632,837,723,1035,721,1074,631,1099,633,1114
404995,633,677,632,812,L06,958,634,967,R18,1039
405003,Q05,523,Q04,726,625,856,626,1041,624,1181
405015,621,1167,622,1690,619,1956,618,2007,617,2016
405016,617,1199,618,1282,616,1496,621,1725,619,1808
405071,123,362,124,600,122,704,A22,763,125,1087
405086,123,290,124,586,122,645,A22,691,125,1073
405100,Q04,398,626,704,627,815,Q03,827,Q05,987
405112,123,577,124,776,122,901,A22,1022,125,1263
405140,617,1461,618,1642,621,1663,616,1762,622,2096
405153,124,566,123,757,125,801,A24,804,122,1106
405181,622,139,623,443,621,662,226,762,624,870
405185,111,351,110,640,A06,819,A07,974,A05,1159
405186,111,408,110,557,A06,876,A07,1031,A05,1091
405233,Q05,264,Q04,363,625,555,626,659,624,930
405260,F14,846,M18,865,F15,901,F16,1151,L06,1235
405285,726,38,A28,818,128,1075,A27,1151,129,1188
405307,Q04,177,Q05,426,626,473,625,717,627,1022
405308,124,537,123,692,125,1024,A24,1027,122,1028
405315,622,705,621,1020,623,1044,226,1318,624,1475
405348,622,394,623,510,621,918,624,937,226,1017
405350,M18,782,F15,819,F14,826,F16,1072,637,1259
405352,F16,717,M18,744,F15,802,D22,995,M19,1212
405353,124,690,125,746,A24,749,123,881,R14,1169
405359,F16,361,D22,801,F15,829,M18,854,M19,1018
405365,Q03,11,628,535,627,613,B08,823,Q04,905
405367,L06,603,L05,973,634,1085,R19,1287,635,1289
405372,F16,869,M18,888,F15,946,D22,1139,M19,1356
405392,627,346,628,679,Q03,715,626,928,B08,1025
405396,633,659,L06,871,634,880,632,901,R18,1021
405453,A31,599,L01,685,131,803,A30,928,132,999
503357,R03,39,R04,434,R01,628,R05,926,R06,1410
503870,R03,599,R01,669,R04,949,G18,1277,G19,1288
504007,R03,163,R01,540,R04,542,R05,1036,R06,1524
505254,R03,487,R01,775,R04,820,G18,1148,G19,1159
803013,R14,926,A25,935,125,956,A24,959,D14,1021
803020,110,459,111,899,109,985,A05,1191,A03,1295
803021,621,2020,Q05,2041,624,2080,622,2453,623,2461
803026,R03,2106,Q05,2418,624,2457,R01,2537,625,2741
803027,Q05,2267,624,2306,625,2590,623,2687,Q04,2880
803028,Q05,2127,624,2166,R01,2246,625,2450,623,2547
803029,Q05,1867,624,1906,R03,2004,623,2287,R01,2435
803030,Q05,1969,624,2008,R03,2106,623,2389,R01,2537
803034,R03,2103,Q05,2415,624,2454,R01,2534,625,2738
803054,621,444,622,967,225,1021,619,1087,618,1138
803055,726,730,A27,907,725,1165,902,1179,127,1197
803056,124,542,123,697,125,1029,A24,1032,122,1033
803058,Q03,322,628,846,627,924,B08,1131,Q04,1216
803059,621,866,622,888,623,1227,226,1501,225,1502
803066,624,712,Q05,849,623,950,625,1208,622,1258
803067,A03,527,A05,654,109,894,A02,1063,108,1270
803079,726,79,A28,707,128,966,D17,1119,R17,1134
803115,F16,872,M18,891,F15,949,D22,1142,M19,1359
803130,726,189,A28,958,128,1217,A27,1302,D17,1370
803131,726,160,A28,929,128,1188,A27,1273,D17,1341
803150,A30,744,726,746,A31,903,130,917,L01,989
803151,F11,532,630,569,723,869,631,933,F12,1033
803153,621,311,622,834,225,888,619,1143,623,1174
803154,621,289,622,812,225,866,619,1121,623,1152
803157,115,239,116,382,114,675,A14,750,A15,916
803159,Q03,493,627,813,628,1026,Q04,1096,B08,1312
803177,L06,880,L05,1225,636,1234,F14,1316,M18,1335
803194,114,471,115,747,A12,925,D13,925,113,1230
803195,114,485,115,733,A12,939,D13,939,113,1244
803215,621,1295,617,1633,622,1728,618,1814,616,1934
823252,M18,612,F15,670,F16,849,M19,1078,D22,1127
903002,L06,652,L05,1022,634,1073,R19,1275,633,1294
903003,Q05,205,625,551,624,722,Q04,854,623,1132
903025,F16,811,M18,886,F15,951,D22,1136,M19,1353
903027,L06,1062,633,1072,634,1079,L05,1256,R19,1265
903028,632,828,723,1078,721,1086,633,1105,631,1135
903042,621,196,622,723,225,776,623,1059,619,1060
903046,723,594,631,665,901,841,724,1054,F11,1082
903074,A25,837,D14,915,R14,947,126,964,A24,996
903075,621,75,622,598,225,635,623,938,619,1042
903076,A25,849,D14,935,126,984,R14,994,125,1042
903082,726,782,A27,959,725,1217,902,1217,127,1249
903084,726,758,A27,935,725,1193,902,1207,127,1225
903086,A31,641,131,724,L01,732,A30,849,130,1012
903087,A25,680,126,845,726,958,R15,981,D14,1063
903088,M18,509,F15,546,F16,799,M19,994,D22,1064
903089,116,312,A15,428,115,803,A14,841,A16,945
903092,116,275,115,405,A15,747,114,838,A14,881
903102,Q05,342,625,678,624,718,Q04,986,623,1128
903106,726,784,A25,842,R15,912,A27,943,126,1010
903107,726,585,A27,745,902,992,725,1014,A25,1044
903110,726,207,A28,884,A27,914,725,1032,127,1043
903133,726,313,129,929,A30,939,A28,950,128,1091
903134,726,494,A30,766,129,973,130,1017,A28,1131
903161,726,626,A30,935,129,1118,130,1186,A28,1252
903162,A31,694,L01,780,131,815,A30,860,726,952
903195,A25,1029,D14,1108,R14,1114,125,1157,126,1157
903198,726,543,A27,966,725,1109,127,1120,R16,1180
903199,726,278,A28,1047,128,1306,A30,1314,129,1346
903200,726,420,A28,1135,A30,1172,129,1204,128,1276
903206,A24,1037,125,1038,R14,1118,124,1148,A25,1191
903207,726,450,A27,678,725,896,127,917,902,950
903214,A25,913,126,1049,D14,1105,726,1229,R14,1233
903229,116,194,115,514,A15,666,114,947,117,979
903230,116,259,115,405,A15,793,114,841,A14,916
904918,Q05,542,Q04,707,625,837,626,1022,624,1195
904920,F16,355,D22,788,F15,823,M18,848,M19,1005
400001,636,140,R21,237,635,295,L03,325,R20,418
400002,635,190,L03,220,636,243,R20,313,L05,324
400003,635,79,L03,109,R20,202,L05,310,636,354
400007,634,77,R19,308,633,390,635,418,R20,429
400026,B08,293,R13,400,629,477,R11,483,628,583
400027,B08,421,628,448,R13,525,629,605,R11,611
400028,628,316,B08,538,R13,641,629,722,R11,728
400029,628,305,B08,650,Q03,664,627,700,R13,751
400031,627,389,628,637,Q03,673,626,971,B08,983
400032,627,272,626,786,628,816,Q03,852,A21,982
400033,627,403,626,641,Q04,907,628,947,A21,960
400039,625,361,Q05,620,626,688,624,796,Q04,964
400042,624,386,625,601,623,795,Q05,803,227,970
400043,624,325,623,706,625,711,227,881,Q05,883
400044,624,293,623,649,625,789,227,815,Q05,944
400045,624,385,623,531,227,697,622,867,625,909
400046,623,420,624,497,227,590,622,756,226,881
400047,623,304,227,472,624,617,622,638,226,763
400048,623,317,227,404,622,522,226,647,624,731
400050,622,279,226,404,623,541,227,551,621,813
400051,622,386,226,501,621,621,225,718,623,734
400054,621,294,225,399,622,817,224,901,226,940
400057,224,492,621,714,416,721,225,826,302,960
400059,224,272,416,695,302,730,225,896,A14,909
400060,224,395,416,572,302,607,619,873,A14,908
400061,224,425,302,555,416,613,619,914,A14,941
400062,224,270,302,332,301,721,A14,796,416,818
400065,302,55,301,368,224,633,415,689,222,707
400066,302,174,301,234,224,751,415,819,222,837
400067,301,155,302,318,A12,690,D13,690,D12,831
400069,R26,147,420,176,139,180,419,265,M23,297
400070,R26,83,419,107,139,109,R25,241,M23,255
400071,R25,58,418,188,E01,248,419,265,R26,269
400081,638,22,R22,222,D21,310,M19,321,637,356
400083,637,76,D21,108,R22,239,638,294,F14,407
400085,636,203,637,212,R21,287,D21,384,R22,515
400086,636,43,R21,127,637,374,635,453,L03,483
400087,302,98,301,333,224,675,415,743,222,761
400088,302,28,301,403,224,578,415,689,222,707
400089,302,223,224,377,301,598,A14,872,415,884
400091,224,257,302,383,416,767,301,772,A14,773
400092,224,439,302,536,416,557,619,858,301,925
400093,224,325,416,645,302,676,A14,892,619,946
400094,224,276,416,758,225,807,302,817,A14,913
400098,225,261,621,421,226,746,A15,834,622,853
400099,225,209,621,551,226,575,A15,787,224,819
400100,225,356,226,428,621,684,227,702,622,780
400101,226,470,225,530,622,603,621,653,227,704
400102,226,325,622,458,227,559,225,680,A16,700
400103,226,277,622,408,227,426,623,684,A16,776
400105,227,278,623,459,226,512,622,643,A17,723
400107,227,336,623,458,226,657,A17,659,624,740
400108,227,430,623,532,624,646,226,751,A17,753
400109,624,519,227,562,623,651,A17,865,226,870
400110,624,411,227,656,623,745,625,918,A17,956
400111,624,465,625,767,227,780,A18,850,623,869
400115,625,484,Q05,743,626,839,A19,896,624,951
400116,625,576,626,729,Q05,835,A19,988,Q04,995
400117,626,582,625,702,Q04,848,Q05,961,A19,1002
400118,626,424,Q04,690,A20,849,625,875,627,970
400119,626,489,Q04,755,A20,791,627,810,A21,876
400122,627,378,628,881,A21,892,Q03,931,626,957
400123,627,500,628,772,Q03,822,A22,954,R13,954
400124,628,525,Q03,701,R13,707,627,719,A22,833
400125,628,440,R13,570,B08,729,A22,842,Q03,848
400126,R13,386,B08,545,628,589,629,721,R11,726
400127,R13,300,B08,459,629,635,R11,640,B10,672
400128,R13,185,B08,476,629,520,R11,525,B10,557
400153,R21,92,636,215,637,378,D21,454,L03,496
400154,637,195,D21,271,R21,276,R22,321,636,394
400155,637,131,D21,148,R22,198,R21,399,638,432
400157,R22,152,638,157,D21,307,R23,319,639,444
400159,R23,109,639,234,Q01,259,M20,300,R22,377
400161,R23,89,Q01,184,639,231,M20,254,A34,281
400163,R24,268,M21,291,640,331,A36,367,R23,371
400166,R24,77,228,86,A36,184,E01,189,418,250
400168,418,48,R25,117,A38,210,M22,221,419,235
400170,419,3,R26,127,139,153,M23,165,420,245
400171,420,68,419,200,R26,222,M23,234,139,255
400176,R21,128,636,200,L03,348,635,435,R20,458
400224,227,117,226,393,A17,405,623,676,A16,730
400225,A17,232,227,272,226,548,A18,627,A16,670
400226,227,332,226,368,A17,420,A16,463,A18,815
400227,224,313,A14,436,302,642,301,722,A12,963
400228,226,223,A16,270,227,436,A17,614,225,716
400230,225,419,A16,496,226,525,A15,541,227,738
400231,225,333,A15,479,A16,583,226,612,227,825
400233,225,360,A15,446,224,658,A14,839,A16,872
400236,224,305,A14,525,225,712,A15,769,302,895
400237,224,224,A14,389,302,759,301,839,225,848
400238,224,432,302,524,A14,557,301,604,A12,856
400239,302,405,301,485,224,552,A14,677,A12,744
400240,302,289,301,369,A12,663,D13,663,224,667
400241,302,229,301,236,A12,583,D13,583,224,805
400242,301,124,302,348,A12,702,D13,702,D12,798
400248,A11,170,D12,249,113,465,A10,551,A12,557
400249,A11,268,A10,398,D12,414,113,429,A12,722
400250,A10,265,A11,380,D12,526,113,541,A09,677
400251,A10,214,A11,478,A09,580,112,590,D12,624
400252,A10,302,A09,485,112,493,A11,603,D12,749
400258,112,56,A09,74,A10,467,A07,619,113,627
400259,112,106,A09,118,A10,326,113,557,A07,782
400263,A10,276,A09,513,112,523,A11,562,D12,708
400264,A10,188,A11,456,A09,600,D12,602,112,610
400265,A10,326,A11,336,D12,482,113,497,A09,738
400266,A11,219,D12,369,113,380,A10,407,A12,673
400267,A11,148,D12,231,113,489,A12,535,D13,535
400268,A11,202,D12,209,A12,539,D13,539,113,566
400271,D12,395,301,397,A11,697,302,787,414,870
400272,301,260,D12,512,302,650,A11,812,414,901
400273,301,127,302,515,D12,641,A12,804,D13,804
400274,301,142,302,395,A12,684,D13,684,D12,752
400275,302,252,301,332,A12,561,D13,561,224,768
400276,302,426,301,506,224,594,A14,651,A12,704
400277,224,477,A14,534,302,543,301,623,A12,812
400278,224,356,A14,412,302,664,301,744,A12,921
400279,224,246,A14,401,225,822,A15,831,302,836
400282,225,398,A15,418,224,675,A14,792,A16,848
400283,225,256,A15,353,A16,706,226,799,224,820
400284,225,442,A16,474,A15,500,226,567,227,780
400285,A16,356,226,449,225,559,A15,601,227,677
400287,A16,232,226,257,227,485,A17,604,A15,687
400288,227,370,226,387,A17,417,A16,418,A18,811
400289,227,296,A17,296,226,503,A16,534,A18,690
400290,A17,236,227,250,226,546,A18,630,A16,674
400292,227,320,623,452,A17,643,226,651,624,746
400322,724,272,901,334,D16,366,R16,454,631,490
400323,D17,326,R17,341,632,422,724,453,901,515
400324,632,294,R17,301,D17,315,R18,367,128,464
400325,R18,252,632,359,633,404,R17,413,D17,427
400326,R18,149,633,296,R19,361,129,461,R17,464
400327,R19,180,R18,234,633,364,634,389,D18,392
400329,R19,72,D18,257,634,287,R18,418,130,459
400330,R19,242,634,403,D18,427,R20,436,D19,453
400331,R20,278,D19,289,L03,345,L02,375,635,389
400333,L02,366,L03,368,R20,421,635,459,D19,460
400334,R21,412,A32,430,D20,430,L02,487,L03,489
400335,R21,279,636,375,A32,376,D20,376,133,519
400336,R21,175,636,270,L03,461,A32,472,D20,472
400337,R21,52,636,151,L03,408,635,495,R20,518
400352,632,231,633,275,R18,387,R19,526,R17,551
400353,632,150,633,375,R17,449,D17,463,R18,487
400354,632,254,D17,421,901,422,R17,436,633,531
400358,901,236,631,395,723,453,724,453,D15,484
400359,901,353,D15,360,F12,386,630,410,631,512
400360,F12,261,630,294,D15,457,901,467,F11,558
400361,F12,91,630,347,F11,375,D14,560,B10,574
400362,F12,270,B10,399,R13,404,629,467,630,541
400363,R13,270,629,336,F12,397,R11,425,B10,472
400364,R13,258,629,331,R11,336,B08,407,F12,585
400390,A17,42,A16,428,A18,485,227,527,118,656
400394,A16,176,A17,461,226,544,A15,596,227,735
400395,A16,244,A15,381,226,666,A17,680,116,874
400396,A15,263,A16,368,226,738,116,756,225,757
400398,A15,114,A14,512,116,634,A16,666,225,688
400399,A15,288,A14,340,116,776,224,789,225,831
400400,A14,204,A15,422,224,629,116,833,A12,854
400401,A14,66,224,537,A15,585,A12,734,D13,734
400403,A14,202,A12,458,D13,458,115,734,224,774
400404,A14,290,A12,354,D13,354,115,649,114,736
400405,A12,156,D13,156,A14,461,114,538,302,673
400406,A12,41,D13,41,114,486,A14,559,A11,588
400408,A11,203,A12,321,D13,321,D12,467,113,650
400409,A11,80,D12,411,A12,428,D13,428,113,527
400414,A10,94,A09,330,112,340,113,474,A11,574
400418,A09,166,112,246,A07,538,A10,565,111,686
400419,A09,338,A07,388,112,418,111,501,A10,737
400422,111,136,A07,512,A06,551,110,712,A09,729
400426,110,195,111,355,A06,820,A05,824,109,879
400448,110,111,109,599,111,613,A05,823,A03,909
400449,110,92,111,446,109,756,A05,804,A06,901
400452,111,113,110,463,A06,568,A07,722,A05,960
400454,111,218,A07,416,A06,612,A09,653,112,706
400457,A09,228,112,281,A07,469,111,622,A10,627
400461,A10,135,A09,287,112,296,113,511,A11,613
400462,A10,61,A09,390,112,400,113,458,A11,510
400466,A11,159,A12,353,D13,353,D12,447,113,604
400467,A12,237,D13,237,A11,289,D12,547,114,694
400468,A12,78,D13,78,A11,470,114,589,D12,662
400469,A12,127,D13,127,A14,483,114,489,302,644
400470,A12,263,D13,263,A14,370,114,625,115,711
400471,A14,269,A12,383,D13,383,115,658,114,745
400472,A14,95,A12,567,D13,567,224,667,A15,700
400473,A14,70,224,543,A15,552,A12,720,D13,720
400474,A14,225,A15,402,224,674,116,812,A12,875
400475,A15,229,A14,397,116,750,225,773,A16,782
400476,A15,163,A14,460,116,683,A16,715,225,737
400477,A15,71,A16,485,225,567,116,607,A14,704
400479,A15,248,A16,381,116,741,225,744,226,751
400482,A16,195,A17,442,226,563,A15,611,227,720
400483,A16,281,A17,355,226,649,227,659,A15,697
400484,A17,202,A16,430,227,596,118,677,A18,678
400485,A17,141,A18,524,A16,527,118,585,227,600
400486,A17,24,227,435,A16,453,A18,478,226,731
400512,R13,52,629,414,B10,416,F12,455,R11,468
400514,F12,95,630,428,D14,460,D15,461,B10,473
400515,F12,274,D15,281,630,467,R15,468,724,507
400516,D15,332,724,334,901,386,F12,458,R15,536
400518,724,123,901,185,D16,316,631,341,723,403
400519,724,308,901,370,D16,402,D17,459,R17,474
400552,128,106,R17,263,129,269,D17,277,A28,382
400555,632,242,R17,351,D17,365,R18,366,633,464
400561,901,55,631,214,724,272,723,288,D16,486
400595,A17,144,A16,534,118,549,A18,587,227,629
400596,A17,236,118,427,A16,622,A18,679,119,702
400597,118,198,A17,429,117,516,119,529,A16,815
400598,118,39,117,357,119,421,A17,578,120,948
400609,115,86,114,519,116,539,A14,800,A12,820
400610,115,94,114,360,116,677,A12,717,D13,717
400611,115,212,114,240,A12,674,D13,674,A14,754
400612,114,125,115,330,A12,559,D13,559,113,853
400613,114,52,A12,410,D13,410,115,476,113,704
400614,114,159,A12,467,D13,467,115,583,113,597
400615,114,277,113,479,A12,567,D13,567,A11,622
400616,113,351,114,384,A11,494,A12,662,D13,662
400617,113,222,A11,435,114,502,D12,705,A10,738
400618,113,106,A11,395,A10,630,D12,645,114,647
400619,113,37,A11,493,A10,510,112,660,A09,712
400620,113,147,A10,381,112,531,A11,576,A09,583
400621,113,249,A10,271,112,400,A09,452,A11,654
400622,A10,251,112,265,A09,317,113,359,A11,729
400623,112,121,A09,173,A10,333,113,486,A07,798
400624,112,28,A09,80,A10,395,113,573,A07,705
400626,A07,278,112,410,A09,434,A06,750,A10,833
400627,A07,151,A09,501,112,505,A06,623,111,725
400628,A07,49,A06,521,A09,592,112,596,111,633
400629,A07,46,A06,425,111,543,A09,681,112,685
400631,A06,49,111,356,A07,393,A05,706,110,942
400632,A06,54,111,446,A07,482,A05,584,110,970
400633,A06,164,A05,485,111,556,A07,592,110,859
400634,A06,332,A05,393,111,724,110,736,A07,760
400635,A05,158,A06,505,109,884,110,894,111,896
400636,A05,0,A06,647,109,750,A03,818,110,855
400639,A05,13,A06,666,109,767,A03,818,110,872
400640,A05,223,A06,455,111,845,A07,883,110,888
400641,A06,281,A05,406,111,675,A07,709,110,781
400642,A06,111,111,505,A05,525,A07,539,110,898
400643,A06,13,111,407,A07,441,A05,640,110,993
400646,A07,14,A06,458,111,576,A09,651,112,655
400647,A07,137,A09,512,112,516,A06,609,111,715
400648,A07,267,112,417,A09,441,A06,739,111,835
400649,112,328,A09,329,A07,392,A10,728,113,789
400655,113,29,A11,515,A10,560,112,680,A09,762
400656,113,193,A11,414,114,575,D12,676,A10,709
400657,113,364,114,398,A11,516,A12,706,D13,706
400658,114,288,113,496,A12,611,D13,611,A11,648
400659,114,112,A12,451,D13,451,115,535,113,677
400661,115,225,114,236,A12,701,D13,701,116,785
400662,115,107,114,355,116,667,A12,742,D13,742
400663,115,42,114,478,116,557,A12,829,D13,829
400676,118,53,117,391,119,435,A17,565,A16,951
400677,118,260,A17,376,119,535,117,598,A16,762
400678,A17,216,118,490,A18,599,A16,601,227,675
400716,D17,40,R17,55,128,243,A28,386,R18,403
400719,A33,254,134,288,D21,450,A32,462,D20,462
400720,A33,211,134,212,A32,386,D20,386,133,488
400722,A32,131,D20,131,133,300,134,383,A33,468
400723,A32,68,D20,68,133,253,L02,421,132,457
400724,L02,233,A32,250,D20,250,D19,325,133,342
400725,L02,109,D19,201,132,251,A32,369,D20,369
400726,D19,27,L02,53,132,334,131,385,R20,432
400731,R18,223,D18,235,129,267,R17,414,D17,429
400732,R18,156,129,252,R17,297,D17,312,D18,351
400744,R14,118,B10,261,D14,296,125,340,A24,340
400745,125,212,A24,241,R14,249,D14,377,B10,392
400747,124,150,125,333,A24,336,123,605,A22,642
400750,123,176,124,273,A22,471,122,664,125,764
400751,123,76,122,494,124,503,A22,564,121,984
400796,A09,263,112,267,A07,392,A10,662,111,697
400798,A07,156,A09,511,112,515,111,527,A06,605
400799,A07,273,111,360,A06,501,112,742,A09,756
400808,A07,210,111,370,A06,418,A09,675,112,679
400809,A07,135,A09,515,112,519,111,526,A06,584
400810,A07,242,A09,387,112,391,111,613,A06,707
400811,A09,262,112,266,A07,372,A10,661,111,697
400812,A09,182,112,186,A07,470,A10,581,111,753
400814,112,260,A10,287,A09,342,113,363,A11,765
400815,113,262,A10,291,112,387,A09,469,A11,700
400816,113,156,A10,405,112,523,A09,605,A11,628
400854,123,46,124,473,122,484,A22,532,125,960
400856,124,167,123,279,A22,540,125,654,A24,657
400857,124,10,123,443,125,497,A24,500,A22,633
400858,124,162,125,319,A24,322,123,615,A22,679
400860,125,124,A24,127,124,352,R14,531,A25,662
400861,125,78,A24,107,R14,344,A25,486,D14,492
400890,D21,192,R22,242,637,293,638,470,A33,498
400903,420,54,R27,176,142,199,140,267,419,328
400910,A36,95,137,108,228,210,R24,219,E01,248
400913,A34,130,136,184,R23,349,135,358,Q01,428
400915,135,144,A34,166,R23,355,A33,373,136,381
400916,A33,174,135,217,A34,337,134,428,R23,545
400917,A33,50,135,333,134,335,A34,452,R22,519
400919,134,232,A33,253,A32,344,D20,344,133,435
400929,D18,22,130,224,R19,282,R18,429,A30,455
400933,D17,38,R17,53,128,288,R18,409,R16,425
400936,D16,106,724,199,902,211,R16,283,127,304
400938,D15,30,R15,234,D16,413,126,445,902,494
400940,D15,200,D14,283,B10,298,126,332,F12,369
400941,B10,121,D14,276,R14,295,F12,362,D15,378
400943,B10,247,R13,308,125,386,A24,389,R14,389
400948,R14,141,B10,284,125,305,A24,308,D14,319
400950,D14,93,R14,95,126,271,B10,336,R15,345
400951,D14,48,126,185,R14,191,R15,260,A25,333
400953,R15,77,126,262,D15,284,902,297,127,373
401014,125,197,A24,200,R14,280,B10,416,D14,458
401015,125,71,A24,74,R14,380,D14,516,B10,523
401016,125,123,A24,126,124,357,R14,574,A22,671
401021,123,109,122,471,124,479,A22,511,A21,874
401022,123,231,122,378,124,601,A22,633,A21,751
401023,122,238,123,405,A21,628,121,687,124,775
401024,122,147,123,530,121,563,A21,594,124,900
401025,122,280,121,431,A21,518,123,671,A20,774
401026,121,307,122,396,A21,634,A20,650,123,787
401027,121,159,A20,467,122,586,120,618,A21,816
401029,120,311,121,377,A19,678,A20,682,119,830
401030,120,195,121,499,A19,562,119,714,A20,803
401031,120,212,A19,450,119,526,121,701,A18,783
401032,120,330,119,407,A19,568,A18,664,118,807
401033,119,286,120,445,A18,543,A19,683,118,686
401034,119,176,A18,444,120,544,118,576,A19,782
401035,119,165,118,465,A18,489,120,672,A17,740
401036,119,284,118,417,A18,560,A17,617,120,791
401037,A18,358,A17,415,119,502,118,635,A19,789
401038,A18,328,A17,332,119,621,118,712,A16,726
401039,A17,199,A18,485,A16,593,118,599,227,643
401040,A17,149,A16,488,227,588,A18,609,118,610
401044,A16,87,A17,378,226,409,227,602,A15,635
401045,226,176,A16,313,227,456,A17,623,225,719
401047,226,219,225,350,227,493,A16,595,622,794
401051,225,178,224,456,A15,671,226,719,621,762
401052,225,299,224,339,A15,780,226,840,621,883
401055,224,33,225,610,302,628,A14,661,416,929
401056,224,149,302,451,A14,675,416,781,225,792
401069,224,62,225,583,302,658,A14,663,416,987
401070,224,229,225,416,302,824,A14,829,A15,848
401074,225,228,226,347,227,644,A16,689,A15,723
401078,A16,219,226,268,227,481,A17,530,A15,699
401079,A16,73,A17,384,226,405,227,618,A15,629
401084,A17,269,A18,407,A16,659,118,660,119,698
401085,A18,307,A17,349,119,598,118,725,A19,735
401086,A18,354,119,424,A17,473,118,617,A19,775
401087,A18,207,119,340,A17,609,A19,628,118,719
401088,A18,420,A19,428,119,556,120,584,A17,844
401090,A19,345,120,372,A20,593,121,688,A18,757
401091,A19,466,A20,477,120,493,121,571,A18,878
401092,A20,312,121,404,A19,652,120,679,A21,729
401093,A20,318,121,367,A21,551,122,717,A19,856
401096,122,423,A21,425,123,601,A22,601,124,774
401099,A22,244,123,286,124,398,A21,735,122,741
401100,124,224,A22,363,123,365,125,664,A24,667
401102,124,148,125,358,A24,361,123,601,A22,725
401139,M18,328,F16,363,F15,373,D22,558,M19,775
401140,F16,408,M18,456,F15,501,D22,686,M19,903
401149,M18,430,F16,455,F15,488,D22,681,M19,898
401150,M18,269,F15,327,F16,376,D22,520,M19,737
401168,F16,281,D22,459,M19,676,F15,692,M21,708
401169,F16,179,D22,518,F15,590,M18,615,M19,735
401183,L06,83,L05,440,635,759,L03,789,636,902
401191,L05,38,635,279,L03,309,L06,360,R20,429
401192,L05,128,L06,201,635,447,L03,477,636,590
401193,L06,33,L05,310,635,629,L03,659,636,772
401194,L06,83,L05,428,635,747,L03,777,636,890
401202,F15,294,F14,321,M18,360,M19,722,637,734
401206,F15,173,M18,218,F16,282,D22,366,M19,561
401208,F16,164,D22,513,F15,555,M18,600,M19,730
401209,F16,349,D22,507,M21,663,M20,689,640,703
401210,M21,496,F16,515,640,536,M20,556,D22,587
401220,133,376,L01,435,132,481,A32,536,D20,536
401223,L01,28,A31,90,132,287,131,420,L02,452
401224,A31,100,L01,219,131,229,A30,388,132,478
401225,A30,219,A31,266,131,339,130,351,L01,385
401226,A30,30,130,243,A31,457,D18,457,129,472
401227,A30,88,129,350,130,360,A28,528,A31,574
401229,129,231,A30,259,A28,350,128,475,130,531
401231,A28,7,128,298,D17,445,R17,460,A27,481
401232,A28,161,A27,326,127,427,725,434,128,444
401239,A25,125,126,250,D14,263,R14,403,R15,451
401245,A22,275,124,318,125,486,A24,489,123,658
401248,A22,89,A21,448,123,501,124,664,125,832
401250,A21,145,A22,391,A20,589,122,707,123,804
401252,A21,83,A20,354,A22,618,122,665,121,830
401253,A20,177,A21,240,121,653,A19,696,A22,775
401254,A20,37,A21,374,121,545,A19,555,A22,908
401255,A20,91,A19,423,A21,502,121,609,A18,852
401256,A20,199,A19,310,A21,610,121,717,A18,740
401257,A19,195,A20,316,A18,625,120,653,A21,727
401258,A19,91,A20,434,A18,521,120,549,A21,845
401259,A19,61,A18,392,A20,598,120,620,A17,820
401261,A18,144,A19,302,A17,575,119,711,A20,851
401262,A18,28,A19,412,A17,459,119,602,227,850
401263,A18,88,A17,339,A19,529,119,597,227,730
401264,A18,214,A17,230,A16,655,A19,655,227,671
401265,A17,120,A18,349,A16,545,227,553,118,728
401266,A17,82,A18,407,227,499,A16,507,118,712
401267,A17,77,A16,343,227,469,A18,579,226,700
401268,A17,204,A16,224,227,549,226,581,A18,706
401269,A16,29,A17,403,226,449,A15,585,227,660
401270,A16,129,A15,436,226,532,A17,563,227,745
401271,A16,231,A15,336,226,615,A17,665,225,698
401272,A15,241,A16,400,225,532,226,740,116,745
401274,A15,223,225,582,A14,602,A16,652,116,753
401275,A15,324,A14,500,225,691,A16,761,224,764
401276,A14,421,A15,437,224,649,225,809,A16,879
401277,A14,297,224,525,A15,558,225,930,A12,933
401281,A14,453,A12,521,D13,521,302,625,301,705
401282,A12,439,D13,439,302,510,A14,569,301,590
401286,D12,249,301,548,A11,551,A12,846,D13,846
401287,D12,173,A11,477,301,611,A12,834,D13,834
401288,D12,325,A11,629,301,809,A12,986,D13,986
401294,132,102,L02,180,L01,246,D19,258,131,275
401301,134,212,A33,298,135,446,A34,646,133,688
401302,134,164,A33,455,133,533,A32,575,D20,575
401305,D12,156,A11,458,301,641,A12,815,D13,815
401306,D12,230,A11,532,301,567,A12,843,D13,843
401307,D12,326,301,445,A11,653,A12,721,D13,721
401308,301,344,D12,423,A12,620,D13,620,302,731
401310,A12,365,D13,365,302,456,301,536,A14,623
401311,A14,446,A12,508,D13,508,302,632,301,712
401312,A14,328,A12,617,D13,617,224,674,302,748
401313,A14,211,224,557,A12,720,D13,720,A15,808
401314,A14,224,224,472,A15,612,A12,873,D13,873
401315,A14,344,A15,489,224,592,225,873,A16,943
401317,A15,285,A14,501,225,679,A16,749,224,785
401324,A17,100,A16,324,227,492,A18,592,226,691
401325,A17,31,A16,386,227,483,A18,523,118,702
401326,A17,162,A18,303,A16,587,227,621,A19,739
401327,A18,200,A17,246,A19,635,A16,671,227,674
401328,A18,45,A17,396,A19,474,119,585,227,797
401329,A18,91,A19,357,A17,515,119,646,A20,906
401330,A18,212,A19,228,A17,640,119,760,A20,777
401331,A19,63,A18,358,A20,613,120,634,A17,787
401333,A19,145,A20,397,A18,559,120,585,A21,804
401334,A19,252,A20,277,A18,670,A21,688,120,696
401335,A20,158,A19,369,A21,573,121,664,A18,790
401336,A20,58,A19,469,A21,477,121,566,A18,895
401337,A20,90,A21,330,121,556,A19,619,A22,864
401339,A21,75,A20,405,A22,588,122,636,121,870
401341,A21,202,A22,354,A20,646,122,655,123,765
401342,A22,179,A21,379,123,582,124,755,122,803
401343,A22,44,123,473,A21,502,124,620,125,798
401344,A22,79,124,497,123,536,A21,622,125,679
401345,A22,201,124,381,125,567,A24,570,123,591
401348,124,236,125,242,A24,245,R14,649,123,689
401358,127,144,725,168,R16,204,902,287,128,332
401359,128,209,127,264,725,288,R16,314,D17,325
401360,128,37,A28,250,D17,260,R17,275,129,317
401361,129,157,128,158,R17,397,D17,411,A28,417
401363,129,35,130,279,128,333,R18,390,A30,403
401364,130,104,129,209,A30,228,D18,318,131,391
401366,131,89,130,200,A31,409,132,412,D18,414
401371,133,171,132,308,A32,331,D20,331,L01,465
401372,133,70,A32,230,D20,230,132,388,L02,530
401373,133,90,A32,239,D20,239,134,397,132,530
401374,134,196,133,285,A32,400,D20,400,A33,476
401375,134,108,133,372,A33,376,A32,408,D20,408
401377,134,115,A33,159,135,346,A34,575,133,595
401379,135,63,A34,293,A33,361,134,407,136,407
401380,136,27,A34,205,135,307,137,411,R23,463
401381,137,106,136,279,A36,283,228,406,R24,419
401386,L01,257,A31,366,132,459,L02,685,133,710
401387,L01,247,A31,365,132,401,133,598,L02,669
401388,L01,310,A31,428,132,430,133,505,A32,671
401393,L01,372,132,484,133,490,A31,490,A32,650
401398,A30,560,130,723,A31,731,131,816,L01,849
401400,A30,511,726,734,130,762,129,788,A28,940
401401,A30,586,726,657,129,711,130,837,A28,867
401402,726,503,A28,639,128,775,129,790,A30,807
401404,726,340,A28,453,128,673,D17,865,R17,880
401407,A27,450,725,708,726,714,902,722,127,740
401408,A27,612,A25,718,R15,788,902,834,725,883
401409,A25,595,R15,665,A27,732,126,761,D15,878
401410,A25,470,126,635,R15,705,A27,843,D14,876
401411,A25,578,D14,682,126,714,R14,822,125,871
401412,R14,700,125,711,A24,714,A25,721,D14,804
401413,125,611,A24,614,R14,701,124,724,A25,795
401414,125,473,A24,476,124,539,123,752,R14,813
401416,124,353,125,549,A24,552,123,566,A22,950
401417,124,231,123,406,125,663,A24,666,A22,790
401435,119,288,118,378,A18,612,A17,613,117,755
401436,118,263,A17,438,119,469,117,599,A18,793
401438,118,374,117,389,A17,530,119,650,A16,730
401440,117,255,118,603,A16,716,A17,755,116,842
401441,117,386,A15,658,116,673,A16,732,118,734
401442,117,522,A15,556,116,571,A16,690,118,870
401443,116,353,A15,417,117,828,A16,842,225,913
401444,116,306,A15,386,A16,838,115,878,225,900
401448,115,507,116,509,A14,573,A15,618,A12,914
401453,133,280,A32,440,D20,440,134,496,L01,612
401457,115,502,116,504,A14,578,A15,633,A12,919
401463,117,440,116,616,A15,618,A16,692,118,788
401464,117,306,118,654,116,714,A15,716,A16,722
401465,117,250,118,533,A17,628,A16,666,119,808
401466,117,316,118,423,A17,549,119,698,A16,702
401467,118,311,117,438,A17,486,119,586,A16,799
401469,A17,268,118,478,A18,622,A16,654,119,692
401470,A17,356,A18,506,118,546,119,576,A16,758
401489,125,333,A24,336,124,413,R14,557,A25,691
401490,125,406,A24,409,R14,472,124,545,A25,564
401491,A25,467,R14,474,125,518,A24,521,D14,553
401492,A25,288,126,427,D14,538,R15,627,R14,677
401493,A25,254,126,419,R15,513,A27,650,D14,658
401495,A27,419,A25,501,R15,572,902,641,126,668
401496,A27,335,902,570,A25,601,725,608,127,629
401497,A27,232,725,490,902,504,127,511,R16,595
401500,A28,270,726,500,128,571,A27,629,D17,698
401501,A28,252,128,463,726,589,D17,664,R17,679
401502,A28,501,129,523,A30,537,128,651,726,689
401503,A30,428,129,460,A28,616,130,679,128,768
401506,A31,431,A30,464,131,514,L01,522,130,627
401507,A31,317,L01,408,131,452,A30,579,132,712
401528,133,553,134,686,A32,713,D20,713,L01,864
401529,133,450,A32,610,D20,610,134,673,L01,744
401531,133,161,A32,321,D20,321,132,480,134,532
401532,133,80,A32,240,D20,240,132,378,L02,519
401533,133,191,A32,251,D20,251,132,367,L02,412
401535,A32,174,D20,174,133,219,132,340,L02,351
401536,A32,153,D20,153,133,296,L02,399,132,435
401538,R21,321,A32,336,D20,336,636,417,133,479
401542,636,134,R21,269,L05,455,635,518,L03,548
401543,636,256,R21,391,L05,448,F14,552,L06,605
401544,L06,446,636,486,F14,575,R21,621,L05,658
401545,L06,460,636,600,F14,689,R21,735,L05,772
401547,L06,363,636,703,L05,705,F14,819,R21,874
401554,L06,343,L05,685,636,687,F14,803,R21,856
401555,L06,412,636,627,L05,703,F14,734,R21,779
401556,L06,396,636,458,L05,534,R21,610,F14,621
401557,636,273,L05,409,R21,425,L06,566,635,577
401558,636,168,R21,304,L05,378,635,456,L03,486
401559,636,83,R21,219,635,371,L03,401,L05,436
401561,R21,288,636,360,L03,399,R20,453,635,490
401562,A32,367,D20,367,R21,424,133,459,L02,496
401563,A32,195,D20,195,133,287,L02,324,132,404
401564,A32,182,D20,182,133,205,132,370,L02,375
401565,133,62,A32,206,D20,206,132,448,L02,516
401566,133,59,A32,219,D20,219,132,463,134,523
401567,133,146,A32,306,D20,306,134,490,132,550
401568,133,240,A32,400,D20,400,134,456,132,644
401569,133,364,A32,524,D20,524,134,580,L01,738
401570,133,442,A32,602,D20,602,134,631,L01,816
401575,L01,37,A31,145,132,251,L02,396,131,424
401577,L02,28,D19,124,132,308,L03,413,L01,452
401578,L03,179,R20,233,L02,251,635,270,D19,347
401579,L03,59,R20,133,635,150,L02,367,L05,406
401608,L01,258,132,362,A31,375,133,433,A32,593
401609,L01,123,A31,241,132,255,133,481,L02,547
401610,L06,301,L05,646,636,706,F14,824,R21,875
401611,L06,413,636,644,F14,710,L05,758,R21,779
401612,F14,537,L06,580,F15,624,M18,687,636,725
401613,F14,363,F15,450,M18,513,637,716,L06,747
401656,F14,416,F15,499,M18,562,L06,698,637,769
401657,F14,536,L06,584,F15,619,M18,682,636,733
401659,L06,252,L05,597,636,738,635,870,F14,875
401664,R27,176,142,249,140,251,M23,355,420,359
401665,230,321,M23,324,R27,352,142,425,140,427
401666,230,246,M23,353,419,404,229,468,R27,471
401667,230,311,229,378,A38,474,M23,486,M22,491
401669,229,409,A38,491,M22,506,640,554,M21,589
401670,229,557,640,590,M21,625,M22,625,A38,639
401675,F16,203,D22,483,F15,542,M18,592,M19,700
401679,F15,173,M18,239,M19,325,D22,416,F14,416
401681,F14,213,F15,377,M18,443,M19,529,D22,619
401682,F14,160,F15,527,637,539,M18,590,D21,648
401685,L06,392,636,478,F14,571,L05,607,R21,613
401686,L06,220,L05,435,636,578,635,710,F14,744
401687,L06,137,L05,350,635,661,R20,681,L03,709
401688,L06,256,L05,455,635,769,R20,784,L03,814
401689,L06,421,L05,640,634,725,635,938,R19,945
401691,633,715,L06,769,634,778,L05,964,R19,980
401698,723,538,631,599,901,773,F11,923,630,937
401699,723,641,631,702,F11,800,630,814,901,876
401703,F11,457,R11,718,629,729,630,729,B08,938
401704,R11,562,629,574,F11,598,B08,782,630,870
401706,B08,539,Q03,638,R11,724,628,734,629,769
401707,Q03,454,628,550,B08,713,R11,867,629,941
401708,Q03,275,628,605,627,878,B08,889,R11,1043
401711,627,503,Q03,515,Q04,734,626,1040,628,1048
401715,Q04,217,626,525,Q05,748,625,1039,627,1065
401745,624,404,Q05,563,623,569,622,886,625,909
401748,Q05,82,625,428,624,609,Q04,731,623,1019
401749,Q05,55,625,376,Q04,593,624,721,626,889
401753,Q04,51,626,347,Q05,536,625,826,627,896
401756,627,371,Q03,394,Q04,490,626,786,628,916
401758,Q03,198,627,403,Q04,691,628,717,626,987
401760,Q03,132,628,371,B08,675,627,728,R11,811
401761,Q03,256,628,345,B08,546,R11,682,629,756
401762,Q03,387,B08,423,628,476,R11,557,629,631
401763,B08,291,R11,451,Q03,517,629,518,628,605
401764,R11,263,629,334,B08,407,F11,588,Q03,698
401765,F11,332,R11,472,629,473,630,604,B08,680
401768,F11,344,630,378,723,751,631,812,F12,847
401769,723,516,F11,533,630,566,631,580,901,746
401771,723,306,631,377,901,553,724,766,F11,823
401772,723,495,631,566,901,742,632,779,724,955
401774,632,481,633,755,723,809,631,880,D17,952
401775,632,520,633,573,634,877,R18,930,723,977
401778,634,528,633,577,L05,710,R19,730,632,873
401779,634,456,L05,574,R19,664,633,716,L06,741
401780,L05,406,634,570,L06,573,635,714,R20,729
401781,L05,238,L06,405,635,546,R20,561,L03,597
401782,L05,96,L06,263,635,407,L03,455,R20,532
401784,636,290,L05,411,R21,425,L06,568,F14,570
401785,636,380,F14,402,R21,495,637,546,L05,574
401786,F14,227,637,371,636,508,D21,535,M19,584
401787,F14,54,D21,432,M19,433,637,452,D22,524
401793,F16,261,D22,403,F15,591,M19,624,M18,636
401797,229,434,640,506,A38,516,M22,537,M21,541
401800,230,248,229,382,M23,423,A38,459,419,474
401802,R27,277,230,309,M23,314,142,350,140,372
401806,M21,229,640,269,M20,312,Q01,323,639,370
401808,640,28,M21,50,R24,267,M22,386,A36,387
401814,A27,404,725,652,902,676,127,684,726,712
401818,A28,179,128,438,726,580,D17,591,R17,606
401819,A28,33,128,252,D17,405,R17,420,A27,521
401821,D17,29,R17,44,128,277,R18,380,A28,440
401822,D17,272,R17,287,632,289,R18,494,128,520
401824,632,117,633,394,D17,528,R17,543,631,562
401826,632,383,723,657,633,660,631,722,D17,794
401827,632,501,723,775,633,778,631,840,D17,912
401832,634,467,L05,649,R19,669,633,721,L06,735
401840,632,308,723,562,633,585,631,630,D17,719
401842,632,106,633,383,D17,463,R17,478,631,551
401844,D17,237,R17,252,632,368,128,487,R18,493
401847,128,109,A28,170,D17,264,R17,279,129,397
401848,A28,19,128,298,D17,453,R17,468,A27,507
401850,A27,91,725,198,127,217,R16,314,902,352
401851,A27,58,725,318,902,330,127,348,R16,421
401852,A27,250,725,508,902,522,127,540,R16,613
401853,A27,468,726,655,725,726,902,740,127,758
401867,A21,242,122,480,A20,572,121,698,A22,776
401868,A21,73,A20,403,A22,590,122,616,121,854
401870,627,450,626,787,A21,821,628,996,Q03,1037
401875,627,449,Q03,472,Q04,478,626,796,628,995
401883,627,390,Q04,466,Q03,470,626,717,628,936
401884,627,215,626,542,Q04,627,Q03,631,628,761
401887,627,345,626,662,628,891,Q04,928,Q03,932
401890,A21,104,A20,414,122,608,A22,638,121,830
401893,122,28,123,511,121,518,A21,747,124,938
401897,121,111,122,505,A20,521,120,634,A21,815
401898,A20,294,121,323,A21,588,122,717,A19,822
401899,A20,53,A21,357,121,528,A19,581,A22,891
401901,626,431,Q04,695,627,721,A20,899,A21,914
401905,626,53,Q04,210,627,593,625,637,Q05,800
401906,Q04,97,626,184,Q05,687,627,724,625,768
401919,Q04,199,626,507,Q05,789,627,1047,Q03,1069
401920,Q04,26,626,266,Q05,606,627,816,625,840
401921,626,100,Q04,169,627,650,625,674,Q05,749
401922,626,61,Q04,337,627,611,625,645,Q05,908
401925,626,355,Q04,631,A20,809,627,902,A21,930
401926,626,538,A20,642,Q04,805,A21,946,627,951
401927,A20,114,A21,428,121,466,A19,642,122,880
401929,121,142,A20,465,122,556,120,656,A21,779
401930,121,87,122,452,120,581,A20,648,123,935
401933,120,158,119,545,A19,628,121,679,118,982
401934,120,105,A19,499,119,500,121,597,118,900
401935,120,202,A19,381,119,598,121,695,A18,799
401936,A19,166,120,402,A18,584,A20,715,119,798
401937,A19,13,A18,431,120,557,A20,562,A17,859
401941,625,44,Q05,268,624,477,626,631,Q04,895
401942,Q05,124,625,195,624,590,Q04,745,626,802
401943,Q05,42,625,366,Q04,656,624,711,626,973
401948,624,184,623,483,Q05,589,625,687,622,798
401950,624,472,623,586,Q05,631,622,896,625,996
401957,625,148,Q05,154,624,561,626,755,Q04,800
401958,625,64,Q05,269,624,477,626,651,623,901
401961,625,456,Q05,658,624,740,A19,766,A18,934
401964,120,198,A19,406,119,574,121,691,A18,804
401965,120,106,119,481,A19,522,121,598,118,881
401966,120,246,119,484,A19,713,121,764,118,853
401970,624,430,623,524,Q05,615,622,867,625,954
401971,624,296,623,390,Q05,703,622,733,625,820
401977,119,164,118,241,117,618,120,691,A18,729
401988,226,55,227,309,A16,531,622,564,225,597
401989,226,231,622,388,227,485,A16,707,623,728
401990,622,205,226,400,623,545,227,622,621,741
401991,622,144,226,461,623,484,621,680,227,683
401992,622,9,623,333,621,544,226,604,624,763
402003,622,10,623,350,621,526,226,623,624,781
402004,622,81,623,431,226,515,621,607,227,749
402005,622,274,226,322,227,556,623,624,A16,798
402006,226,250,622,350,227,484,623,700,A16,726
402016,A18,371,A17,428,119,486,118,607,A19,806
402017,119,272,118,349,A18,621,A17,678,117,726
402018,119,171,118,283,117,660,120,704,A18,742
402022,A33,173,134,217,A32,418,D20,418,D21,501
402023,A33,267,134,342,D21,382,R22,433,A32,537
402024,D21,250,R22,300,A33,398,637,410,134,473
402026,D21,10,R22,124,637,170,638,310,F14,496
402028,D21,160,637,181,R22,294,F14,323,638,347
402030,F14,194,D21,288,637,314,M19,314,R22,421
402032,F14,276,F15,335,M18,401,637,691,D21,721
402033,M18,374,F14,384,F15,410,637,809,D21,839
402034,M18,462,F14,472,F15,498,F16,878,637,897
402067,F14,402,M18,449,F15,486,637,816,D21,891
402068,F14,233,F15,372,M18,435,637,648,D21,721
402069,F14,108,F15,490,637,531,M18,553,D21,597
402071,637,225,F14,228,D21,263,M19,378,R22,397
402080,137,285,A36,455,228,546,138,547,E01,548
402082,M22,169,A38,184,640,212,M21,234,229,245
402085,229,428,640,475,M22,506,M21,510,A38,521
402087,M21,609,640,649,M20,671,F16,678,Q01,723
402088,M21,576,F16,608,640,616,M20,638,Q01,690
402090,F16,360,D22,623,M21,784,640,824,F15,826
402091,F16,211,D22,669,F15,677,M18,702,M19,886
402092,F16,125,F15,588,M18,613,D22,753,M19,970
402093,F16,205,F15,624,M18,661,D22,789,M19,1006
402107,F16,254,M18,589,F15,638,D22,823,M19,1040
402108,F16,166,F15,629,M18,654,D22,794,M19,1011
402109,F16,113,F15,579,M18,604,D22,744,M19,961
402110,F16,215,D22,661,F15,681,M18,706,M19,878
402111,F16,399,D22,634,M21,747,640,787,M20,809
402112,F16,577,M21,585,640,625,M20,647,Q01,699
402118,R24,103,640,168,M21,190,A36,223,137,236
402119,A36,101,137,114,R24,212,228,217,E01,254
402120,137,28,A36,214,228,330,R24,350,E01,356
402124,A30,430,130,593,A31,796,D18,807,L01,887
402125,A30,242,130,384,A31,587,D18,598,131,683
402126,A30,98,130,175,D18,389,A31,443,131,474
402127,130,13,D18,190,A30,287,131,302,129,320
402128,D18,74,R19,184,130,276,634,410,D19,511
402130,R19,38,634,189,D18,290,R18,404,633,443
402132,634,57,R19,259,633,311,D18,511,635,554
402134,634,300,R19,502,633,554,L05,633,D18,754
402142,L06,421,L05,646,634,758,R19,960,635,962
402143,634,557,L06,669,L05,739,R19,759,633,799
402144,634,377,R19,579,633,619,L05,676,D18,831
402145,634,244,R19,446,633,486,L05,644,D18,698
402152,D18,33,130,181,R19,304,A30,435,129,468
402153,130,51,A30,215,D18,265,129,348,131,350
402154,A30,93,130,255,A31,458,D18,469,129,552
402155,A30,278,130,461,A31,664,D18,675,129,736
402165,A25,425,126,590,R15,723,D14,829,A27,866
402166,A25,239,126,404,R15,529,D14,642,A27,680
402167,A25,45,126,146,R15,279,D14,386,A27,486
402169,D15,137,126,324,R15,331,D14,391,B10,406
402171,F12,223,D15,349,630,407,126,544,R15,551
402172,F12,272,630,281,D15,480,901,491,F11,535
402173,630,82,F11,290,723,498,F12,548,631,562
402174,630,212,F11,226,723,628,F12,678,631,692
402175,F11,332,630,336,723,752,F12,802,631,816
402185,630,216,F11,279,723,516,631,580,F12,680
402186,630,148,F11,401,723,444,631,492,F12,545
402188,F12,322,D15,380,630,383,901,446,R15,578
402189,D15,248,F12,311,R15,443,630,504,724,528
402191,D15,82,R15,223,126,330,D14,436,A25,460
402194,A25,303,126,471,R15,485,A27,630,D15,696
402195,A25,481,126,649,R15,663,A27,808,D15,874
402214,629,200,R11,266,F11,351,630,392,B08,443
402215,F11,310,R11,340,629,341,630,533,B08,544
402216,F11,402,R11,479,629,482,630,674,B08,685
402217,F11,581,R11,650,629,661,630,853,B08,864
402218,F11,654,R11,723,629,734,630,926,B08,937
402221,F11,446,630,719,R11,759,629,769,F12,945
402222,F11,516,R11,583,629,586,630,788,B08,789
402223,F11,390,R11,400,629,401,B08,604,630,613
402224,629,240,R11,300,F11,310,630,452,B08,483
402228,R13,220,B10,244,F12,337,R14,515,629,557
402229,B10,72,R14,267,R13,377,D14,405,A24,549
402233,125,383,A24,386,R14,517,124,522,A25,615
402269,A22,68,123,450,A21,500,124,623,125,822
402292,628,237,Q03,249,627,317,B08,573,R11,762
402293,Q03,114,628,374,627,452,B08,662,R11,818
402295,Q03,197,628,721,627,799,B08,1006,Q04,1091
402300,Q03,179,628,317,627,377,B08,653,R11,836
402301,628,264,Q03,298,627,324,B08,610,629,794
402328,R11,702,629,705,F11,795,B08,922,630,1074
402330,B08,661,R11,817,Q03,863,629,891,628,952
402331,Q03,687,628,776,B08,825,R11,981,629,1055
402355,B08,660,R11,816,Q03,868,629,890,628,955
402446,R13,150,B10,317,F12,355,629,489,R11,567
402504,621,188,225,451,622,711,226,992,A15,1014
402505,621,302,225,331,622,825,226,873,A15,895
402506,225,267,621,365,226,808,A15,830,224,857
402507,225,55,A15,527,226,598,224,647,621,667
402508,225,271,A15,311,A16,662,226,812,116,859
402509,A15,105,225,469,A16,529,116,653,A14,744
402510,A15,63,116,551,A16,555,225,577,A14,696
402512,116,237,A15,385,A16,817,225,887,115,895
402517,115,342,A14,490,116,631,A15,740,114,754
402518,115,223,114,590,A12,619,D13,619,A14,646
402519,115,314,114,476,A12,505,D13,505,A14,532
402520,114,306,A12,335,D13,335,115,433,A14,663
402521,A12,201,D13,201,114,245,115,557,A11,663
402526,A11,153,113,294,D12,403,A10,430,A12,638
402535,A07,268,A09,381,112,385,111,592,A06,731
402634,632,349,633,433,634,736,R18,789,723,804
402638,113,219,A10,270,A11,285,D12,533,A09,678
402639,A11,181,113,268,A10,404,D12,431,A12,666
402641,A11,275,113,489,A12,493,D13,493,D12,592
402642,A12,365,D13,365,A11,439,114,457,113,653
402643,A12,277,D13,277,114,351,A11,551,115,663
402644,114,236,A12,285,D13,285,115,469,A14,717
402645,114,361,115,378,A12,410,D13,410,A14,609
402646,115,244,114,529,A12,578,D13,578,A14,603
402647,115,222,A14,601,114,640,A12,683,D13,683
402653,A15,297,116,331,A16,723,225,793,A14,930
402656,A15,69,225,504,A16,563,116,617,A14,708
402657,A15,182,225,393,A16,533,116,730,A14,821
402658,225,171,A15,402,226,714,A16,745,224,783
402659,225,44,621,584,226,586,A15,618,224,655
402660,225,267,621,362,226,808,A15,840,224,877
402661,621,244,225,389,622,767,226,930,A15,962
402666,636,206,R21,321,637,468,L05,528,F14,559
402670,L05,287,635,450,R20,463,L03,498,634,516
402673,633,303,634,487,632,595,R19,689,R18,698
402674,633,356,632,422,634,659,R18,712,R19,861
402677,723,382,631,453,632,567,901,629,724,842
402678,723,271,631,342,901,518,632,679,724,731
402679,723,166,631,227,901,401,724,624,630,632
402680,723,289,631,350,630,506,F11,518,901,524
402681,630,335,F11,347,723,462,631,523,901,697
402682,630,212,F11,224,723,580,631,641,F12,679
402687,B08,241,628,304,R11,397,629,468,Q03,526
402688,628,160,B08,379,Q03,382,R11,535,629,606
402689,628,189,Q03,284,B08,476,627,571,R11,632
402691,627,227,Q03,353,628,570,626,813,Q04,831
402692,627,151,Q03,481,626,688,628,697,Q04,702
402696,626,284,Q04,298,625,542,Q05,556,627,838
402697,625,381,Q05,395,626,456,Q04,470,624,810
402705,623,257,622,299,624,684,227,806,621,825
402723,A15,156,116,470,A16,628,225,652,A14,789
402740,A09,411,112,476,A10,589,A07,688,111,832
402741,A09,513,112,578,A07,610,A10,691,111,724
402744,111,364,A07,742,A06,781,A09,932,110,936
402748,110,400,111,563,A06,1031,A05,1039,109,1092
402749,110,287,111,727,109,971,A05,1019,A06,1195
402753,M20,377,D22,385,Q01,429,639,473,M19,474
402755,D22,104,M19,135,M20,444,638,445,639,455
402757,M19,50,638,279,D22,282,F14,458,F15,460
402760,F14,227,D21,290,M19,313,637,314,R22,423
402762,637,313,636,338,F14,404,R21,442,D21,485
402764,110,394,111,554,A06,1022,A05,1028,109,1085
402769,111,493,A07,601,A09,793,112,856,A06,888
402772,A09,404,112,467,A10,598,A07,678,111,834
402774,A09,241,112,251,A10,382,113,819,A11,823
402805,621,205,622,338,623,679,225,825,226,931
402809,622,149,623,205,624,636,621,675,227,734
402811,623,58,624,393,622,401,227,713,625,915
402819,625,122,Q05,384,626,462,624,590,Q04,728
402826,627,111,626,468,628,657,Q03,691,Q04,734
402831,628,57,B08,403,Q03,418,627,454,629,587
402835,B08,122,629,126,R11,131,628,453,R13,539
402838,629,249,630,295,F11,314,R11,325,B08,502
402841,630,161,723,387,F11,416,631,435,901,601
402842,723,271,630,279,631,319,901,485,F11,534
402843,723,158,631,206,901,372,630,392,724,595
402845,723,160,631,208,901,384,632,518,724,597
402846,723,285,631,333,632,384,901,509,633,663
402851,633,160,632,408,634,414,R18,526,R19,594
402852,633,235,634,298,R19,482,632,530,R18,615
402854,634,279,R19,481,633,498,L05,632,D18,733
402856,L05,230,635,373,R20,386,L03,421,L06,563
402857,L02,246,L03,248,R20,301,635,339,D19,340
402858,636,224,L05,300,R21,343,635,390,L03,420
402861,637,288,636,291,R21,406,F14,435,D21,460
402862,637,156,F14,291,D21,328,636,414,M19,462
402863,F14,275,D21,278,637,303,M19,306,R22,411
402864,M19,163,638,322,R22,361,D22,395,F14,418
402865,M19,34,D22,206,638,338,F15,481,M18,526
402867,D22,117,M19,206,M20,388,639,444,Q01,445
402868,M20,302,D22,335,Q01,354,639,398,M19,424
402869,M20,407,D22,440,Q01,459,639,503,M19,529
402870,M21,426,640,466,M20,488,Q01,540,639,584
403038,124,442,123,562,122,909,125,929,A24,932
403047,B10,179,R13,240,R14,418,125,453,A24,456
403076,124,453,123,536,122,891,A22,937,125,940
403103,123,155,122,389,124,550,A22,597,121,849
403104,122,242,123,296,124,694,121,702,A22,741
403106,122,45,121,448,123,561,A21,706,124,959
403107,122,227,121,268,A21,699,123,742,120,791
403108,121,146,122,340,120,669,A20,707,A21,812
403109,121,3,122,474,120,527,A20,579,A21,935
403110,121,115,120,401,122,592,A20,624,119,925
403111,120,216,121,285,119,740,122,762,A19,786
403112,120,99,121,413,119,623,A19,669,122,890
403114,119,260,120,288,118,660,A18,715,A19,729
403115,119,117,120,418,118,516,A18,579,A19,859
403116,119,7,118,407,120,521,A18,533,117,783
403117,118,191,119,198,117,568,120,724,A18,738
403118,118,75,119,313,117,451,A17,692,120,840
403119,118,45,117,329,119,427,A17,603,120,954
403122,117,31,118,379,116,680,119,761,A16,820
403127,116,95,A15,640,115,753,117,763,A16,1072
403132,D15,116,R15,320,126,321,D14,388,B10,403
403139,A15,142,116,490,A16,613,225,658,A14,765
403145,116,370,117,425,A15,708,118,773,A16,971
403147,117,71,118,388,116,691,119,768,A16,873
403148,117,146,118,269,119,649,A17,784,116,821
403149,118,154,117,269,119,534,A17,720,116,945
403151,118,120,119,319,117,487,A17,729,120,862
403152,119,124,118,303,120,656,117,680,A18,694
403153,119,18,118,413,120,551,A18,588,117,790
403154,119,104,120,434,118,537,A18,599,A19,904
403155,119,231,120,322,118,664,A18,720,A19,792
403158,120,97,121,452,119,627,A19,710,122,898
403159,120,212,121,327,119,741,122,773,A19,825
403160,121,210,120,336,122,656,A20,720,119,865
403161,121,96,120,458,122,542,A20,610,119,988
403162,121,107,122,410,120,601,A20,668,123,892
403163,121,232,122,291,120,726,123,773,A20,793
403164,122,179,121,354,123,661,A21,683,120,848
403165,122,55,123,458,121,545,A21,774,124,886
403166,122,225,123,281,124,709,121,715,A22,766
403167,123,158,122,353,124,586,A22,643,121,843
403168,123,49,124,452,122,487,A22,509,125,939
403169,123,166,124,279,A22,510,122,657,125,766
403192,726,356,A28,409,128,668,D17,821,R17,836
403216,632,500,723,754,633,777,631,819,D17,911
403238,A27,164,725,404,127,434,902,436,R16,509
403239,A27,23,725,251,127,272,902,294,R16,367
403240,127,123,902,125,725,131,A27,159,R16,198
403241,902,103,D16,141,R16,174,127,182,725,200
403242,D16,94,724,121,902,228,R16,265,127,286
403245,723,37,631,108,901,283,724,496,630,585
403246,723,154,631,225,901,400,724,613,630,702
403247,723,308,631,379,901,555,724,768,F11,825
403248,723,513,631,584,901,760,724,973,F11,1001
403251,723,414,631,475,901,649,724,872,F11,911
403252,723,253,631,314,901,487,724,710,630,781
403253,723,104,631,160,901,333,724,557,630,628
403254,723,7,631,76,901,249,724,473,630,529
403257,724,102,901,154,D16,272,631,308,902,377
403259,902,99,127,117,725,125,A27,164,R16,190
403267,227,288,623,420,226,588,A17,646,622,719
403271,124,76,123,378,A22,560,125,566,A24,569
403276,A15,219,225,588,A14,588,A16,658,116,749
403292,116,314,A15,414,117,876,A16,890,225,916
403311,R22,70,D21,79,637,238,638,304,R21,529
403312,133,250,A32,410,D20,410,134,554,132,582
403313,133,366,A32,526,D20,526,134,623,L01,660
403316,633,147,634,166,R19,314,632,439,R18,468
403317,F15,162,M18,207,F16,291,D22,377,M19,570
403318,F15,54,M18,99,F16,404,M19,442,D22,488
403319,F15,92,M18,158,F14,518,M19,520,F16,541
403320,F14,290,F15,373,M18,436,637,714,D21,778
403323,D21,290,R22,340,637,391,A33,411,134,445
403338,301,197,D12,579,302,581,A11,875,414,892
403342,Q05,160,625,454,Q04,483,626,779,624,827
403350,M21,386,M20,423,640,426,Q01,475,639,519
403354,902,39,R16,130,127,136,725,154,D16,210
403362,A19,251,120,407,A18,579,119,715,A20,800
403372,123,402,A22,421,A21,570,124,575,122,591
403373,112,265,A09,266,A07,508,A10,662,113,684
403374,112,333,A09,415,A10,495,113,509,A07,714
403375,A10,389,112,396,113,403,A09,478,A07,805
403376,113,307,A10,384,112,480,A09,562,A11,769
403377,113,194,A10,473,112,590,A11,656,A09,672
403392,A17,170,A18,522,A16,560,118,597,227,664
403397,139,444,R26,507,419,551,420,562,138,621
403399,138,334,R25,468,139,520,R26,565,418,592
403416,622,56,623,295,621,582,226,659,624,726
403417,624,132,623,315,625,654,622,658,Q05,783
403418,625,14,Q05,276,624,484,626,577,Q04,834
403419,626,18,Q04,284,627,522,625,613,Q05,875
403421,628,212,Q03,281,627,317,B08,558,629,743
403422,628,45,B08,305,629,490,R11,494,Q03,520
403424,630,59,F11,314,723,489,F12,505,631,537
403425,723,65,631,113,901,289,724,511,630,607
403427,632,303,633,579,723,665,631,736,D17,808
403433,627,288,626,545,Q04,559,Q03,618,628,834
403434,626,160,Q04,174,627,642,625,743,Q05,758
403436,624,320,623,348,622,663,Q05,727,625,825
403439,111,351,A07,668,A06,755,A09,895,110,927
403440,111,174,A07,491,A06,578,A09,718,110,750
403444,136,137,A34,294,137,391,135,396,R23,552
403447,115,261,116,466,A14,627,114,694,A15,875
403454,117,214,116,530,118,562,A15,868,119,944
403456,901,238,631,384,632,417,724,439,723,446
403457,901,66,631,227,724,273,723,289,D16,469
403459,631,27,723,89,901,141,724,354,D16,568
403465,724,94,901,110,631,266,D16,308,723,328
403466,110,223,109,548,111,725,A05,776,A03,858
403472,124,255,123,279,A22,653,125,742,A24,745
403475,F15,211,M18,217,F16,278,D22,396,M19,613
403483,114,35,115,458,A12,468,D13,468,113,754
403487,124,409,123,564,125,896,A24,899,122,939
403488,124,414,123,607,125,825,A24,828,A22,1015
403489,124,179,123,475,125,590,A24,593,A22,780
403491,124,68,125,479,A24,482,123,521,A22,669
403492,124,248,A22,405,125,410,A24,413,123,703
403494,R13,398,B08,484,628,583,629,669,R11,672
403495,628,250,B08,541,R13,702,629,725,Q03,725
403497,628,57,B08,338,Q03,466,R11,527,629,532
403503,Q03,445,628,535,B08,649,R11,808,629,894
403504,Q03,317,628,348,B08,465,R11,621,629,707
403505,628,225,B08,342,Q03,425,R11,498,629,584
403506,628,122,B08,297,629,481,R11,486,Q03,598
403508,628,333,B08,507,R13,630,629,692,R11,694
403510,124,258,A22,340,125,502,A24,505,123,629
403512,124,79,123,434,125,566,A24,569,A22,624
403513,124,234,123,385,125,721,A24,724,A22,787
403519,A28,331,726,421,128,600,D17,753,R17,768
403523,122,37,123,500,121,527,A21,756,124,927
403525,633,430,632,679,634,718,R18,796,L05,900
403526,L05,220,636,308,635,348,L03,388,R21,425
403528,A28,189,128,468,726,560,D17,623,R17,638
403539,R17,124,D17,138,R18,257,128,282,129,445
403545,R11,120,629,191,B08,240,F11,494,628,603
403547,A30,490,130,673,726,853,A31,876,D18,887
403552,A27,210,A28,277,127,310,725,318,R16,389
403555,123,157,124,330,A22,531,122,648,125,817
403556,635,113,L03,143,L05,196,R20,263,636,470
403560,121,160,122,525,120,654,A20,721,123,1008
403562,125,194,A24,223,R14,267,D14,395,A25,402
403573,124,74,125,447,A24,450,123,529,A22,576
403590,229,282,A38,366,M22,379,230,445,418,512
403604,116,226,A15,396,A16,828,115,884,225,898
403606,123,248,A22,281,124,444,122,706,A21,713
403610,A22,96,123,445,A21,518,124,618,125,840
403611,123,242,A22,309,124,470,122,680,A21,731
403612,123,88,124,458,A22,471,122,526,A21,893
403617,629,190,R11,266,630,412,F11,429,B08,443
403620,F12,362,R13,368,629,379,B10,427,R11,455
403621,B10,68,R14,339,R13,389,D14,472,F12,486
403632,Q05,87,625,433,624,604,Q04,736,623,1014
403647,F15,172,M18,238,M19,259,D22,351,F14,413
403670,A07,317,A06,321,111,365,A09,820,112,824
403698,A11,121,113,325,D12,391,A10,461,A12,606
403711,224,315,416,623,302,801,621,917,619,924
403731,F14,111,637,344,D21,382,M19,431,R22,516
403732,F15,31,M18,97,M19,479,F16,498,D22,568
403733,122,156,123,540,A21,550,121,617,A22,868
403735,Q03,690,628,777,B08,826,R11,982,629,1056
403736,R14,96,B10,239,D14,274,125,361,A24,361
403749,625,180,624,328,Q05,385,623,752,626,767
403754,230,250,M23,349,419,400,R27,413,142,486
403757,115,345,A14,501,116,570,A15,751,114,778
403760,126,78,R15,118,A25,205,D14,225,D15,337
403763,116,93,A15,530,115,751,117,879,A16,962
403765,625,273,Q05,286,626,586,Q04,600,624,701
403769,R17,154,D17,168,R18,242,128,309,129,392
403772,634,399,L05,408,635,551,R20,564,L03,599
403776,A14,57,224,611,A12,632,D13,632,A15,682
403777,Q05,191,625,231,624,500,626,824,Q04,838
403779,124,101,123,472,A22,497,125,521,A24,524
403781,125,109,A24,112,R14,344,B10,487,D14,522
403782,634,72,633,242,R19,274,D18,526,632,534
403786,115,367,A14,486,116,572,A15,734,114,800
403793,636,74,R21,209,635,386,L03,416,L05,471
403797,R15,83,126,117,D14,241,A25,244,D15,301
403802,A30,460,130,661,726,853,A31,863,D18,875
403804,631,38,723,97,901,127,724,350,D16,564
403805,901,51,724,168,631,205,723,265,D16,382
403821,632,192,633,467,723,517,631,565,D17,634
403822,632,244,633,269,634,577,R18,625,723,722
403826,A12,362,D13,362,302,453,301,455,D12,679
403830,D16,82,902,158,724,195,R16,249,127,255
403831,229,315,230,342,A38,411,M22,428,418,435
403832,A14,273,224,599,A12,688,D13,688,302,803
403846,125,181,A24,210,R14,281,A25,409,D14,409
403847,A34,48,135,232,136,246,R23,309,Q01,434
403849,F14,147,F15,459,M18,526,M19,538,D21,578
403851,A33,285,134,301,135,332,A34,555,136,676
403853,134,166,A33,444,133,578,A32,620,D20,620
403854,134,313,A33,591,135,661,133,723,A32,765
403855,634,316,633,480,R19,518,L05,649,D18,770
403870,L05,66,L06,270,635,376,L03,424,R20,499
403871,L05,113,635,193,L03,241,R20,316,L06,445
403876,L01,358,132,463,133,476,A31,476,A32,636
403878,138,427,E01,511,137,595,R25,599,228,610
403886,117,331,118,481,A17,571,A16,689,119,757
403887,F11,167,630,439,R11,657,629,658,F12,670
403893,L03,114,R20,148,635,185,L02,333,D19,409
403894,L02,208,L03,253,D19,276,R20,286,635,324
403895,L02,49,D19,121,132,237,L01,375,131,390
403896,132,118,L01,179,L02,248,131,271,A31,273
403897,L01,31,A31,143,132,335,L02,465,131,488
403906,635,40,L03,90,R20,163,L05,259,636,417
403907,A10,236,A09,335,112,343,113,673,A11,673
403908,A09,184,112,206,A10,292,113,628,A11,772
403910,A10,246,A09,349,112,359,113,683,A11,683
403913,L05,112,635,275,L03,323,R20,343,L06,445
403914,D18,159,D19,281,131,334,130,361,L02,361
403942,A15,302,116,417,A14,681,A16,832,225,877
403953,R27,113,142,118,420,135,140,186,419,409
403975,A07,310,111,317,A09,527,112,607,A06,718
403976,111,173,110,389,A06,638,A07,792,A05,910
403978,110,273,111,294,A06,749,A05,820,A07,903
403979,A07,340,A09,389,112,442,111,462,A10,788
403980,621,437,225,569,622,574,226,689,623,922
403981,A22,96,124,481,123,562,A21,632,125,649
403982,A14,165,224,448,A15,694,A12,833,D13,833
403984,125,342,A24,371,R14,462,124,554,A25,560
403986,125,626,A24,629,124,743,R14,760,A25,858
403989,627,472,626,789,A21,818,628,1018,A20,1042
403992,A24,559,125,560,R14,680,124,695,A25,778
403993,628,186,Q03,348,B08,418,R11,574,629,661
403994,Q03,241,628,309,B08,541,R11,697,629,784
403995,Q03,456,628,545,B08,774,R11,933,629,1020
403996,Q03,604,628,693,B08,904,R11,1060,629,1134
403997,Q03,632,628,722,B08,836,R11,995,629,1081
404008,110,279,111,666,109,966,A05,1011,A06,1134
404010,636,32,R21,103,637,417,635,421,L03,457
404014,114,322,115,465,A12,776,D13,776,116,1003
404015,114,192,115,522,A12,646,D13,646,113,937
404017,114,384,115,453,A12,839,D13,839,116,1000
404018,115,295,114,571,116,814,A12,981,D13,981
404024,A21,265,A22,271,123,684,A20,709,122,730
404029,L06,26,L05,329,635,648,L03,678,636,791
404030,125,255,A24,258,124,325,R14,661,123,778
404031,114,161,115,572,A12,615,D13,615,113,920
404035,R15,78,126,119,A25,249,D15,297,D14,301
404037,F11,604,630,867,R11,907,629,917,F12,1093
404039,D16,207,D17,242,R17,256,R16,272,127,355
404040,D16,62,R16,227,724,241,127,254,725,281
404043,D15,148,D16,291,R15,352,902,373,724,384
404046,110,0,111,512,109,684,A05,791,A06,977
404049,125,286,A24,289,124,363,A22,480,R14,656
404050,R14,26,D14,205,B10,230,126,383,125,422
404056,115,253,114,548,116,800,A12,1002,D13,1002
404066,A09,33,112,103,A10,422,A07,646,113,663
404071,A15,78,A16,479,225,571,116,615,A14,712
404075,A19,241,120,349,A18,639,119,725,A20,790
404076,624,183,623,297,622,640,625,707,Q05,782
404077,624,306,623,420,Q05,717,622,763,625,830
404079,624,200,623,294,622,637,625,724,Q05,851
404080,624,455,623,549,227,648,622,892,A17,951
404081,625,537,624,668,Q05,739,A19,765,A18,933
404087,625,358,Q05,583,624,791,A19,814,626,945
404092,636,126,R21,261,L05,459,635,510,L03,540
404094,L06,424,636,635,F14,701,L05,769,R21,770
404101,640,248,M22,279,M21,283,A38,294,229,355
404103,622,382,623,447,227,488,226,507,624,863
404105,L05,233,L06,390,636,398,635,507,R21,533
404106,L05,115,635,266,L03,296,636,414,R20,414
404107,A36,8,228,123,E01,161,137,162,R24,176
404108,E01,43,R25,141,228,154,A36,203,138,204
404116,A27,126,902,373,725,400,127,428,R16,496
404120,635,88,R20,101,L03,133,L05,367,634,400
404122,R13,466,628,502,B08,625,629,801,R11,806
404124,111,247,A07,389,A06,617,A09,643,112,723
404125,111,388,A07,561,A09,774,A06,789,112,818
404129,301,74,302,458,D12,694,A12,812,D13,812
404132,A33,69,134,231,R22,436,135,449,A32,526
404133,133,320,134,380,A32,437,D20,437,A33,671
404134,A21,23,A20,467,A22,513,122,672,123,925
404135,D12,299,A11,603,301,783,A12,960,D13,960
404136,A21,89,A22,468,A20,530,122,631,123,880
404138,125,218,A24,221,124,257,R14,625,A22,687
404153,127,19,725,27,R16,109,902,124,D16,226
404154,R11,643,629,714,B08,808,F11,938,Q03,1080
404155,637,108,D21,146,R22,280,638,335,F14,346
404160,901,27,631,133,723,194,724,240,D16,454
404161,A31,618,A30,672,131,703,L01,736,130,835
404168,625,436,Q05,661,624,765,A19,808,A18,976
404171,629,50,R11,126,B08,303,R13,464,630,489
404194,111,235,A07,389,A06,476,112,776,A09,789
404225,E01,134,228,154,R24,162,418,167,M22,187
404244,130,31,D18,245,131,257,A30,296,129,348
404245,A16,95,A15,459,A17,531,226,540,227,753
404253,B08,510,R11,587,629,646,Q03,772,628,868
404260,117,135,118,224,119,607,A17,731,116,839
404262,117,258,116,468,118,606,A15,785,A16,857
404266,F11,746,R11,747,629,753,B08,967,630,1025
404274,226,38,227,339,A16,436,225,582,622,640
404278,227,111,A17,391,226,407,623,670,A16,744
404279,726,399,A28,644,A27,698,725,816,127,827
404283,225,235,A15,394,A16,747,226,776,224,784
404286,L01,174,A31,278,132,450,L02,594,131,623
404287,F16,42,F15,433,M18,474,D22,598,M19,815
404303,627,416,A21,834,626,899,628,939,Q03,989
404308,A20,297,121,301,A21,611,122,715,120,815
404320,121,232,120,468,A20,535,122,726,A19,813
404325,301,328,D12,441,A12,624,D13,624,302,715
404327,229,588,640,621,M21,656,M22,656,A38,670
404329,A31,624,131,707,L01,715,A30,832,130,995
404333,225,171,226,399,227,672,621,715,A15,724
404334,225,53,224,585,226,594,A15,616,621,637
404335,302,161,224,441,301,550,415,795,222,813
404336,225,111,224,529,A15,581,226,654,621,723
404337,225,229,224,410,A15,690,226,772,621,841
404338,224,76,302,522,A14,571,225,722,416,877
404339,224,197,302,402,A14,692,301,777,416,806
404341,226,46,227,319,A16,479,225,522,622,621
404681,Q04,41,626,347,Q05,641,627,886,Q03,909
404820,128,98,A28,181,D17,251,R17,266,129,386
404824,301,398,A12,419,D13,419,302,530,D12,604
404825,301,317,D12,517,A12,537,D13,537,302,628
404832,A33,295,134,306,135,351,A34,551,136,662
404833,634,72,R19,179,633,306,D18,431,R18,535
404837,301,281,D12,493,302,665,A11,793,414,806
404838,A21,328,122,397,A20,651,121,701,A22,766
404843,F16,190,D22,615,F15,656,M18,681,M19,832
404844,F16,247,D22,615,F15,713,M18,738,M19,832
404846,A25,51,126,205,R15,281,A27,430,D14,447
404847,A28,226,129,349,128,352,A30,377,R17,598
404850,229,292,A38,374,M22,389,230,451,418,520
404853,A10,83,113,401,A11,414,A09,491,112,501
404854,627,34,628,512,Q03,547,626,618,B08,859
404856,623,313,227,385,622,656,226,677,624,706
404857,M21,428,640,468,M20,490,Q01,542,639,586
404858,627,321,626,658,628,867,Q03,908,Q04,924
404860,627,147,626,464,628,693,Q04,730,Q03,734
404863,136,213,137,303,A34,445,A36,489,135,546
404864,136,394,137,438,A36,606,A34,631,E01,699
404871,125,104,A24,107,124,466,R14,478,B10,614
404872,A27,202,A25,296,R15,355,902,412,126,450
404876,A09,103,112,162,A10,428,113,734,A07,738
404881,A30,288,130,451,A31,603,D18,665,131,687
404909,723,639,632,647,631,710,901,886,633,921
404911,119,171,118,252,117,629,120,698,A18,725
404915,A16,91,A17,342,226,458,227,616,A15,637
404916,R22,37,D21,192,638,219,637,351,R23,430
404918,112,58,A09,140,A10,401,113,548,A07,703
404919,A27,70,902,307,725,334,127,355,A25,430
404920,112,330,A09,392,A10,559,113,577,A07,640
404921,112,263,A09,264,A07,464,A10,663,113,724
404928,110,158,109,559,111,670,A05,775,A03,869
404936,635,204,R20,215,L03,249,634,281,R19,459
404938,R11,600,629,670,B08,793,F11,899,Q03,1083
404940,134,51,A33,329,133,455,A32,497,D20,497
404947,625,259,626,320,Q05,522,Q04,586,624,728
404948,A25,116,126,284,R15,298,A27,443,D15,509
404949,A10,49,113,414,A11,434,A09,457,112,467
404963,A16,376,226,405,225,534,227,618,A15,656
404969,137,101,A36,287,228,403,138,419,R24,423
404973,137,172,A36,358,228,433,138,434,E01,441
404976,137,10,A36,172,228,288,R24,308,E01,314
404977,A36,101,137,114,R24,192,228,217,E01,254
404978,226,162,225,413,227,459,A16,504,622,763
404979,420,451,R26,470,139,495,R27,600,419,602
404980,420,328,R27,477,142,499,R26,516,139,549
404983,420,247,R27,396,142,418,R26,432,139,465
404986,139,456,420,492,R26,519,419,563,R27,641
404987,124,289,A22,337,125,451,A24,454,123,682
404988,124,325,125,329,A24,332,A22,461,R14,702
404990,A33,395,134,409,135,444,A34,609,136,720
404991,D19,131,L02,211,131,224,D18,311,132,492
404992,B10,54,R14,324,R13,326,D14,457,F12,543
404994,628,424,B08,443,R13,547,629,627,R11,633
405006,F16,491,M21,508,640,548,M20,570,D22,583
405014,224,165,225,477,302,760,A14,793,A15,939
405024,A36,269,136,281,137,282,A34,369,228,385
405026,A27,381,127,510,725,510,A28,531,R16,570
405052,R24,120,640,140,M21,162,A36,240,137,253
405053,137,496,138,519,A36,531,E01,546,228,569
405054,138,422,E01,506,137,588,R25,594,228,605
405056,137,429,A36,528,228,618,138,619,E01,621
405057,622,158,621,384,623,498,226,751,624,929
405061,634,338,L05,470,R19,559,635,633,R20,646
405062,137,451,A36,549,228,639,138,640,E01,642
405063,137,482,A36,517,138,519,E01,536,228,559
405065,137,307,A36,477,136,535,138,563,228,567
405066,626,150,Q04,416,625,432,Q05,695,627,700
405069,A09,580,A07,584,112,643,111,671,A10,774
405070,A10,180,A09,340,112,350,113,617,A11,637
405073,A10,245,113,261,A11,292,D12,538,A09,653
405074,A11,246,113,478,A12,500,D13,500,D12,563
405075,A10,183,A09,357,112,367,113,620,A11,620
405076,A09,248,112,278,A10,391,113,828,A11,828
405077,A07,539,111,546,A09,729,112,794,A10,907
405078,115,428,A14,504,116,560,A15,689,A12,845
405079,116,303,A15,424,117,870,A16,904,225,926
405084,R27,177,140,200,142,241,M23,351,420,353
405087,A17,175,A16,468,227,568,A18,635,118,636
405091,110,417,109,752,111,929,A05,980,A03,1062
405092,A17,316,A16,319,227,662,226,687,A15,739
405093,A16,232,A15,393,226,654,A17,665,227,867
405098,F14,344,L06,611,636,628,637,674,F15,711
405103,A12,339,D13,339,114,433,A11,465,113,697
405111,A10,205,A09,217,112,226,113,560,A11,685
405124,138,429,139,462,R26,496,419,540,R25,563
405125,139,454,R26,517,419,561,420,568,138,617
405130,637,190,F14,269,D21,362,M19,437,636,473
405133,L01,213,A31,325,132,497,L02,641,131,670
405135,622,86,623,426,621,602,226,700,624,857
405138,R11,471,629,511,F11,684,B08,691,R13,935
405150,132,62,L01,234,L02,240,131,269,D19,318
405151,A31,448,L01,566,131,718,A30,843,132,854
405152,L01,352,A31,464,132,648,131,789,L02,792
405155,636,184,R21,319,L05,341,635,434,L03,473
405157,A31,552,L01,560,132,874,131,883,D19,950
405165,F16,143,F15,311,M18,336,D22,476,M19,693
405169,627,132,626,469,628,678,Q03,719,Q04,735
405172,D21,160,R22,211,637,321,638,436,A33,477
405179,724,213,901,265,D16,417,631,419,D15,453
405182,A15,161,225,472,A16,542,A14,716,116,729
405193,630,380,F11,391,723,680,631,744,F12,844
405219,R24,52,A36,152,228,197,640,226,137,248
405227,A12,60,D13,60,A11,478,114,579,A14,652
405231,R19,27,634,219,D18,279,R18,373,633,463
405234,117,276,116,483,118,624,A15,821,A16,904
405237,123,40,124,461,122,478,A22,518,125,948
405247,A16,171,A17,260,226,538,227,560,A15,717
405248,120,147,119,417,A19,588,121,639,118,817
405249,120,123,119,455,A19,593,121,644,118,888
405265,L01,237,A31,326,132,533,131,654,L02,677
405269,D22,170,M19,259,M20,333,639,381,Q01,390
405272,634,245,633,357,R19,437,632,649,D18,689
405283,124,75,123,482,125,488,A24,491,A22,550
405284,302,85,301,332,224,662,415,726,222,744
405289,A16,230,A15,328,226,624,A17,666,225,690
405291,R14,101,B10,245,D14,280,125,345,A24,348
405293,R14,75,D14,112,126,290,B10,315,R15,364
405297,902,135,127,191,725,199,R15,257,R16,258
405298,131,83,A31,250,132,252,D19,295,130,360
405316,A30,258,130,509,129,639,A31,712,D18,723
405319,F16,561,M21,601,640,641,M20,663,Q01,715
405320,D22,233,F15,340,M18,385,F16,391,M19,450
405323,L06,723,634,732,633,763,L05,918,R19,934
405336,633,429,632,664,634,733,R18,791,L05,916
405337,230,295,M23,304,R27,371,142,444,419,445
405340,L05,139,L06,296,635,458,L03,488,636,492
405347,624,459,623,514,Q05,616,622,831,625,962
405361,D21,69,637,127,R22,167,638,331,F14,464
405369,627,232,626,578,Q03,582,Q04,613,628,777
405373,D22,274,F16,349,F15,457,M19,491,M18,502
405374,A27,86,725,179,127,200,R16,297,902,353
405376,R14,218,125,220,A24,227,D14,366,B10,381
405377,R23,208,136,286,Q01,287,639,334,M20,336
405380,633,153,R18,272,632,355,R19,403,634,462
405384,A15,157,225,448,A16,474,116,705,A14,780
405389,B08,690,R11,762,629,821,Q03,960,628,1047
405390,634,601,L06,609,L05,784,R19,803,633,855
405393,125,220,R14,246,A24,249,A25,353,D14,394
405394,119,185,118,204,117,581,120,712,A18,726
405420,L01,309,A31,427,132,463,133,654,L02,731
405480,F11,251,R11,298,629,299,630,473,B08,502
405488,F11,31,630,253,F12,484,629,527,R11,527
405489,628,319,B08,536,R13,639,629,720,R11,726
405490,B08,308,R13,415,629,492,R11,498,628,568
405491,628,417,R13,599,B08,758,A22,801,Q03,812
405512,726,558,A27,559,725,680,127,701,R16,761
450051,B08,110,R11,266,629,337,628,448,F11,640
450123,F12,193,D15,361,630,386,126,548,D14,558
450222,A31,505,131,588,L01,596,A30,715,130,877
450335,420,150,R27,314,R26,316,139,349,142,368
450375,724,371,D17,396,R17,411,901,432,D16,451
803001,125,210,A24,239,R14,251,D14,379,B10,394
803002,140,72,R27,165,142,184,420,372,M23,481
803003,302,85,301,328,224,661,415,730,222,748
803007,125,146,A24,175,R14,281,D14,429,B10,468
803008,125,156,A24,182,R14,264,D14,412,B10,427
803019,140,54,R27,147,142,166,420,354,M23,497
803024,302,107,301,342,224,684,415,752,222,770
803043,121,163,122,525,120,659,A20,724,123,1008
803057,124,392,123,547,125,879,A24,882,A22,949
803077,M21,433,640,473,M20,495,Q01,547,639,591
803080,D16,228,D15,265,724,321,902,324,R16,405
803081,D16,213,D15,250,724,306,902,309,R16,390
803082,R17,192,D17,206,R18,206,128,348,129,399
803083,R17,151,D17,166,R18,245,128,306,129,395
803094,138,400,E01,484,137,566,R25,572,228,583
803095,R13,223,B10,241,F12,320,R14,512,629,560
803098,A28,5,128,296,D17,443,R17,458,A27,483
803099,A27,235,725,493,902,507,127,514,R16,598
803104,138,192,R25,346,139,398,R26,443,E01,455
803105,A36,36,R24,146,228,152,137,161,E01,189
803106,137,115,A36,150,228,208,E01,234,138,262
803107,137,211,A36,246,228,288,138,289,E01,296
803108,139,426,138,438,R26,460,419,504,R25,537
803109,F14,67,D21,419,637,440,M19,443,D22,533
803117,R13,309,F12,337,B10,388,629,418,R11,494
803120,142,37,140,70,R27,157,420,257,M23,502
803121,140,96,142,144,R27,285,420,364,M23,628
803144,A27,107,725,156,127,177,R16,274,902,330
803147,137,174,A36,256,228,346,138,347,E01,354
803158,B08,65,629,250,R11,254,628,318,R13,660
803160,A33,81,135,303,134,347,A34,422,R22,547
803161,117,496,116,575,A15,577,A16,684,118,844
803162,627,629,626,656,A21,904,Q04,920,A20,975
803163,630,57,F11,218,F12,409,629,482,R11,557
803164,420,112,R27,276,R26,278,139,311,142,330
803165,225,93,226,481,A15,638,621,676,224,705
803166,121,40,122,454,120,563,A20,586,A21,900
803180,625,358,Q05,583,624,791,A19,814,626,945
803182,Q05,41,625,363,Q04,619,624,680,626,923
803184,R27,70,142,90,140,143,420,268,M23,415
803185,R27,69,140,70,142,91,420,269,M23,414
803192,638,177,M20,230,639,241,Q01,289,M19,333
803193,L06,108,L05,453,635,772,L03,802,636,881
903004,120,191,119,578,A19,661,121,712,118,933
903030,133,512,134,659,A32,672,D20,672,L01,886
903048,636,31,R21,102,637,398,635,422,L03,456
903049,A09,94,112,153,A10,436,113,725,A07,729
903054,M21,620,640,660,M20,682,F16,705,229,715
903063,L01,188,A31,305,132,320,133,436,A32,596
903078,A27,195,902,442,725,469,127,497,R16,565
903080,633,701,L06,783,634,792,L05,978,632,993
903085,128,101,129,264,R17,267,D17,281,A28,377
903093,F14,205,637,535,F15,572,M18,635,D21,693
903094,R11,564,629,634,B08,757,F11,863,Q03,1047
903105,628,43,B08,307,629,491,R11,496,Q03,518
903125,L06,568,634,639,L05,785,R19,841,633,893
903129,Q04,10,626,306,Q05,571,627,855,625,862
903130,638,170,M20,236,639,247,Q01,295,M19,326
903145,M22,181,A38,198,640,208,M21,230,R24,245
903146,R24,184,M22,194,228,197,E01,197,A38,211
903147,636,94,R21,229,L05,441,635,478,L03,508
903148,636,142,R21,277,L05,475,635,526,637,540
903169,R14,188,125,262,A24,265,B10,331,D14,366
903176,L02,8,D19,74,132,289,L01,431,131,432
903184,L01,163,A31,281,132,295,133,443,L02,587
903209,125,119,A24,122,R14,426,124,538,B10,562
903217,128,187,127,287,D17,298,R17,313,A28,315
903218,123,55,124,467,122,493,A22,505,A21,927
903219,110,404,109,761,111,916,A05,989,A03,1071
903226,L06,443,L05,662,634,703,R19,921,635,960
903228,A17,38,A16,414,A18,492,227,513,118,671
903231,A07,239,111,393,A06,467,A09,704,112,708
903232,A31,505,L01,513,132,827,131,833,D19,903
903233,125,107,A24,110,R14,410,124,492,A25,541
903234,125,139,A24,146,R14,301,D14,449,B10,464
903235,R16,223,D17,227,R17,242,127,306,D16,317
903236,115,147,116,480,114,580,A14,741,A12,867
903237,A31,563,L01,649,131,838,A30,943,132,963
