subway_id,bike_id1,time1,bike_id2,time2,bike_id3,time3,bike_id4,time4,bike_id5,time5
116,3547,170,3541,246,3545,438,3649,447,3540,604
117,3536,71,3552,163,3539,256,3623,362,3383,363
118,3383,62,3366,207,3552,237,3538,279,3357,315
119,3689,156,3350,227,3357,256,3366,256,3331,257
120,3314,43,3307,145,3293,217,3301,376,3350,378
121,3285,122,3177,191,3434,231,3289,347,3293,362
122,3162,119,3360,164,3178,289,3171,342,3177,349
123,3175,133,3167,173,3164,310,3166,313,3159,357
124,3159,144,3158,191,3356,207,3175,377,499,396
125,499,101,457,187,3158,318,468,333,2006,402
126,500,57,173,93,469,167,447,253,468,327
127,465,66,477,170,533,226,362,331,523,337
128,492,16,379,137,490,205,505,219,498,276
129,442,72,379,198,446,249,492,310,494,339
130,446,85,334,193,442,256,453,278,435,298
131,334,144,482,189,168,245,3660,300,223,321
132,223,19,482,164,345,230,383,236,3684,284
133,380,64,369,219,247,289,383,292,368,297
134,347,241,128,274,368,310,3474,350,127,400
135,377,70,248,254,2010,311,3474,311,328,318
136,79,28,249,200,320,213,3664,263,248,320
137,146,78,152,94,3461,176,276,225,417,279
138,417,220,3461,294,3002,329,309,346,319,351
139,195,357,304,384,363,431,2008,440,360,457
140,259,67,427,113,534,145,260,286,304,339
142,427,33,534,114,259,173,260,257,304,271
224,3529,327,3518,567,3622,758,3629,765,3527,774
225,3518,80,3629,266,3527,300,3529,315,3510,346
226,3628,67,3509,96,3511,319,3520,319,3521,338
227,3521,66,3509,206,3374,318,3628,343,3400,397
228,417,131,152,198,3461,250,319,283,330,328
229,316,23,376,70,306,181,264,222,360,232
230,360,31,264,156,376,190,415,217,351,248
231,391,28,322,179,407,243,232,282,406,340
232,3440,72,314,93,232,241,3242,254,322,293
233,3232,154,323,205,390,206,3486,258,324,288
234,298,145,243,165,324,177,3232,221,274,326
235,3429,71,83,94,467,193,298,251,274,303
236,3414,33,3415,150,83,300,467,303,3417,315
237,3418,17,3349,210,3576,227,3663,230,3346,336
238,3583,71,3582,298,3580,306,3581,319,3587,338
239,3584,31,3590,219,3585,268,3582,283,3578,292
241,3585,408,3631,503,3604,534,3590,571,3579,644
242,3604,232,3601,411,3596,596,3631,719,3599,728
248,3585,420,3579,486,3584,523,3631,642,3590,724
418,319,90,195,130,376,199,316,247,264,323
419,195,163,360,263,304,276,319,352,415,358
420,304,58,260,239,427,259,534,260,2008,296
423,3440,106,314,175,3242,200,143,242,3402,256
621,3504,130,3505,161,3507,203,3506,282,3622,443
622,3494,82,3492,229,3493,251,3506,255,3500,294
623,3502,56,3390,215,3551,239,3494,280,3400,294
624,3379,33,3424,179,3363,280,3327,326,3425,327
625,3675,172,3309,198,3318,286,3299,331,3336,351
626,3145,208,3147,211,3284,223,3286,331,3144,375
627,3438,193,3378,217,3370,312,3135,331,3146,349
628,3131,156,3231,172,3152,240,3359,246,3375,339
629,3155,194,305,198,3132,254,3134,255,2023,302
630,522,10,3459,237,2023,256,228,271,3223,329
631,519,75,517,104,3235,268,167,338,3680,361
632,472,39,546,147,526,248,476,290,540,318
633,546,148,540,176,491,214,472,280,474,306
634,491,111,503,156,537,221,402,234,3641,376
635,285,99,382,188,3463,218,483,259,497,260
636,293,25,3263,74,335,262,236,295,3244,296
637,229,149,3260,167,3427,172,251,289,403,307
638,151,17,3427,182,303,200,251,261,268,320
639,268,46,257,232,355,322,151,357,3435,365
640,387,64,386,189,330,209,3489,403,152,414
716,3123,338,3221,463,3647,697,3555,873,3654,921
718,3129,198,3618,216,3555,244,3556,320,3625,407
719,3615,132,3126,169,3121,216,3618,325,3125,344
720,3606,58,3121,342,3119,405,3611,503,3125,526
721,3119,51,3611,229,3608,251,3122,278,3606,377
723,519,146,517,175,167,278,440,317,3235,340
724,3680,160,484,217,3235,249,524,252,519,335
725,465,93,477,153,533,255,529,317,523,359
726,525,21,448,369,478,403,458,420,3635,612
901,3235,86,519,133,517,162,3680,181,484,274
902,465,82,533,262,524,266,477,322,529,344
A14,3531,519,3533,614,3649,639,3629,900,3541,927
A15,3533,45,3508,131,3540,272,3531,311,3649,356
A16,3534,10,3630,136,3520,269,3553,331,3511,332
A17,3553,116,3374,159,3630,300,3323,331,3538,398
A18,3341,63,3320,183,3323,223,3302,243,3328,307
A19,3295,31,3320,232,3301,293,3341,352,3328,359
A20,3168,111,3283,295,3226,304,3170,345,3285,419
A21,3226,150,3160,219,3168,333,3170,428,3161,480
A22,3165,20,3163,203,3164,228,3160,315,3172,360
A24,499,106,457,192,3158,323,468,338,2006,406
A25,447,120,450,164,500,212,173,225,449,286
A27,529,91,477,98,2021,193,523,265,3236,289
A28,490,80,3255,168,523,246,3635,301,492,305
A30,494,136,453,144,446,194,470,258,509,337
A31,3660,29,482,231,470,251,3659,289,3686,313
A32,369,17,252,169,368,202,336,227,380,229
A33,3474,82,128,104,3467,248,377,355,303,414
A34,377,180,79,213,257,230,248,282,2010,313
A36,152,83,417,181,3461,197,146,249,330,285
A38,316,87,319,136,376,171,195,241,306,258
A40,321,118,407,143,2000,308,232,335,322,341
A41,323,92,390,209,392,223,3440,226,310,296
A42,3486,106,3232,206,310,318,3410,326,3411,360
A43,353,112,274,176,416,252,3429,316,241,330
A44,3637,8,397,228,365,292,3049,305,3544,306
A45,396,176,436,259,365,286,289,358,3546,377
A46,437,133,3249,183,436,338,3048,403,396,452
A47,3041,111,3044,174,3047,367,3046,404,3249,427
A48,3042,53,3043,394,3044,523,3046,671,3041,759
B04,3130,112,3556,255,3559,388,3557,396,3128,403
B06,3557,1475,3554,1673,3620,2093,2022,3621,3142,4100
B08,3155,45,3134,186,3376,335,3231,383,305,407
B10,3458,106,2006,206,3443,295,281,325,468,371
D14,469,89,500,186,3443,207,468,267,447,281
D15,3466,192,3233,247,3443,265,173,302,524,337
D16,465,148,524,172,3466,265,533,278,362,345
D17,505,70,498,117,267,124,362,189,492,238
D18,435,146,466,162,446,287,168,314,3641,333
D19,345,177,168,186,482,236,254,290,496,302
D20,369,17,252,169,368,202,336,227,380,229
D21,3427,125,3260,251,251,270,303,304,229,309
D22,531,123,3435,159,412,265,361,315,473,321
D24,83,54,3429,185,467,238,274,308,353,309
D25,3663,149,3418,209,3415,248,3576,265,3537,312
D26,3599,290,3596,546,3601,564,3661,632,3590,740
E01,417,44,319,180,152,232,3461,284,309,323
F09,3615,8,3126,175,3125,311,3128,315,3618,323
F11,3459,17,3223,165,441,212,3688,244,522,290
113,3547,1870,3541,1946,3649,1981,3531,2060,3545,2145
114,3547,1135,3541,1211,3649,1269,3545,1389,3531,1415
115,3547,712,3541,788,3649,846,3545,966,3533,1080
220,3505,2257,3622,2424,3499,2477,3504,2551,3498,2574
221,3505,1589,3622,1756,3499,1851,3504,1883,3507,1907
222,3622,1489,3529,1550,3505,1569,3527,1739,3507,1783
243,3604,739,3601,918,3596,1103,3631,1226,3599,1235
244,3604,1242,3601,1421,3596,1594,3599,1684,3631,1730
245,3604,1735,3601,1908,3596,2078,3599,2132,3631,2216
249,3041,787,3585,945,3579,1024,3584,1057,3044,1068
250,3042,1005,3043,1165,3044,1225,3041,1322,3046,1425
251,3042,1677,3043,2119,3044,2174,3604,2209,3041,2278
252,3042,2235,3043,2677,3044,2732,3041,2836,3046,2937
301,3529,1325,3629,1446,3531,1475,3518,1551,3622,1628
302,3529,933,3518,1174,3622,1236,3527,1322,3629,1369
414,3529,2122,3622,2139,3531,2344,3505,2358,3527,2365
415,3622,1437,3505,1518,3529,1524,3527,1675,3507,1731
416,3622,995,3505,1091,3529,1204,3527,1224,3507,1289
616,3505,2353,3499,2416,3498,2513,3622,2520,3491,2528
617,3505,1784,3499,1799,3498,1896,3491,1911,3622,1951
618,3505,1425,3499,1440,3498,1537,3491,1552,3622,1592
619,3505,930,3622,1097,3504,1224,3507,1248,3527,1340
710,3597,1909,3598,1910,3662,2147,3572,2168,3570,2263
711,3597,1722,3598,1736,3662,1973,3572,1984,3570,2079
712,3597,1546,3598,1567,3572,1722,3662,1804,3570,1817
713,3598,1480,3597,1489,3123,1506,3572,1509,3221,1528
714,3123,1082,3221,1138,3647,1271,3570,1357,3597,1435
715,3123,720,3221,839,3647,1071,3561,1096,3654,1198
A10,3649,2025,3531,2058,3541,2122,3547,2151,3533,2153
A11,3649,1541,3531,1574,3533,1669,3541,1769,3508,1811
A12,3531,1091,3649,1145,3533,1186,3508,1328,3541,1369
A49,3042,586,3043,1037,3044,1149,3046,1297,3041,1385
A50,3042,1105,3043,1557,3044,1669,3046,1817,3041,1905
A51,3042,1570,3043,2022,3044,2134,3046,2282,3052,2360
B12,3477,1267,3478,1320,3319,2214,3423,2412,3317,2436
B13,3477,1676,3478,1843,3423,2427,3319,2740,3310,2744
D11,3529,2130,3622,2149,3531,2358,3505,2368,3527,2375
D12,3531,1712,3533,1818,3649,1843,3508,1960,3529,2065
D13,3531,1091,3649,1145,3533,1186,3508,1328,3541,1369
D27,3599,757,3601,925,3596,1059,3661,1120,3604,1128
D28,3599,1268,3601,1420,3596,1543,3604,1623,3661,1629
D29,3599,1929,3423,2064,3601,2083,3596,2204,3604,2284
D30,3599,2123,3601,2237,3423,2323,3596,2381,3604,2459
F12,456,87,520,131,3233,345,3443,368,3457,381
F14,312,180,265,187,403,211,473,279,3656,317
F15,311,163,401,244,410,328,350,376,349,386
F16,307,83,340,236,295,253,331,269,361,306
F18,3674,1,414,161,2000,241,418,341,321,361
F20,3409,66,3421,243,3298,248,3410,288,3329,322
F21,3382,37,3384,133,3329,250,3381,278,3386,299
F22,3398,192,3401,202,3397,418,3399,517,3384,563
F23,3403,123,3322,182,3317,260,3399,303,3401,328
F24,3306,153,3304,253,3297,270,3300,337,3310,403
F25,3423,65,3310,451,3300,461,3306,673,3313,740
F26,3423,1468,3310,1793,3300,1843,3599,1940,3306,2021
F27,3423,1701,3310,2047,3300,2076,3313,2272,3306,2280
G14,3597,1944,3598,1945,3662,2182,3572,2203,3570,2298
G15,3597,1396,3598,1410,3662,1647,3572,1658,3570,1753
G16,3597,835,3598,849,3662,1086,3572,1097,3570,1192
G18,3597,254,3598,309,3662,542,3595,679,3572,681
G19,3572,68,3573,269,3570,271,3597,405,3595,454
G20,3561,122,3654,347,3560,470,3570,513,3568,519
G21,3555,270,3129,317,3654,357,3618,376,3625,429
G22,3126,84,3615,234,3121,241,3618,277,3125,401
G24,3121,219,3606,226,3611,271,3125,328,3119,362
G26,3115,104,3113,118,3116,346,3110,389,3469,396
G28,3476,142,3668,146,3107,158,3110,242,3102,262
G29,3082,122,3087,160,3453,183,3088,296,3077,367
G30,3071,87,3069,224,3077,250,3073,323,3072,326
G31,3065,6,3066,285,3069,364,3071,448,3062,463
G32,3062,94,3060,223,3063,291,373,385,3053,405
G33,3056,211,3055,277,409,279,3053,355,364,467
G34,364,20,120,203,399,307,409,342,289,397
G35,399,147,275,195,420,209,258,222,416,374
G36,274,87,416,204,353,213,241,280,243,286
J27,3042,1622,3043,2053,3044,2182,3052,2241,3046,2298
J28,3042,1361,3043,1579,3052,1767,3046,1824,3044,1882
J29,3052,1301,3042,1360,3043,1434,3046,1496,3058,1521
J30,3058,1056,3052,1075,3064,1210,3059,1289,3054,1313
J31,3058,551,3064,689,3059,756,3179,974,3057,1060
L01,3660,147,3686,194,3684,238,482,265,223,280
L02,345,87,254,200,223,256,253,266,168,268
L03,285,20,382,97,357,218,497,221,3463,266
L05,297,173,483,263,237,292,3463,335,504,363
L06,504,141,433,175,326,282,2003,287,3632,384
L08,3090,106,3093,148,3092,224,3085,299,539,335
L10,3087,126,3453,132,3088,263,3082,319,3456,324
L11,3086,78,3094,224,3081,253,3083,336,3453,381
L12,3083,54,3081,231,3074,368,3086,465,3454,489
L13,3074,19,3083,408,3076,418,3068,451,3070,459
L14,3074,607,3068,687,3070,814,3072,914,3083,1004
L15,3074,1332,3064,1350,3068,1350,3067,1514,3179,1541
L16,3064,1498,3058,1678,3068,1680,3074,1684,3059,1758
L17,3064,1734,3058,1910,3059,1994,3179,2019,3068,2101
L20,3042,2059,3043,2343,3052,2528,3046,2585,3064,2635
L21,3042,1679,3043,2021,3052,2209,3044,2243,3046,2266
L22,3042,1734,3043,2159,3044,2294,3052,2347,3046,2404
M06,3064,2066,3058,2242,3059,2326,3179,2351,3074,2362
M08,3064,1653,3058,1829,3059,1913,3179,1938,3068,2020
M09,3064,1214,3058,1390,3059,1474,3179,1499,3068,1581
M10,3064,679,3179,962,3058,970,3059,988,3061,1059
M11,3064,175,3179,413,3061,555,3058,558,3067,602
M12,3179,178,3067,211,3068,249,3066,435,3064,452
M13,3069,61,3071,201,3072,280,3067,308,3070,368
M14,3073,66,3071,279,3077,285,3075,333,3080,376
M16,3075,164,3078,207,3080,207,3073,324,443,451
M18,311,107,410,292,401,313,350,329,349,350
M19,531,195,473,235,3435,246,151,309,265,317
M20,268,122,355,228,257,245,386,320,3435,356
M21,387,90,386,154,330,174,355,406,3489,430
M22,316,108,319,147,376,188,195,256,306,277
M23,260,227,360,230,415,241,195,289,304,291
Q01,268,83,257,195,355,269,386,351,2010,385
Q03,3375,190,3135,239,3447,261,3152,262,3372,313
Q04,3147,200,3288,245,3148,270,3305,298,3671,312
Q05,3318,46,3338,197,3309,215,3296,230,3675,235
R01,3526,125,3525,284,3523,364,3517,429,3530,446
R03,3516,68,3517,163,3523,370,3666,426,3617,445
R04,3666,82,3603,275,3614,287,3516,331,3617,405
R05,3593,29,3592,237,3595,264,3603,297,3653,348
R06,3653,140,3563,264,3568,304,3566,394,3561,416
R08,3654,89,3560,284,3625,317,3561,415,3563,468
R09,3129,198,3618,216,3555,244,3556,320,3625,407
R11,3155,185,3134,188,305,215,3132,322,2023,373
R13,281,55,3132,212,3136,212,3457,237,2006,279
R14,468,132,469,212,3458,214,457,249,500,304
R15,173,98,500,258,450,358,469,365,2021,402
R16,465,41,533,139,362,244,477,263,267,305
R17,505,56,498,102,267,138,362,203,492,223
R18,486,59,474,173,3641,218,498,258,505,340
R19,402,79,3641,162,491,251,466,332,503,349
R20,285,138,382,151,497,153,496,219,3463,231
R21,293,138,335,147,3263,192,3244,203,357,230
R22,303,164,3427,164,151,243,251,243,3260,306
R23,257,74,268,171,2010,252,377,377,320,391
R24,330,159,152,213,319,285,387,288,417,292
R25,319,157,195,201,417,246,376,349,316,387
R26,304,341,195,343,2008,397,360,419,260,474
R27,534,62,260,111,304,144,427,168,259,175
R28,314,87,143,204,322,230,3440,230,406,276
R29,323,36,390,108,239,310,3440,314,392,317
R30,324,88,239,138,3232,165,390,246,243,272
R31,467,41,3429,163,83,218,3412,329,298,333
R32,3335,29,3419,212,3371,276,3364,318,3407,320
R33,3403,38,3399,209,3404,244,3322,250,3317,298
R34,3322,333,3324,345,3319,387,3403,513,3317,609
R35,3324,893,3322,912,3319,972,3478,986,3403,1092
R36,3478,451,3477,630,3324,1472,3322,1489,3319,1525
R39,3477,714,3478,878,3324,2069,3322,2104,3319,2164
S01,396,48,436,224,3673,293,365,396,3546,403
S03,3578,78,3569,194,3562,284,3579,335,3673,347
S04,3584,138,3590,215,3585,264,3582,269,3583,284
112,3649,2428,3547,2442,3531,2463,3541,2525,3533,2558
219,3505,2692,3622,2859,3499,2912,3504,2986,3498,3009
246,3604,2184,3601,2356,3599,2509,3596,2524,3631,2664
247,3604,2650,3601,2722,3599,2837,3596,2876,3631,3096
253,3042,2600,3043,3052,3044,3154,3041,3212,3604,3239
254,3042,2890,3043,3342,3044,3432,3041,3490,3046,3602
413,3529,2775,3622,2792,3531,2843,3629,2952,3505,3011
614,3505,3112,3622,3279,3499,3309,3498,3406,3504,3406
615,3505,2528,3622,2695,3499,2700,3498,2797,3491,2812
708,3597,2854,3598,2855,3662,3092,3572,3113,3691,3230
709,3597,2402,3598,2403,3662,2640,3572,2661,3570,2756
A09,3649,2416,3531,2451,3547,2492,3541,2513,3533,2546
A52,3042,2372,3043,2816,3044,2945,3041,3003,3052,3051
B14,3477,2083,3478,2250,3423,2820,3310,3137,3319,3147
B15,3477,2515,3478,2682,3423,3243,3310,3560,3319,3579
D10,3622,2835,3529,2884,3505,2982,3531,2988,3527,3071
D31,3599,2623,3601,2718,3596,2860,3423,2864,3604,2888
D32,3599,3110,3601,3198,3596,3340,3423,3352,3604,3361
F29,3423,2372,3478,2699,3310,2718,3477,2730,3300,2747
G13,3597,2657,3598,2658,3662,2895,3572,2916,3570,3011
J23,3042,2526,3043,2970,3044,3082,3052,3205,3046,3230
J24,3042,2060,3043,2504,3044,2616,3052,2739,3046,2764
L19,3064,2288,3058,2464,3042,2498,3052,2525,3059,2548
L24,3042,1989,3043,2441,3044,2541,3041,2599,3046,2701
L25,3042,2483,3043,2935,3044,3036,3041,3094,3046,3195
L26,3042,2932,3043,3384,3044,3485,3041,3543,3046,3644
M04,3064,3013,3058,3189,3059,3273,3179,3298,3068,3380
M05,3064,2390,3058,2566,3059,2650,3179,2675,3083,2718
N02,3477,2286,3478,2446,3319,3366,3310,3751,3423,3850
R40,3477,1122,3478,1281,3324,2477,3322,2512,3319,2571
R41,3477,1502,3478,1662,3324,2860,3322,2900,3319,2960
101,3531,7375,3649,7421,3533,7470,3508,7612,3541,7645
103,3531,6952,3649,6998,3533,7047,3508,7189,3541,7222
104,3531,6405,3649,6451,3533,6500,3508,6642,3541,6675
106,3531,5983,3649,6029,3533,6078,3508,6220,3541,6253
107,3531,5309,3649,5355,3533,5404,3508,5546,3541,5579
108,3531,4872,3649,4918,3533,4967,3508,5109,3547,5138
109,3649,4669,3531,4690,3547,4710,3541,4766,3533,4785
110,3649,3794,3531,3829,3547,3847,3541,3891,3533,3924
111,3649,3282,3531,3317,3547,3335,3541,3379,3533,3412
209,3505,7784,3622,7951,3499,8038,3504,8078,3507,8102
210,3505,7304,3622,7471,3499,7558,3504,7598,3507,7622
211,3505,6662,3622,6829,3499,6916,3504,6956,3507,6980
212,3505,6217,3622,6384,3499,6471,3504,6511,3507,6535
213,3505,5373,3622,5540,3499,5627,3504,5667,3507,5691
214,3505,4906,3622,5073,3499,5160,3504,5200,3507,5224
215,3505,4297,3622,4464,3499,4551,3504,4591,3507,4615
216,3505,3878,3622,4045,3499,4143,3504,4172,3498,4240
217,3505,3385,3622,3552,3499,3605,3504,3679,3498,3702
218,3505,3124,3622,3291,3499,3344,3504,3418,3498,3441
255,3042,3188,3043,3632,3044,3752,3041,3810,3052,3869
256,3042,3529,3043,3973,3044,4104,3041,4162,3052,4208
257,3042,3875,3043,4319,3044,4448,3041,4506,3052,4554
402,3529,7163,3622,7182,3531,7200,3629,7309,3505,7401
405,3529,6575,3622,6594,3531,6612,3629,6721,3505,6813
406,3529,5829,3622,5848,3531,5866,3629,5975,3505,6067
407,3529,5364,3622,5383,3531,5401,3629,5510,3505,5602
408,3529,4958,3622,4977,3531,4995,3629,5104,3505,5196
409,3529,4525,3622,4544,3531,4562,3629,4671,3505,4763
410,3529,4042,3622,4061,3531,4079,3629,4188,3505,4280
411,3529,3645,3622,3664,3531,3682,3629,3791,3505,3883
412,3529,3225,3622,3244,3531,3270,3629,3379,3505,3463
504,3505,7504,3622,7671,3499,7758,3504,7798,3507,7822
505,3505,7054,3622,7221,3499,7308,3504,7348,3507,7372
603,3505,7675,3622,7842,3499,7895,3504,7969,3498,7992
604,3505,7100,3622,7267,3499,7320,3504,7394,3498,7417
606,3505,6716,3622,6883,3499,6936,3504,7010,3498,7033
607,3505,6359,3622,6526,3499,6579,3504,6653,3498,6676
608,3505,5794,3622,5961,3499,6014,3504,6088,3498,6111
609,3505,5246,3622,5413,3499,5466,3504,5540,3498,5563
610,3505,4777,3622,4944,3499,4997,3504,5071,3498,5094
611,3505,4462,3622,4629,3499,4682,3504,4756,3498,4779
612,3505,3960,3622,4127,3499,4180,3504,4254,3498,4277
613,3505,3506,3622,3673,3499,3726,3504,3800,3498,3823
701,3528,5867,3597,5986,3598,5987,3691,6054,3522,6057
702,3528,4805,3597,4925,3598,4926,3691,4992,3522,4995
705,3528,4216,3597,4251,3598,4252,3691,4402,3522,4406
706,3597,3757,3598,3758,3528,3963,3662,3995,3572,4016
707,3597,3308,3598,3309,3662,3546,3572,3567,3528,3584
A02,3531,5210,3649,5256,3533,5305,3547,5429,3508,5447
A03,3649,4876,3547,4904,3531,4911,3541,4973,3533,5006
A05,3547,4098,3649,4129,3531,4164,3541,4174,3533,4259
A06,3547,3448,3649,3483,3531,3518,3541,3524,3533,3613
A07,3547,3020,3649,3055,3531,3090,3541,3096,3533,3185
A53,3042,2992,3043,3444,3044,3544,3041,3602,3052,3645
A54,3042,3585,3043,4029,3044,4160,3041,4218,3052,4264
A55,3042,4159,3043,4603,3044,4732,3041,4790,3052,4838
A57,3042,4487,3043,4931,3044,5062,3041,5120,3052,5166
A59,3042,4838,3043,5282,3044,5413,3041,5471,3052,5517
A60,3042,5298,3043,5742,3044,5873,3041,5931,3052,5977
A61,3042,5848,3043,6292,3044,6404,3041,6504,3052,6527
A63,3042,6216,3043,6660,3044,6772,3041,6890,3052,6895
A64,3042,6627,3043,7071,3044,7183,3041,7301,3052,7306
A65,3042,7056,3043,7500,3044,7612,3041,7730,3052,7735
B16,3477,2975,3478,3142,3423,3618,3310,3964,3300,3993
B17,3477,3580,3478,3747,3423,4223,3310,4569,3300,4598
B18,3477,4157,3478,4324,3423,4779,3310,5125,3300,5154
B19,3477,4642,3478,4809,3423,5264,3310,5610,3300,5639
B20,3477,5044,3478,5211,3423,5518,3310,5864,3300,5893
B21,3477,5438,3478,5605,3423,5689,3310,6035,3300,6064
B22,3477,5928,3423,5936,3478,6095,3310,6282,3300,6311
B23,3477,6633,3423,6635,3478,6800,3310,6981,3300,7010
D01,3505,7230,3529,7424,3622,7443,3531,7461,3504,7524
D03,3529,6730,3622,6749,3505,6752,3531,6767,3629,6876
D04,3505,6031,3529,6067,3622,6086,3531,6104,3629,6213
D05,3505,5522,3622,5587,3529,5610,3531,5647,3629,5756
D06,3505,5055,3622,5109,3529,5128,3531,5165,3629,5274
D07,3505,4542,3622,4544,3529,4591,3531,4616,3629,4725
D08,3622,4027,3529,4074,3505,4084,3531,4115,3629,4224
D09,3505,3459,3622,3486,3529,3535,3531,3639,3527,3722
D33,3599,3541,3601,3630,3423,3666,3596,3776,3604,3801
D34,3599,4156,3601,4245,3423,4330,3596,4391,3604,4416
D35,3599,4849,3601,4938,3423,5050,3604,5066,3596,5084
D37,3599,5668,3601,5757,3423,5874,3604,5885,3596,5903
D38,3599,6019,3601,6108,3423,6216,3604,6216,3596,6254
D39,3599,6690,3423,6775,3601,6779,3604,6887,3596,6925
D40,3423,7487,3599,7724,3601,7826,3310,7873,3300,7874
D41,3423,7604,3477,7909,3599,7945,3478,7975,3300,7987
D42,3423,7507,3477,7786,3478,7852,3310,7853,3300,7882
D43,3477,7585,3423,7587,3478,7752,3310,7933,3300,7962
F05,3597,7771,3598,7772,3064,7945,3662,8009,3058,8121
F06,3597,6880,3598,6881,3662,7118,3572,7139,3570,7234
F07,3597,6289,3598,6290,3662,6527,3572,6548,3570,6643
F30,3423,2897,3477,3158,3478,3224,3310,3243,3300,3272
F31,3423,3296,3477,3557,3478,3623,3310,3642,3300,3671
F32,3423,3693,3477,3972,3478,4038,3310,4039,3300,4068
F33,3423,4156,3477,4435,3478,4501,3310,4502,3300,4531
F34,3423,4668,3477,4949,3310,5014,3478,5015,3300,5043
F35,3423,5161,3477,5442,3310,5507,3478,5508,3300,5536
F36,3423,5768,3477,6047,3478,6113,3310,6114,3300,6143
F38,3423,6316,3477,6595,3478,6661,3310,6662,3300,6691
F39,3423,7053,3477,7332,3478,7398,3310,7399,3300,7428
G08,3597,5749,3598,5750,3662,5987,3572,6008,3570,6103
G09,3597,5071,3598,5072,3662,5309,3572,5330,3570,5425
G10,3597,4481,3598,4482,3662,4719,3572,4740,3570,4835
G11,3597,3932,3598,3933,3662,4170,3572,4191,3570,4286
G12,3597,3233,3598,3234,3662,3471,3572,3492,3570,3587
H01,3042,6756,3043,7200,3044,7331,3041,7389,3052,7435
H02,3042,6756,3043,7200,3044,7331,3041,7389,3052,7435
H03,3042,7411,3043,7855,3044,7986,3041,8044,3052,8090
J12,3042,7046,3064,7063,3058,7239,3059,7323,3179,7348
J13,3042,6469,3064,6712,3058,6888,3043,6913,3059,6972
J14,3042,5914,3043,6358,3064,6409,3044,6470,3052,6557
J15,3042,5452,3043,5896,3044,6008,3064,6034,3052,6095
J16,3042,4875,3043,5319,3044,5431,3064,5457,3052,5518
J17,3042,4410,3043,4854,3044,4966,3064,4992,3052,5053
J19,3042,4062,3043,4506,3044,4618,3064,4644,3052,4705
J20,3042,3743,3043,4187,3044,4299,3052,4422,3046,4447
J21,3042,3318,3043,3762,3044,3874,3052,3997,3046,4022
J22,3042,3005,3043,3449,3044,3561,3052,3684,3046,3709
L27,3042,3386,3043,3838,3044,3939,3041,3997,3604,4081
L28,3042,4352,3043,4804,3604,4826,3044,4904,3041,4962
L29,3042,3915,3604,4221,3043,4367,3601,4391,3044,4420
M01,3083,3356,3074,3435,3081,3533,3086,3593,3068,3646
N03,3477,2884,3478,3044,3423,3664,3319,3964,3310,3981
N04,3477,3145,3478,3312,3423,3788,3310,4134,3300,4163
N05,3477,3699,3478,3866,3423,4043,3310,4389,3300,4418
N06,3423,4142,3477,4164,3478,4331,3310,4488,3300,4517
N07,3423,4565,3477,4738,3478,4890,3310,4911,3300,4940
N08,3423,5240,3477,5413,3478,5565,3310,5586,3300,5615
N09,3423,5778,3477,5951,3478,6103,3310,6124,3300,6153
N10,3423,6220,3477,6364,3478,6531,3310,6566,3300,6595
N12,3477,7585,3423,7587,3478,7752,3310,7933,3300,7962
R42,3477,2171,3478,2338,3324,3540,3322,3620,3319,3641
R43,3477,2645,3478,2812,3324,4014,3322,4094,3319,4108
R44,3477,3269,3478,3436,3324,4638,3322,4718,3319,4732
R45,3477,3777,3478,3944,3319,5081,3324,5171,3322,5251
S28,3254,3780,3182,4433,3479,4836,398,5206,3344,5222
S29,259,2754,534,2891,427,2902,260,3032,304,3085
S30,259,1930,534,2067,427,2078,260,2208,304,2261
S31,259,1610,534,1747,427,1758,260,1888,304,1941
201,3505,10323,3622,10464,3504,10617,3499,10620,3529,10638
204,3505,9853,3622,9994,3504,10147,3499,10150,3529,10168
205,3505,9358,3622,9499,3504,9652,3499,9655,3529,9673
206,3505,8915,3622,9056,3504,9209,3499,9212,3529,9230
207,3505,8555,3622,8696,3504,8849,3499,8852,3529,8870
208,3505,8087,3622,8228,3504,8381,3499,8384,3529,8402
401,3529,7765,3622,7784,3531,7802,3629,7911,3505,8003
501,3505,10461,3622,10628,3499,10715,3504,10755,3507,10779
502,3505,9776,3622,9943,3499,10030,3504,10070,3507,10094
503,3505,8692,3622,8859,3499,8946,3504,8986,3507,9010
601,3505,8577,3622,8744,3499,8797,3504,8871,3498,8894
602,3505,7996,3622,8163,3499,8216,3504,8290,3498,8313
F01,3064,10125,3042,10268,3058,10301,3083,10369,3059,10385
F02,3064,9440,3042,9575,3058,9616,3083,9684,3059,9700
F03,3064,8783,3042,8896,3058,8959,3083,9027,3059,9043
F04,3064,8273,3042,8408,3058,8449,3083,8517,3059,8533
G05,3042,8758,3064,8888,3058,9064,3059,9148,3179,9173
G06,3042,8351,3064,8526,3058,8702,3059,8786,3043,8795
G07,3042,7824,3064,7839,3058,8015,3059,8099,3179,8124
H04,3042,11434,3043,11878,3044,12009,3041,12067,3052,12113
H12,3042,13449,3043,13893,3044,14024,3041,14082,3046,14153
H13,3042,13651,3043,14095,3604,14117,3601,14173,3044,14226
H14,3604,13644,3601,13700,3599,13815,3596,13854,3631,14074
H15,3604,13102,3601,13158,3599,13273,3596,13312,3631,13532
H19,3042,11437,3043,11881,3044,12012,3041,12070,3052,12116
S22,3479,9949,3344,10335,3342,10487,3347,10520,3348,10537
S23,3254,8235,3182,8888,3479,9291,3344,9677,3342,9829
S24,3254,7693,3182,8346,3479,8749,398,9119,3344,9135
S25,259,6704,534,6841,427,6852,260,6982,304,7035
S26,259,6045,534,6182,427,6193,260,6323,304,6376
S27,259,5296,534,5433,427,5444,260,5574,304,5627
H06,3042,14573,3043,15017,3044,15148,3041,15206,3052,15252
H07,3042,15074,3043,15518,3044,15649,3041,15707,3052,15753
H08,3042,15836,3043,16280,3044,16411,3041,16469,3052,16515
H09,3042,16377,3043,16821,3044,16952,3041,17010,3052,17056
H10,3042,16925,3043,17369,3044,17500,3041,17558,3052,17604
H11,3042,17408,3043,17852,3044,17983,3041,18041,3052,18087
S18,3479,14116,3344,14502,3342,14654,3347,14687,3348,14704
S19,3254,11924,3182,12577,3479,12980,3344,13366,3342,13518
S20,259,10399,534,10536,427,10547,260,10677,304,10730
S21,259,9293,534,9430,427,9441,260,9571,304,9624
S14,3182,17712,3479,18115,3344,18501,3342,18653,3347,18686
S15,3254,15889,3182,16542,3479,16945,3344,17331,3342,17483
S16,259,14586,534,14723,427,14734,260,14864,304,14917
S17,259,13549,534,13686,427,13697,260,13827,304,13880
S09,259,19279,534,19416,427,19427,260,19557,304,19610
S10,259,18830,534,18967,427,18978,260,19108,304,19161
S11,259,18538,534,18675,427,18686,260,18816,304,18869
S12,259,18275,534,18412,427,18423,260,18553,304,18606
S13,259,17453,534,17590,427,17601,260,17731,304,17784
